feedback_text,created_at,category,source,rating
"hostle mess food is so cold by 7pm, not even eatable seriously :(",2026-07-08 08:23:43,Sports,email,5
digital library terminal mice are sticky and need replacement,2026-07-08 08:25:46,Library,review,2
mess cutlery is often greasy and not cleaned thoroughly,2026-07-08 08:27:21,Cafeteria,email,1
bus frequency during peak evening hours between 5pm-6pm is adequate,2026-07-08 08:29:47,Transportation,feedback form,4
campus security personnel are vigilant and polite at main vehicle checkpost,2026-07-08 08:34:30,Security,survey,5
professors are approachable during designated office consultation hours,2026-07-08 08:49:26,Academics,email,5
mess cutlery is often greasy and not cleaned thoroughly,2026-07-08 09:14:55,Cafeteria,review,1
coffee machine in main canteen was broken for two days,2026-07-08 09:15:54,Cafeteria,support ticket,2
schedule for end semester practical exams overlaps with elective test,2026-07-08 09:19:16,Academics,survey,2
restrooms in ground floor management block need more frequent checks,2026-07-08 09:31:31,Cleanliness,review,2
Continuous wi-fi dropouts while studying on 2nd floor of library,2026-07-08 09:34:30,Library,review,1
late fee penalty policy is too rigid when bank server transactions fail,2026-07-08 09:40:38,Fees,review,2
juice bar offers great healthy options at subsidized student rates,2026-07-08 10:16:45,Cafeteria,feedback form,5
cricket nets require replacement as the netting has torn at several places,2026-07-08 10:19:57,Sports,review,2
badminton court wooden flooring has been maintained in top shape,2026-07-08 10:20:42,Sports,feedback form,5
"Library wifi keeps dropping connection every 10 minutes, cannot study",2026-07-08 10:31:52,Library,feedback form,1
weekend transit schedule should include an extra night service from metro station,2026-07-08 10:52:48,Transportation,email,3
"Hostel Block D has zero Wi-Fi signal in corner rooms, forced to use mobile hotspot.",2026-07-08 10:59:07,Hostel,feedback form,2
faculty feedback process is transparent and taken seriously by HOD,2026-07-08 11:40:42,Academics,feedback form,4
online fee receipt generation is instant and hassle-free,2026-07-08 12:32:25,Fees,email,4
acoustics in the main auditorium were distorted during the musical evening,2026-07-08 12:46:15,Events,survey,3
professors are approachable during designated office consultation hours,2026-07-08 12:51:36,Academics,survey,5
badminton court wooden flooring has been maintained in top shape,2026-07-08 12:51:49,Sports,survey,5
late fee penalty policy is too rigid when bank server transactions fail,2026-07-08 13:12:22,Fees,review,2
restrooms in ground floor management block need more frequent checks,2026-07-08 13:14:46,Cleanliness,review,2
late fee penalty policy is too rigid when bank server transactions fail,2026-07-08 14:30:51,Fees,review,2
online fee receipt generation is instant and hassle-free,2026-07-08 14:33:56,Fees,survey,4
bus frequency during peak evening hours between 5pm-6pm is adequate,2026-07-08 14:40:42,Transportation,support ticket,4
campus security personnel are vigilant and polite at main vehicle checkpost,2026-07-08 15:03:11,Security,survey,5
"street lights near basketball court are flickering, feels unsafe at night",2026-07-08 15:09:31,Security,survey,2
cultural fest organization was seamless and guest lectures were inspiring,2026-07-08 15:09:47,Events,feedback form,5
elevator in engineering block was under maintenance during morning rush,2026-07-08 15:30:48,Facilities,email,2
bus frequency during peak evening hours between 5pm-6pm is adequate,2026-07-08 15:45:19,Transportation,support ticket,4
long queues at student welfare window due to single staff member operating,2026-07-08 16:37:49,Administration,feedback form,2
restrooms in ground floor management block need more frequent checks,2026-07-08 16:57:01,Cleanliness,review,2
campus grounds are kept remarkably green and litter-free,2026-07-08 17:41:16,Cleanliness,survey,5
juice bar offers great healthy options at subsidized student rates,2026-07-08 17:44:29,Cafeteria,support ticket,5
cricket nets require replacement as the netting has torn at several places,2026-07-08 18:49:41,Sports,review,2
"street lights near basketball court are flickering, feels unsafe at night",2026-07-08 18:51:39,Security,support ticket,2
coffee machine in main canteen was broken for two days,2026-07-08 18:52:19,Cafeteria,review,2
campus grounds are kept remarkably green and litter-free,2026-07-08 19:49:53,Cleanliness,survey,5
long queues at student welfare window due to single staff member operating,2026-07-08 20:24:20,Administration,support ticket,2
"street lights near basketball court are flickering, feels unsafe at night",2026-07-08 20:58:42,Security,feedback form,2
"Gym treadmill belt is slipping, safety hazard!! kindly look into this matter.",2026-07-08 21:09:14,Facilities,review,1
campus security personnel are vigilant and polite at main vehicle checkpost,2026-07-08 21:31:38,Security,email,5
acoustics in the main auditorium were distorted during the musical evening,2026-07-08 21:43:38,Events,support ticket,3
"Cafeteria dosa counter service has improved significantly this semester, kudos!",2026-07-08 21:44:43,Cleanliness,email,1
"Plumbing maintenance in block B is very slow, taps are constantly dripping.",2026-07-08 22:13:39,Hostel,review,2
"Plumbing maintenance in block B is very slow, taps are constantly dripping.",2026-07-08 23:08:35,Hostel,feedback form,2
water coolers on third floor are functioning smoothly and chilled,2026-07-08 23:18:23,Facilities,review,4
Air conditioning in seminar hall 2 is leaking water on the front row seats.,2026-07-08 23:22:25,Cafeteria,feedback form,2
restrooms in ground floor management block need more frequent checks,2026-07-08 23:25:23,Cleanliness,support ticket,2
campus security personnel are vigilant and polite at main vehicle checkpost,2026-07-08 23:40:16,Security,survey,5
restrooms in ground floor management block need more frequent checks,2026-07-09 00:55:17,Cleanliness,email,2
lab equipment for digital electronics is outdated and some kits are faulty,2026-07-09 02:20:54,Academics,feedback form,2
need more copies of the latest edition algorithms reference book,2026-07-09 02:24:15,Library,feedback form,3
Central library Wi-Fi connectivity is extremely unstable this week,2026-07-09 02:34:10,Library,review,2
bus frequency during peak evening hours between 5pm-6pm is adequate,2026-07-09 02:34:22,Transportation,email,4
Hot water is rarely available in block A bathrooms during morning hours.,2026-07-09 02:52:10,Hostel,email,2
lab equipment for digital electronics is outdated and some kits are faulty,2026-07-09 03:25:12,Academics,support ticket,2
morning breakfast poha and upma are quite decent and fresh,2026-07-09 03:37:00,Cafeteria,feedback form,4
campus security personnel are vigilant and polite at main vehicle checkpost,2026-07-09 04:22:50,Security,support ticket,5
lab equipment for digital electronics is outdated and some kits are faulty,2026-07-09 04:39:14,Academics,feedback form,2
campus security personnel are vigilant and polite at main vehicle checkpost,2026-07-09 05:16:49,Security,review,5
late fee penalty policy is too rigid when bank server transactions fail,2026-07-09 05:29:46,Fees,support ticket,2
wifi keeps disconnecting in library,2026-07-09 05:38:24,Library,support ticket,1
online fee receipt generation is instant and hassle-free,2026-07-09 06:19:11,Fees,feedback form,4
Central library Wi-Fi connectivity is extremely unstable this week,2026-07-09 06:21:27,Library,survey,2
campus security personnel are vigilant and polite at main vehicle checkpost,2026-07-09 06:26:47,Security,support ticket,5
mess cutlery is often greasy and not cleaned thoroughly,2026-07-09 06:28:30,Cafeteria,email,1
"driver on route 7 drives aggressively on speed breakers, please check",2026-07-09 07:25:02,Transportation,email,2
online fee receipt generation is instant and hassle-free,2026-07-09 07:59:11,Fees,email,4
badminton court wooden flooring has been maintained in top shape,2026-07-09 08:02:52,Sports,support ticket,5
late fee penalty policy is too rigid when bank server transactions fail,2026-07-09 08:18:10,Fees,survey,2
weekend transit schedule should include an extra night service from metro station,2026-07-09 08:19:26,Transportation,support ticket,3
acoustics in the main auditorium were distorted during the musical evening,2026-07-09 08:37:34,Events,support ticket,3
cultural fest organization was seamless and guest lectures were inspiring,2026-07-09 08:52:52,Events,support ticket,5
Fees payment portal debited my account twice!! Kindly revert the amount quickly.,2026-07-09 08:57:25,Fees,email,3
dustbins in cafeteria annex area overflow during lunch rush hours,2026-07-09 09:19:23,Cleanliness,feedback form,2
elevator in engineering block was under maintenance during morning rush,2026-07-09 09:25:53,Facilities,review,2
water coolers on third floor are functioning smoothly and chilled,2026-07-09 09:34:41,Facilities,email,4
schedule for end semester practical exams overlaps with elective test,2026-07-09 09:45:45,Academics,email,2
Air conditioning in seminar hall 2 is leaking water on the front row seats.,2026-07-09 09:58:54,Security,review,1
campus security personnel are vigilant and polite at main vehicle checkpost,2026-07-09 10:04:58,Security,email,5
Library reading room Wi-Fi fails every time more than 20 students join.,2026-07-09 10:33:13,Library,review,1
"food quality is mediocre, especially dinner menu is repetitive",2026-07-09 10:51:57,Cafeteria,survey,2
online fee receipt generation is instant and hassle-free,2026-07-09 10:53:08,Fees,survey,4
cricket nets require replacement as the netting has torn at several places,2026-07-09 11:00:12,Sports,feedback form,2
badminton court wooden flooring has been maintained in top shape,2026-07-09 11:42:26,Sports,feedback form,5
study desks in quiet section are comfortable and well-lit,2026-07-09 12:13:45,Library,feedback form,5
professors are approachable during designated office consultation hours,2026-07-09 12:20:50,Academics,email,5
need more copies of the latest edition algorithms reference book,2026-07-09 12:29:06,Library,review,3
Submission portal timed out during class quiz due to poor lecture hall Wi-Fi.,2026-07-09 12:48:35,Academics,email,2
"Hostel bathroom cleanliness is substandard, cleaning staff does not show up daily.",2026-07-09 13:28:53,Hostel,feedback form,1
digital library terminal mice are sticky and need replacement,2026-07-09 14:03:13,Library,support ticket,2
weekend transit schedule should include an extra night service from metro station,2026-07-09 14:29:34,Transportation,feedback form,3
"transcript request was processed within 2 working days, very impressed",2026-07-09 14:35:34,Administration,support ticket,5
cultural fest organization was seamless and guest lectures were inspiring,2026-07-09 14:55:08,Events,survey,5
online fee receipt generation is instant and hassle-free,2026-07-09 15:14:43,Fees,feedback form,4
"food quality is mediocre, especially dinner menu is repetitive",2026-07-09 15:47:08,Cafeteria,email,2
online fee receipt generation is instant and hassle-free,2026-07-09 15:48:15,Fees,survey,4
campus grounds are kept remarkably green and litter-free,2026-07-09 16:03:46,Cleanliness,support ticket,5
badminton court wooden flooring has been maintained in top shape,2026-07-09 16:04:51,Sports,email,5
cultural fest organization was seamless and guest lectures were inspiring,2026-07-09 16:23:23,Events,survey,5
"transcript request was processed within 2 working days, very impressed",2026-07-09 16:35:08,Administration,review,5
long queues at student welfare window due to single staff member operating,2026-07-09 16:53:24,Administration,feedback form,2
late fee penalty policy is too rigid when bank server transactions fail,2026-07-09 17:01:16,Fees,feedback form,2
digital library terminal mice are sticky and need replacement,2026-07-09 17:28:24,Library,survey,2
"street lights near basketball court are flickering, feels unsafe at night",2026-07-09 17:29:12,Security,survey,2
restrooms in ground floor management block need more frequent checks,2026-07-09 17:47:47,Cleanliness,review,2
campus security personnel are vigilant and polite at main vehicle checkpost,2026-07-09 17:55:37,Security,survey,5
"street lights near basketball court are flickering, feels unsafe at night",2026-07-09 18:33:41,Security,survey,2
need more copies of the latest edition algorithms reference book,2026-07-09 19:06:37,Library,email,3
classroom projectors in block 2 have low lamp brightness,2026-07-09 19:22:47,Facilities,support ticket,2
"Plumbing maintenance in block B is very slow, taps are constantly dripping.",2026-07-09 19:45:44,Hostel,feedback form,1
badminton court wooden flooring has been maintained in top shape,2026-07-09 20:19:58,Sports,review,5
"transcript request was processed within 2 working days, very impressed",2026-07-09 20:26:25,Administration,feedback form,5
digital library terminal mice are sticky and need replacement,2026-07-09 20:36:06,Library,feedback form,2
classroom projectors in block 2 have low lamp brightness,2026-07-09 20:55:59,Facilities,support ticket,2
acoustics in the main auditorium were distorted during the musical evening,2026-07-09 21:24:53,Events,review,3
coffee machine in main canteen was broken for two days,2026-07-09 21:37:17,Cafeteria,feedback form,2
study desks in quiet section are comfortable and well-lit,2026-07-09 21:40:12,Library,survey,5
"transcript request was processed within 2 working days, very impressed",2026-07-09 21:59:14,Administration,support ticket,5
faculty feedback process is transparent and taken seriously by HOD,2026-07-09 22:17:16,Academics,email,4
Wi-Fi is constantly dropping in the central library reading room,2026-07-09 22:53:20,Library,survey,2
weekend transit schedule should include an extra night service from metro station,2026-07-09 22:57:31,Transportation,support ticket,3
faculty feedback process is transparent and taken seriously by HOD,2026-07-09 23:30:39,Academics,support ticket,4
weekend transit schedule should include an extra night service from metro station,2026-07-09 23:57:09,Transportation,feedback form,3
cricket nets require replacement as the netting has torn at several places,2026-07-10 00:29:48,Sports,support ticket,2
cricket nets require replacement as the netting has torn at several places,2026-07-10 00:49:19,Sports,support ticket,2
restrooms in ground floor management block need more frequent checks,2026-07-10 01:44:41,Cleanliness,survey,2
Submission portal timed out during class quiz due to poor lecture hall Wi-Fi.,2026-07-10 01:44:51,Academics,survey,1
campus security personnel are vigilant and polite at main vehicle checkpost,2026-07-10 02:06:46,Security,survey,5
cultural fest organization was seamless and guest lectures were inspiring,2026-07-10 02:28:23,Events,survey,5
"street lights near basketball court are flickering, feels unsafe at night",2026-07-10 02:48:37,Security,support ticket,2
Library staff was very helpful with issuing reference textbooks today.,2026-07-10 03:23:16,Cleanliness,support ticket,1
schedule for end semester practical exams overlaps with elective test,2026-07-10 03:29:25,Academics,survey,2
restrooms in ground floor management block need more frequent checks,2026-07-10 03:37:05,Cleanliness,review,2
acoustics in the main auditorium were distorted during the musical evening,2026-07-10 03:37:13,Events,email,3
Water pressure in 4th floor hostel showers is almost zero in the morning.,2026-07-10 03:40:15,Hostel,survey,2
badminton court wooden flooring has been maintained in top shape,2026-07-10 03:43:30,Sports,survey,5
dustbins in cafeteria annex area overflow during lunch rush hours,2026-07-10 03:55:12,Cleanliness,feedback form,2
long queues at student welfare window due to single staff member operating,2026-07-10 04:52:08,Administration,feedback form,2
restrooms in ground floor management block need more frequent checks,2026-07-10 06:00:44,Cleanliness,email,2
campus grounds are kept remarkably green and litter-free,2026-07-10 06:13:10,Cleanliness,support ticket,5
cricket nets require replacement as the netting has torn at several places,2026-07-10 06:16:09,Sports,support ticket,2
acoustics in the main auditorium were distorted during the musical evening,2026-07-10 06:29:47,Events,feedback form,3
faculty feedback process is transparent and taken seriously by HOD,2026-07-10 07:18:05,Academics,review,4
badminton court wooden flooring has been maintained in top shape,2026-07-10 07:32:26,Sports,support ticket,5
cricket nets require replacement as the netting has torn at several places,2026-07-10 07:45:17,Sports,feedback form,2
cricket nets require replacement as the netting has torn at several places,2026-07-10 08:16:16,Sports,feedback form,2
faculty feedback process is transparent and taken seriously by HOD,2026-07-10 08:16:17,Academics,survey,4
acoustics in the main auditorium were distorted during the musical evening,2026-07-10 08:24:24,Events,feedback form,3
Hostel room switchboards are loose and maintenance hasn't fixed them yet.,2026-07-10 08:35:57,Hostel,review,2
water coolers on third floor are functioning smoothly and chilled,2026-07-10 09:33:34,Facilities,email,4
cricket nets require replacement as the netting has torn at several places,2026-07-10 10:31:10,Sports,review,2
acoustics in the main auditorium were distorted during the musical evening,2026-07-10 12:33:58,Events,survey,3
Central library Wi-Fi connectivity is extremely unstable this week,2026-07-10 12:37:37,Library,survey,1
elevator in engineering block was under maintenance during morning rush,2026-07-10 12:52:19,Facilities,email,2
acoustics in the main auditorium were distorted during the musical evening,2026-07-10 12:56:25,Events,email,3
late fee penalty policy is too rigid when bank server transactions fail,2026-07-10 13:27:37,Fees,support ticket,2
cultural fest organization was seamless and guest lectures were inspiring,2026-07-10 14:09:09,Events,review,5
elevator in engineering block was under maintenance during morning rush,2026-07-10 14:36:01,Facilities,feedback form,2
cricket nets require replacement as the netting has torn at several places,2026-07-10 14:37:45,Sports,review,2
late fee penalty policy is too rigid when bank server transactions fail,2026-07-10 14:47:22,Fees,email,2
"driver on route 7 drives aggressively on speed breakers, please check",2026-07-10 15:32:25,Transportation,email,2
study desks in quiet section are comfortable and well-lit,2026-07-10 15:45:51,Library,review,5
"driver on route 7 drives aggressively on speed breakers, please check",2026-07-10 15:55:33,Transportation,feedback form,2
long queues at student welfare window due to single staff member operating,2026-07-10 16:03:24,Administration,feedback form,2
morning breakfast poha and upma are quite decent and fresh,2026-07-10 16:26:55,Cafeteria,feedback form,4
weekend transit schedule should include an extra night service from metro station,2026-07-10 16:29:36,Transportation,review,3
Air conditioning in seminar hall 2 is leaking water on the front row seats.,2026-07-10 17:34:06,Sports,support ticket,5
"Plumbing maintenance in block B is very slow, taps are constantly dripping.",2026-07-10 17:45:23,Hostel,support ticket,2
campus grounds are kept remarkably green and litter-free,2026-07-10 18:00:08,Cleanliness,feedback form,5
dustbins in cafeteria annex area overflow during lunch rush hours,2026-07-10 18:04:47,Cleanliness,review,2
faculty feedback process is transparent and taken seriously by HOD,2026-07-10 18:05:56,Academics,survey,4
badminton court wooden flooring has been maintained in top shape,2026-07-10 18:06:08,Sports,review,5
Admin staff was extremely rude when I went for fee concession verification.,2026-07-10 18:53:18,Cafeteria,survey,1
weekend transit schedule should include an extra night service from metro station,2026-07-10 19:07:15,Transportation,feedback form,3
study desks in quiet section are comfortable and well-lit,2026-07-10 19:10:34,Library,survey,5
Submission portal timed out during class quiz due to poor lecture hall Wi-Fi.,2026-07-10 19:18:54,Academics,feedback form,2
cultural fest organization was seamless and guest lectures were inspiring,2026-07-10 19:50:23,Events,email,5
"Plumbing maintenance in block B is very slow, taps are constantly dripping.",2026-07-10 20:04:19,Hostel,survey,2
campus security personnel are vigilant and polite at main vehicle checkpost,2026-07-10 20:11:18,Security,feedback form,5
Hostel geysers in block C are still leaking despite repeated complaints.,2026-07-10 20:16:10,Hostel,review,1
cultural fest organization was seamless and guest lectures were inspiring,2026-07-10 20:22:27,Events,survey,5
elevator in engineering block was under maintenance during morning rush,2026-07-10 20:55:43,Facilities,review,2
acoustics in the main auditorium were distorted during the musical evening,2026-07-10 21:02:46,Events,email,3
acoustics in the main auditorium were distorted during the musical evening,2026-07-10 21:05:31,Events,support ticket,3
need more copies of the latest edition algorithms reference book,2026-07-10 21:09:34,Library,email,3
juice bar offers great healthy options at subsidized student rates,2026-07-10 21:10:12,Cafeteria,survey,5
badminton court wooden flooring has been maintained in top shape,2026-07-10 21:25:16,Sports,review,5
cultural fest organization was seamless and guest lectures were inspiring,2026-07-10 21:27:39,Events,feedback form,5
campus grounds are kept remarkably green and litter-free,2026-07-10 21:34:04,Cleanliness,review,5
"driver on route 7 drives aggressively on speed breakers, please check",2026-07-10 22:29:03,Transportation,review,2
study desks in quiet section are comfortable and well-lit,2026-07-10 22:32:17,Library,survey,5
morning breakfast poha and upma are quite decent and fresh,2026-07-10 22:32:30,Cafeteria,support ticket,4
mess cutlery is often greasy and not cleaned thoroughly,2026-07-10 23:18:48,Cafeteria,feedback form,1
elevator in engineering block was under maintenance during morning rush,2026-07-10 23:36:32,Facilities,survey,2
"street lights near basketball court are flickering, feels unsafe at night",2026-07-10 23:43:07,Security,feedback form,2
badminton court wooden flooring has been maintained in top shape,2026-07-10 23:43:54,Sports,support ticket,5
morning breakfast poha and upma are quite decent and fresh,2026-07-10 23:43:55,Cafeteria,feedback form,4
acoustics in the main auditorium were distorted during the musical evening,2026-07-11 00:15:32,Events,feedback form,3
acoustics in the main auditorium were distorted during the musical evening,2026-07-11 00:26:14,Events,survey,3
"driver on route 7 drives aggressively on speed breakers, please check",2026-07-11 00:33:19,Transportation,feedback form,2
cricket nets require replacement as the netting has torn at several places,2026-07-11 00:56:53,Sports,survey,2
long queues at student welfare window due to single staff member operating,2026-07-11 00:59:28,Administration,review,2
elevator in engineering block was under maintenance during morning rush,2026-07-11 01:10:34,Facilities,survey,2
study desks in quiet section are comfortable and well-lit,2026-07-11 01:11:34,Library,email,5
weekend transit schedule should include an extra night service from metro station,2026-07-11 01:15:20,Transportation,support ticket,3
online fee receipt generation is instant and hassle-free,2026-07-11 01:25:38,Fees,review,4
long queues at student welfare window due to single staff member operating,2026-07-11 01:47:38,Administration,survey,2
online fee receipt generation is instant and hassle-free,2026-07-11 01:50:29,Fees,support ticket,4
schedule for end semester practical exams overlaps with elective test,2026-07-11 03:00:52,Academics,review,2
elevator in engineering block was under maintenance during morning rush,2026-07-11 03:02:46,Facilities,review,2
cricket nets require replacement as the netting has torn at several places,2026-07-11 03:08:58,Sports,review,2
Bathroom flush in hostel room 304 not working properly since two weeks.,2026-07-11 03:16:14,Hostel,review,2
elevator in engineering block was under maintenance during morning rush,2026-07-11 03:29:15,Facilities,email,2
badminton court wooden flooring has been maintained in top shape,2026-07-11 03:43:36,Sports,survey,5
schedule for end semester practical exams overlaps with elective test,2026-07-11 04:10:43,Academics,support ticket,2
need more copies of the latest edition algorithms reference book,2026-07-11 04:37:58,Library,review,3
need more copies of the latest edition algorithms reference book,2026-07-11 04:38:43,Library,survey,3
long queues at student welfare window due to single staff member operating,2026-07-11 04:39:37,Administration,review,2
late fee penalty policy is too rigid when bank server transactions fail,2026-07-11 04:42:39,Fees,survey,2
study desks in quiet section are comfortable and well-lit,2026-07-11 04:47:27,Library,survey,5
digital library terminal mice are sticky and need replacement,2026-07-11 04:53:25,Library,email,2
cultural fest organization was seamless and guest lectures were inspiring,2026-07-11 05:07:41,Events,feedback form,5
faculty feedback process is transparent and taken seriously by HOD,2026-07-11 05:15:38,Academics,survey,4
late fee penalty policy is too rigid when bank server transactions fail,2026-07-11 05:40:00,Fees,feedback form,2
schedule for end semester practical exams overlaps with elective test,2026-07-11 05:45:54,Academics,support ticket,2
"transcript request was processed within 2 working days, very impressed",2026-07-11 05:45:54,Administration,feedback form,5
cultural fest organization was seamless and guest lectures were inspiring,2026-07-11 06:42:04,Events,email,5
badminton court wooden flooring has been maintained in top shape,2026-07-11 06:45:41,Sports,survey,5
cricket nets require replacement as the netting has torn at several places,2026-07-11 06:53:55,Sports,feedback form,2
professors are approachable during designated office consultation hours,2026-07-11 07:01:41,Academics,survey,5
lab equipment for digital electronics is outdated and some kits are faulty,2026-07-11 07:09:12,Academics,support ticket,2
late fee penalty policy is too rigid when bank server transactions fail,2026-07-11 08:06:46,Fees,survey,2
Cannot download research papers from library digital section due to no Wi-Fi.,2026-07-11 08:13:09,Library,review,2
Bathroom flush in hostel room 304 not working properly since two weeks.,2026-07-11 08:18:18,Hostel,review,1
"driver on route 7 drives aggressively on speed breakers, please check",2026-07-11 08:39:56,Transportation,email,2
Great workshop conducted by robotics club! Really learned a lot.,2026-07-11 08:41:16,Events,feedback form,5
cultural fest organization was seamless and guest lectures were inspiring,2026-07-11 08:42:04,Events,survey,5
elevator in engineering block was under maintenance during morning rush,2026-07-11 09:41:56,Facilities,survey,2
acoustics in the main auditorium were distorted during the musical evening,2026-07-11 10:08:21,Events,feedback form,3
dustbins in cafeteria annex area overflow during lunch rush hours,2026-07-11 10:38:38,Cleanliness,review,2
campus grounds are kept remarkably green and litter-free,2026-07-11 11:06:01,Cleanliness,support ticket,5
Internet keeps shutting off while researching in the university library,2026-07-11 11:06:08,Library,support ticket,2
"street lights near basketball court are flickering, feels unsafe at night",2026-07-11 11:12:20,Security,support ticket,2
late fee penalty policy is too rigid when bank server transactions fail,2026-07-11 11:41:02,Fees,review,2
campus security personnel are vigilant and polite at main vehicle checkpost,2026-07-11 12:10:55,Security,email,5
online fee receipt generation is instant and hassle-free,2026-07-11 12:24:45,Fees,feedback form,4
campus security personnel are vigilant and polite at main vehicle checkpost,2026-07-11 13:06:23,Security,review,5
elevator in engineering block was under maintenance during morning rush,2026-07-11 14:39:27,Facilities,email,2
classroom projectors in block 2 have low lamp brightness,2026-07-11 14:42:30,Facilities,survey,2
"transcript request was processed within 2 working days, very impressed",2026-07-11 14:44:05,Administration,feedback form,5
campus security personnel are vigilant and polite at main vehicle checkpost,2026-07-11 14:52:32,Security,support ticket,5
water coolers on third floor are functioning smoothly and chilled,2026-07-11 14:57:00,Facilities,feedback form,4
juice bar offers great healthy options at subsidized student rates,2026-07-11 15:19:23,Cafeteria,survey,5
bus frequency during peak evening hours between 5pm-6pm is adequate,2026-07-11 15:29:29,Transportation,feedback form,4
need more copies of the latest edition algorithms reference book,2026-07-11 15:44:41,Library,survey,3
Department lab computers cannot access intranet because academic Wi-Fi is failing.,2026-07-11 16:44:20,Academics,email,1
Department lab computers cannot access intranet because academic Wi-Fi is failing.,2026-07-11 16:55:23,Academics,email,1
professors are approachable during designated office consultation hours,2026-07-11 17:32:20,Academics,review,5
"transcript request was processed within 2 working days, very impressed",2026-07-11 17:51:27,Administration,feedback form,5
cultural fest organization was seamless and guest lectures were inspiring,2026-07-11 18:00:38,Events,survey,5
Department lab computers cannot access intranet because academic Wi-Fi is failing.,2026-07-11 18:17:57,Academics,email,1
online fee receipt generation is instant and hassle-free,2026-07-11 18:51:24,Fees,feedback form,4
cultural fest organization was seamless and guest lectures were inspiring,2026-07-11 18:59:20,Events,support ticket,5
weekend transit schedule should include an extra night service from metro station,2026-07-11 19:34:39,Transportation,feedback form,3
morning breakfast poha and upma are quite decent and fresh,2026-07-11 19:50:31,Cafeteria,email,4
bus frequency during peak evening hours between 5pm-6pm is adequate,2026-07-11 19:53:56,Transportation,email,4
"Gym treadmill belt is slipping, safety hazard!! kindly look into this matter.",2026-07-11 20:01:42,Academics,survey,2
cricket nets require replacement as the netting has torn at several places,2026-07-11 21:10:24,Sports,email,2
long queues at student welfare window due to single staff member operating,2026-07-11 21:18:46,Administration,review,2
long queues at student welfare window due to single staff member operating,2026-07-11 22:08:48,Administration,feedback form,2
bus frequency during peak evening hours between 5pm-6pm is adequate,2026-07-11 22:13:29,Transportation,support ticket,4
Wi-Fi in hostel common room has been down for three days straight.,2026-07-11 23:18:04,Hostel,support ticket,2
cricket nets require replacement as the netting has torn at several places,2026-07-11 23:55:55,Sports,review,2
late fee penalty policy is too rigid when bank server transactions fail,2026-07-12 00:09:48,Fees,support ticket,2
late fee penalty policy is too rigid when bank server transactions fail,2026-07-12 00:57:56,Fees,email,2
Hostel geysers in block C are still leaking despite repeated complaints.,2026-07-12 01:08:44,Hostel,email,2
campus grounds are kept remarkably green and litter-free,2026-07-12 01:22:40,Cleanliness,email,5
weekend transit schedule should include an extra night service from metro station,2026-07-12 02:12:06,Transportation,email,3
Cannot download research papers from library digital section due to no Wi-Fi.,2026-07-12 02:22:11,Library,support ticket,1
restrooms in ground floor management block need more frequent checks,2026-07-12 02:26:24,Cleanliness,support ticket,2
faculty feedback process is transparent and taken seriously by HOD,2026-07-12 02:44:02,Academics,support ticket,4
juice bar offers great healthy options at subsidized student rates,2026-07-12 02:51:18,Cafeteria,review,5
online fee receipt generation is instant and hassle-free,2026-07-12 03:05:16,Fees,support ticket,4
campus security personnel are vigilant and polite at main vehicle checkpost,2026-07-12 03:09:24,Security,survey,5
campus grounds are kept remarkably green and litter-free,2026-07-12 03:22:06,Cleanliness,survey,5
cricket nets require replacement as the netting has torn at several places,2026-07-12 03:52:02,Sports,email,2
"Cleanliness of admin block stairs is pathetic, dust everywhere since monday.",2026-07-12 03:54:44,Transportation,support ticket,4
digital library terminal mice are sticky and need replacement,2026-07-12 03:55:52,Library,support ticket,2
bus frequency during peak evening hours between 5pm-6pm is adequate,2026-07-12 04:38:15,Transportation,review,4
"street lights near basketball court are flickering, feels unsafe at night",2026-07-12 04:53:31,Security,feedback form,2
"street lights near basketball court are flickering, feels unsafe at night",2026-07-12 04:59:19,Security,email,2
online fee receipt generation is instant and hassle-free,2026-07-12 05:03:39,Fees,survey,4
"street lights near basketball court are flickering, feels unsafe at night",2026-07-12 05:05:12,Security,feedback form,2
bus frequency during peak evening hours between 5pm-6pm is adequate,2026-07-12 05:41:14,Transportation,survey,4
schedule for end semester practical exams overlaps with elective test,2026-07-12 06:00:11,Academics,support ticket,2
long queues at student welfare window due to single staff member operating,2026-07-12 06:05:58,Administration,feedback form,2
Fees payment portal debited my account twice!! Kindly revert the amount quickly.,2026-07-12 06:11:06,Sports,feedback form,2
bus frequency during peak evening hours between 5pm-6pm is adequate,2026-07-12 06:13:36,Transportation,support ticket,4
classroom projectors in block 2 have low lamp brightness,2026-07-12 06:16:07,Facilities,feedback form,2
professors are approachable during designated office consultation hours,2026-07-12 07:34:40,Academics,feedback form,5
Wi-Fi keeps kicking devices off the network every few minutes.,2026-07-12 07:35:23,Wi-Fi/Internet,email,1
professors are approachable during designated office consultation hours,2026-07-12 07:37:03,Academics,survey,5
online fee receipt generation is instant and hassle-free,2026-07-12 07:39:28,Fees,review,4
wfi in cafetaria is totally not working yaar... plz do the needful ASAP!!,2026-07-12 09:20:18,Events,email,4
Drainage in ground floor washroom gets clogged every few days.,2026-07-12 09:28:05,Hostel,support ticket,1
schedule for end semester practical exams overlaps with elective test,2026-07-12 09:32:21,Academics,email,2
"transcript request was processed within 2 working days, very impressed",2026-07-12 09:34:17,Administration,feedback form,5
"transcript request was processed within 2 working days, very impressed",2026-07-12 09:47:45,Administration,review,5
acoustics in the main auditorium were distorted during the musical evening,2026-07-12 09:51:05,Events,email,3
bus frequency during peak evening hours between 5pm-6pm is adequate,2026-07-12 10:14:11,Transportation,email,4
badminton court wooden flooring has been maintained in top shape,2026-07-12 10:18:53,Sports,survey,5
classroom projectors in block 2 have low lamp brightness,2026-07-12 10:24:35,Facilities,support ticket,2
need more copies of the latest edition algorithms reference book,2026-07-12 10:31:53,Library,support ticket,3
need more copies of the latest edition algorithms reference book,2026-07-12 10:36:39,Library,review,3
morning breakfast poha and upma are quite decent and fresh,2026-07-12 10:47:13,Cafeteria,review,4
dustbins in cafeteria annex area overflow during lunch rush hours,2026-07-12 10:55:01,Cleanliness,survey,2
"street lights near basketball court are flickering, feels unsafe at night",2026-07-12 10:56:18,Security,feedback form,2
campus security personnel are vigilant and polite at main vehicle checkpost,2026-07-12 11:20:21,Security,feedback form,5
need more copies of the latest edition algorithms reference book,2026-07-12 11:54:21,Library,support ticket,3
faculty feedback process is transparent and taken seriously by HOD,2026-07-12 12:22:29,Academics,support ticket,4
cultural fest organization was seamless and guest lectures were inspiring,2026-07-12 13:00:19,Events,review,5
Water pressure in 4th floor hostel showers is almost zero in the morning.,2026-07-12 13:14:48,Hostel,email,1
study desks in quiet section are comfortable and well-lit,2026-07-12 14:05:14,Library,feedback form,5
restrooms in ground floor management block need more frequent checks,2026-07-12 14:33:23,Cleanliness,survey,2
dustbins in cafeteria annex area overflow during lunch rush hours,2026-07-12 14:34:14,Cleanliness,review,2
bus frequency during peak evening hours between 5pm-6pm is adequate,2026-07-12 15:29:44,Transportation,feedback form,4
classroom projectors in block 2 have low lamp brightness,2026-07-12 15:36:44,Facilities,feedback form,2
Library reading room Wi-Fi fails every time more than 20 students join.,2026-07-12 15:57:53,Library,feedback form,2
dustbins in cafeteria annex area overflow during lunch rush hours,2026-07-12 16:07:03,Cleanliness,email,2
bus frequency during peak evening hours between 5pm-6pm is adequate,2026-07-12 16:12:24,Transportation,feedback form,4
cultural fest organization was seamless and guest lectures were inspiring,2026-07-12 16:14:08,Events,support ticket,5
bus frequency during peak evening hours between 5pm-6pm is adequate,2026-07-12 16:14:29,Transportation,review,4
"transcript request was processed within 2 working days, very impressed",2026-07-12 17:04:43,Administration,email,5
need more copies of the latest edition algorithms reference book,2026-07-12 17:08:01,Library,support ticket,3
study desks in quiet section are comfortable and well-lit,2026-07-12 17:20:00,Library,review,5
lab equipment for digital electronics is outdated and some kits are faulty,2026-07-12 17:27:37,Academics,support ticket,2
Hot water is rarely available in block A bathrooms during morning hours.,2026-07-12 17:39:56,Hostel,support ticket,2
study desks in quiet section are comfortable and well-lit,2026-07-12 17:43:06,Library,review,5
"transcript request was processed within 2 working days, very impressed",2026-07-12 18:17:05,Administration,support ticket,5
late fee penalty policy is too rigid when bank server transactions fail,2026-07-12 18:46:03,Fees,support ticket,2
Wi-Fi is constantly dropping in the central library reading room,2026-07-12 19:03:17,Library,feedback form,1
bus frequency during peak evening hours between 5pm-6pm is adequate,2026-07-12 19:28:07,Transportation,support ticket,4
professors are approachable during designated office consultation hours,2026-07-12 19:30:48,Academics,survey,5
cultural fest organization was seamless and guest lectures were inspiring,2026-07-12 19:38:33,Events,email,5
weekend transit schedule should include an extra night service from metro station,2026-07-12 21:15:40,Transportation,support ticket,3
elevator in engineering block was under maintenance during morning rush,2026-07-12 21:26:08,Facilities,email,2
Admin staff was extremely rude when I went for fee concession verification.,2026-07-12 21:28:15,Administration,feedback form,3
mess cutlery is often greasy and not cleaned thoroughly,2026-07-12 21:37:58,Cafeteria,support ticket,1
elevator in engineering block was under maintenance during morning rush,2026-07-12 22:12:15,Facilities,survey,2
long queues at student welfare window due to single staff member operating,2026-07-12 22:39:45,Administration,email,2
"street lights near basketball court are flickering, feels unsafe at night",2026-07-12 23:22:48,Security,support ticket,2
morning breakfast poha and upma are quite decent and fresh,2026-07-12 23:27:42,Cafeteria,survey,4
"transcript request was processed within 2 working days, very impressed",2026-07-12 23:44:44,Administration,survey,5
Library staff was very helpful with issuing reference textbooks today.,2026-07-13 00:23:44,Hostel,feedback form,4
acoustics in the main auditorium were distorted during the musical evening,2026-07-13 00:31:08,Events,support ticket,3
badminton court wooden flooring has been maintained in top shape,2026-07-13 00:39:02,Sports,review,5
Air conditioning in seminar hall 2 is leaking water on the front row seats.,2026-07-13 01:10:48,Administration,email,4
late fee penalty policy is too rigid when bank server transactions fail,2026-07-13 01:26:16,Fees,support ticket,2
water coolers on third floor are functioning smoothly and chilled,2026-07-13 02:01:23,Facilities,feedback form,4
Submission portal timed out during class quiz due to poor lecture hall Wi-Fi.,2026-07-13 02:51:22,Academics,feedback form,2
Cannot download research papers from library digital section due to no Wi-Fi.,2026-07-13 03:39:32,Library,email,2
cricket nets require replacement as the netting has torn at several places,2026-07-13 03:42:56,Sports,survey,2
restrooms in ground floor management block need more frequent checks,2026-07-13 04:00:09,Cleanliness,feedback form,2
online fee receipt generation is instant and hassle-free,2026-07-13 04:12:32,Fees,survey,4
Bathroom flush in hostel room 304 not working properly since two weeks.,2026-07-13 05:01:02,Hostel,survey,2
Air conditioning in seminar hall 2 is leaking water on the front row seats.,2026-07-13 05:19:32,Academics,email,4
Hostel room switchboards are loose and maintenance hasn't fixed them yet.,2026-07-13 05:51:23,Hostel,review,1
long queues at student welfare window due to single staff member operating,2026-07-13 06:47:37,Administration,email,2
restrooms in ground floor management block need more frequent checks,2026-07-13 06:49:20,Cleanliness,feedback form,2
badminton court wooden flooring has been maintained in top shape,2026-07-13 07:17:40,Sports,email,5
bus frequency during peak evening hours between 5pm-6pm is adequate,2026-07-13 07:38:43,Transportation,survey,4
Drainage in ground floor washroom gets clogged every few days.,2026-07-13 07:52:40,Hostel,email,2
acoustics in the main auditorium were distorted during the musical evening,2026-07-13 08:11:32,Events,review,3
late fee penalty policy is too rigid when bank server transactions fail,2026-07-13 08:16:58,Fees,email,2
bus frequency during peak evening hours between 5pm-6pm is adequate,2026-07-13 08:53:05,Transportation,email,4
online fee receipt generation is instant and hassle-free,2026-07-13 09:11:40,Fees,support ticket,4
restrooms in ground floor management block need more frequent checks,2026-07-13 09:17:24,Cleanliness,email,2
online fee receipt generation is instant and hassle-free,2026-07-13 09:25:04,Fees,review,4
elevator in engineering block was under maintenance during morning rush,2026-07-13 09:38:31,Facilities,feedback form,2
late fee penalty policy is too rigid when bank server transactions fail,2026-07-13 09:46:25,Fees,survey,2
"transcript request was processed within 2 working days, very impressed",2026-07-13 10:13:57,Administration,review,5
need more copies of the latest edition algorithms reference book,2026-07-13 10:23:16,Library,feedback form,3
need more copies of the latest edition algorithms reference book,2026-07-13 10:29:18,Library,feedback form,3
"Plumbing maintenance in block B is very slow, taps are constantly dripping.",2026-07-13 10:35:14,Hostel,review,1
campus security personnel are vigilant and polite at main vehicle checkpost,2026-07-13 10:55:21,Security,support ticket,5
campus security personnel are vigilant and polite at main vehicle checkpost,2026-07-13 10:58:22,Security,feedback form,5
late fee penalty policy is too rigid when bank server transactions fail,2026-07-13 11:11:00,Fees,review,2
elevator in engineering block was under maintenance during morning rush,2026-07-13 11:14:19,Facilities,feedback form,2
"driver on route 7 drives aggressively on speed breakers, please check",2026-07-13 11:15:58,Transportation,review,2
campus grounds are kept remarkably green and litter-free,2026-07-13 11:35:04,Cleanliness,review,5
cricket nets require replacement as the netting has torn at several places,2026-07-13 11:51:53,Sports,support ticket,2
late fee penalty policy is too rigid when bank server transactions fail,2026-07-13 12:06:08,Fees,review,2
faculty feedback process is transparent and taken seriously by HOD,2026-07-13 12:40:19,Academics,survey,4
campus security personnel are vigilant and polite at main vehicle checkpost,2026-07-13 12:45:07,Security,review,5
weekend transit schedule should include an extra night service from metro station,2026-07-13 13:20:41,Transportation,email,3
professors are approachable during designated office consultation hours,2026-07-13 13:21:47,Academics,review,5
coffee machine in main canteen was broken for two days,2026-07-13 13:25:20,Cafeteria,email,2
late fee penalty policy is too rigid when bank server transactions fail,2026-07-13 13:53:36,Fees,support ticket,2
Wi-Fi in hostel common room has been down for three days straight.,2026-07-13 13:58:24,Hostel,review,1
faculty feedback process is transparent and taken seriously by HOD,2026-07-13 14:01:23,Academics,feedback form,4
cricket nets require replacement as the netting has torn at several places,2026-07-13 14:34:58,Sports,review,2
late fee penalty policy is too rigid when bank server transactions fail,2026-07-13 14:35:17,Fees,survey,2
elevator in engineering block was under maintenance during morning rush,2026-07-13 15:01:13,Facilities,support ticket,2
"Library wifi keeps dropping connection every 10 minutes, cannot study",2026-07-13 15:09:19,Library,feedback form,2
classroom projectors in block 2 have low lamp brightness,2026-07-13 15:40:02,Facilities,feedback form,2
digital library terminal mice are sticky and need replacement,2026-07-13 15:58:43,Library,survey,2
late fee penalty policy is too rigid when bank server transactions fail,2026-07-13 16:18:29,Fees,survey,2
"transcript request was processed within 2 working days, very impressed",2026-07-13 16:25:42,Administration,review,5
lab equipment for digital electronics is outdated and some kits are faulty,2026-07-13 16:30:39,Academics,email,2
dustbins in cafeteria annex area overflow during lunch rush hours,2026-07-13 16:52:32,Cleanliness,review,2
morning breakfast poha and upma are quite decent and fresh,2026-07-13 16:59:24,Cafeteria,email,4
lab equipment for digital electronics is outdated and some kits are faulty,2026-07-13 17:24:21,Academics,survey,2
need more copies of the latest edition algorithms reference book,2026-07-13 18:09:40,Library,survey,3
study desks in quiet section are comfortable and well-lit,2026-07-13 18:10:35,Library,review,5
professors are approachable during designated office consultation hours,2026-07-13 19:15:42,Academics,feedback form,5
campus grounds are kept remarkably green and litter-free,2026-07-13 20:28:12,Cleanliness,review,5
cultural fest organization was seamless and guest lectures were inspiring,2026-07-13 20:32:40,Events,email,5
faculty feedback process is transparent and taken seriously by HOD,2026-07-13 20:32:54,Academics,review,4
dustbins in cafeteria annex area overflow during lunch rush hours,2026-07-13 20:35:37,Cleanliness,feedback form,2
lab equipment for digital electronics is outdated and some kits are faulty,2026-07-13 21:05:45,Academics,support ticket,2
online fee receipt generation is instant and hassle-free,2026-07-13 21:26:00,Fees,support ticket,4
campus security personnel are vigilant and polite at main vehicle checkpost,2026-07-13 21:52:32,Security,review,5
"Hostel warden resolved the water cooler issue promptly, thank you.",2026-07-13 21:53:54,Cafeteria,feedback form,4
late fee penalty policy is too rigid when bank server transactions fail,2026-07-13 22:42:23,Fees,feedback form,2
professors are approachable during designated office consultation hours,2026-07-13 23:01:18,Academics,email,5
"Hostel Block D has zero Wi-Fi signal in corner rooms, forced to use mobile hotspot.",2026-07-13 23:10:53,Hostel,feedback form,2
cultural fest organization was seamless and guest lectures were inspiring,2026-07-14 00:30:45,Events,support ticket,5
Cannot download research papers from library digital section due to no Wi-Fi.,2026-07-14 00:31:38,Library,email,2
"Plumbing maintenance in block B is very slow, taps are constantly dripping.",2026-07-14 00:37:49,Hostel,feedback form,1
faculty feedback process is transparent and taken seriously by HOD,2026-07-14 00:39:33,Academics,email,4
Bathroom flush in hostel room 304 not working properly since two weeks.,2026-07-14 01:11:08,Hostel,survey,1
acoustics in the main auditorium were distorted during the musical evening,2026-07-14 01:16:44,Events,review,3
study desks in quiet section are comfortable and well-lit,2026-07-14 01:26:17,Library,support ticket,5
Central library Wi-Fi connectivity is extremely unstable this week,2026-07-14 02:18:49,Library,email,2
"street lights near basketball court are flickering, feels unsafe at night",2026-07-14 02:49:31,Security,review,2
"Plumbing maintenance in block B is very slow, taps are constantly dripping.",2026-07-14 02:58:00,Hostel,support ticket,2
campus grounds are kept remarkably green and litter-free,2026-07-14 03:02:53,Cleanliness,support ticket,5
"transcript request was processed within 2 working days, very impressed",2026-07-14 03:32:03,Administration,support ticket,5
need more copies of the latest edition algorithms reference book,2026-07-14 03:37:50,Library,feedback form,3
"street lights near basketball court are flickering, feels unsafe at night",2026-07-14 03:41:01,Security,email,2
elevator in engineering block was under maintenance during morning rush,2026-07-14 03:56:48,Facilities,review,2
long queues at student welfare window due to single staff member operating,2026-07-14 04:28:38,Administration,survey,2
digital library terminal mice are sticky and need replacement,2026-07-14 04:31:48,Library,email,2
acoustics in the main auditorium were distorted during the musical evening,2026-07-14 04:45:05,Events,survey,3
weekend transit schedule should include an extra night service from metro station,2026-07-14 05:07:18,Transportation,email,3
"street lights near basketball court are flickering, feels unsafe at night",2026-07-14 05:16:57,Security,email,2
coffee machine in main canteen was broken for two days,2026-07-14 05:24:38,Cafeteria,support ticket,2
"transcript request was processed within 2 working days, very impressed",2026-07-14 05:27:07,Administration,feedback form,5
Water pressure in 4th floor hostel showers is almost zero in the morning.,2026-07-14 05:44:00,Hostel,feedback form,2
"Hostel Block D has zero Wi-Fi signal in corner rooms, forced to use mobile hotspot.",2026-07-14 06:05:29,Hostel,support ticket,2
water coolers on third floor are functioning smoothly and chilled,2026-07-14 06:16:18,Facilities,email,4
late fee penalty policy is too rigid when bank server transactions fail,2026-07-14 06:46:53,Fees,review,2
long queues at student welfare window due to single staff member operating,2026-07-14 06:57:18,Administration,survey,2
schedule for end semester practical exams overlaps with elective test,2026-07-14 07:16:00,Academics,email,2
badminton court wooden flooring has been maintained in top shape,2026-07-14 07:20:55,Sports,feedback form,5
late fee penalty policy is too rigid when bank server transactions fail,2026-07-14 07:22:31,Fees,survey,2
lab equipment for digital electronics is outdated and some kits are faulty,2026-07-14 07:35:02,Academics,support ticket,2
cultural fest organization was seamless and guest lectures were inspiring,2026-07-14 08:12:08,Events,feedback form,5
late fee penalty policy is too rigid when bank server transactions fail,2026-07-14 08:29:35,Fees,feedback form,2
dustbins in cafeteria annex area overflow during lunch rush hours,2026-07-14 09:22:23,Cleanliness,support ticket,2
campus security personnel are vigilant and polite at main vehicle checkpost,2026-07-14 09:25:37,Security,survey,5
"Cleanliness of admin block stairs is pathetic, dust everywhere since monday.",2026-07-14 10:28:37,Transportation,review,1
study desks in quiet section are comfortable and well-lit,2026-07-14 10:36:14,Library,email,5
long queues at student welfare window due to single staff member operating,2026-07-14 10:47:00,Administration,feedback form,2
badminton court wooden flooring has been maintained in top shape,2026-07-14 11:33:02,Sports,review,5
"Cleanliness of admin block stairs is pathetic, dust everywhere since monday.",2026-07-14 11:35:01,Fees,support ticket,1
"transcript request was processed within 2 working days, very impressed",2026-07-14 11:57:42,Administration,feedback form,5
Library reading room Wi-Fi fails every time more than 20 students join.,2026-07-14 12:45:04,Library,support ticket,2
"Cleanliness of admin block stairs is pathetic, dust everywhere since monday.",2026-07-14 13:19:05,Academics,support ticket,1
"Hostel bathroom cleanliness is substandard, cleaning staff does not show up daily.",2026-07-14 13:39:50,Hostel,feedback form,2
badminton court wooden flooring has been maintained in top shape,2026-07-14 13:45:04,Sports,survey,5
online fee receipt generation is instant and hassle-free,2026-07-14 14:07:37,Fees,feedback form,4
badminton court wooden flooring has been maintained in top shape,2026-07-14 14:34:05,Sports,review,5
badminton court wooden flooring has been maintained in top shape,2026-07-14 14:45:00,Sports,feedback form,5
badminton court wooden flooring has been maintained in top shape,2026-07-14 14:54:05,Sports,review,5
morning breakfast poha and upma are quite decent and fresh,2026-07-14 15:01:29,Cafeteria,email,4
study desks in quiet section are comfortable and well-lit,2026-07-14 15:31:36,Library,feedback form,5
"driver on route 7 drives aggressively on speed breakers, please check",2026-07-14 15:44:14,Transportation,email,2
faculty feedback process is transparent and taken seriously by HOD,2026-07-14 16:17:51,Academics,survey,4
classroom projectors in block 2 have low lamp brightness,2026-07-14 16:25:21,Facilities,support ticket,2
Fees payment portal debited my account twice!! Kindly revert the amount quickly.,2026-07-14 16:33:37,Fees,review,4
"Plumbing maintenance in block B is very slow, taps are constantly dripping.",2026-07-14 17:03:02,Hostel,support ticket,2
faculty feedback process is transparent and taken seriously by HOD,2026-07-14 17:18:08,Academics,email,4
Internet in common areas is completely unusable after the recent router update.,2026-07-14 17:35:08,Wi-Fi/Internet,survey,1
late fee penalty policy is too rigid when bank server transactions fail,2026-07-14 17:49:44,Fees,email,2
"food quality is mediocre, especially dinner menu is repetitive",2026-07-14 17:55:12,Cafeteria,support ticket,2
campus security personnel are vigilant and polite at main vehicle checkpost,2026-07-14 17:55:50,Security,email,5
need more copies of the latest edition algorithms reference book,2026-07-14 18:17:15,Library,survey,3
restrooms in ground floor management block need more frequent checks,2026-07-14 18:18:34,Cleanliness,survey,2
lab equipment for digital electronics is outdated and some kits are faulty,2026-07-14 18:33:00,Academics,feedback form,2
"driver on route 7 drives aggressively on speed breakers, please check",2026-07-14 19:03:51,Transportation,feedback form,2
water coolers on third floor are functioning smoothly and chilled,2026-07-14 20:06:39,Facilities,feedback form,4
"transcript request was processed within 2 working days, very impressed",2026-07-14 20:08:06,Administration,review,5
"Hostel Block D has zero Wi-Fi signal in corner rooms, forced to use mobile hotspot.",2026-07-14 20:08:57,Hostel,feedback form,2
mess cutlery is often greasy and not cleaned thoroughly,2026-07-14 20:13:59,Cafeteria,review,1
Hostel geysers in block C are still leaking despite repeated complaints.,2026-07-14 20:25:55,Hostel,survey,1
morning breakfast poha and upma are quite decent and fresh,2026-07-14 20:27:08,Cafeteria,email,4
"wifi disconnect issue in reading hall again and again, plz fix ASAP",2026-07-14 20:31:39,Library,survey,1
acoustics in the main auditorium were distorted during the musical evening,2026-07-14 20:44:59,Events,feedback form,3
restrooms in ground floor management block need more frequent checks,2026-07-14 21:24:46,Cleanliness,review,2
restrooms in ground floor management block need more frequent checks,2026-07-14 21:40:29,Cleanliness,survey,2
cricket nets require replacement as the netting has torn at several places,2026-07-14 21:46:20,Sports,email,2
Library reading room Wi-Fi fails every time more than 20 students join.,2026-07-14 21:58:23,Library,support ticket,1
"transcript request was processed within 2 working days, very impressed",2026-07-14 22:01:05,Administration,review,5
study desks in quiet section are comfortable and well-lit,2026-07-14 22:12:21,Library,survey,5
coffee machine in main canteen was broken for two days,2026-07-14 22:20:22,Cafeteria,survey,2
need more copies of the latest edition algorithms reference book,2026-07-14 22:20:29,Library,survey,3
morning breakfast poha and upma are quite decent and fresh,2026-07-14 22:21:42,Cafeteria,email,4
late fee penalty policy is too rigid when bank server transactions fail,2026-07-14 22:56:27,Fees,feedback form,2
campus security personnel are vigilant and polite at main vehicle checkpost,2026-07-14 23:23:32,Security,feedback form,5
wifi keeps disconnecting in library,2026-07-14 23:24:38,Library,email,1
study desks in quiet section are comfortable and well-lit,2026-07-14 23:31:57,Library,support ticket,5
schedule for end semester practical exams overlaps with elective test,2026-07-14 23:49:32,Academics,survey,2
"Plumbing maintenance in block B is very slow, taps are constantly dripping.",2026-07-15 01:16:36,Hostel,review,2
"street lights near basketball court are flickering, feels unsafe at night",2026-07-15 01:24:12,Security,review,2
Hot water is rarely available in block A bathrooms during morning hours.,2026-07-15 02:04:30,Hostel,review,2
professors are approachable during designated office consultation hours,2026-07-15 02:08:09,Academics,support ticket,5
"Plumbing maintenance in block B is very slow, taps are constantly dripping.",2026-07-15 02:08:44,Hostel,survey,1
Drainage in ground floor washroom gets clogged every few days.,2026-07-15 02:40:09,Hostel,feedback form,2
"food quality is mediocre, especially dinner menu is repetitive",2026-07-15 02:44:39,Cafeteria,feedback form,2
study desks in quiet section are comfortable and well-lit,2026-07-15 02:50:16,Library,support ticket,5
digital library terminal mice are sticky and need replacement,2026-07-15 04:00:13,Library,feedback form,2
water coolers on third floor are functioning smoothly and chilled,2026-07-15 04:00:58,Facilities,review,4
"street lights near basketball court are flickering, feels unsafe at night",2026-07-15 04:03:00,Security,survey,2
acoustics in the main auditorium were distorted during the musical evening,2026-07-15 04:04:21,Events,feedback form,3
online fee receipt generation is instant and hassle-free,2026-07-15 04:20:01,Fees,survey,4
restrooms in ground floor management block need more frequent checks,2026-07-15 04:44:22,Cleanliness,support ticket,2
cultural fest organization was seamless and guest lectures were inspiring,2026-07-15 05:08:00,Events,review,5
professors are approachable during designated office consultation hours,2026-07-15 05:14:18,Academics,survey,5
Bathroom flush in hostel room 304 not working properly since two weeks.,2026-07-15 05:51:39,Hostel,support ticket,1
professors are approachable during designated office consultation hours,2026-07-15 06:13:31,Academics,feedback form,5
late fee penalty policy is too rigid when bank server transactions fail,2026-07-15 06:21:29,Fees,support ticket,2
"Plumbing maintenance in block B is very slow, taps are constantly dripping.",2026-07-15 06:22:47,Hostel,email,1
restrooms in ground floor management block need more frequent checks,2026-07-15 06:27:22,Cleanliness,email,2
long queues at student welfare window due to single staff member operating,2026-07-15 07:21:36,Administration,support ticket,2
campus security personnel are vigilant and polite at main vehicle checkpost,2026-07-15 07:41:27,Security,email,5
campus grounds are kept remarkably green and litter-free,2026-07-15 07:53:08,Cleanliness,feedback form,5
"Hostel bathroom cleanliness is substandard, cleaning staff does not show up daily.",2026-07-15 07:56:53,Hostel,survey,2
late fee penalty policy is too rigid when bank server transactions fail,2026-07-15 08:14:11,Fees,review,2
water coolers on third floor are functioning smoothly and chilled,2026-07-15 08:15:13,Facilities,feedback form,4
long queues at student welfare window due to single staff member operating,2026-07-15 08:40:17,Administration,support ticket,2
Hot water is rarely available in block A bathrooms during morning hours.,2026-07-15 09:02:15,Hostel,feedback form,1
lab equipment for digital electronics is outdated and some kits are faulty,2026-07-15 09:10:46,Academics,review,2
weekend transit schedule should include an extra night service from metro station,2026-07-15 09:15:51,Transportation,support ticket,3
"transcript request was processed within 2 working days, very impressed",2026-07-15 09:46:52,Administration,survey,5
cricket nets require replacement as the netting has torn at several places,2026-07-15 09:49:35,Sports,email,2
"driver on route 7 drives aggressively on speed breakers, please check",2026-07-15 10:01:02,Transportation,review,2
need more copies of the latest edition algorithms reference book,2026-07-15 10:35:55,Library,survey,3
Bathroom flush in hostel room 304 not working properly since two weeks.,2026-07-15 10:42:35,Hostel,email,2
acoustics in the main auditorium were distorted during the musical evening,2026-07-15 11:04:27,Events,support ticket,3
"street lights near basketball court are flickering, feels unsafe at night",2026-07-15 11:51:21,Security,feedback form,2
bus frequency during peak evening hours between 5pm-6pm is adequate,2026-07-15 12:05:24,Transportation,email,4
late fee penalty policy is too rigid when bank server transactions fail,2026-07-15 13:12:55,Fees,support ticket,2
bus frequency during peak evening hours between 5pm-6pm is adequate,2026-07-15 13:27:31,Transportation,review,4
acoustics in the main auditorium were distorted during the musical evening,2026-07-15 14:21:10,Events,feedback form,3
Water pressure in 4th floor hostel showers is almost zero in the morning.,2026-07-15 14:21:44,Hostel,support ticket,2
"Hostel Block D has zero Wi-Fi signal in corner rooms, forced to use mobile hotspot.",2026-07-15 14:43:58,Hostel,survey,1
digital library terminal mice are sticky and need replacement,2026-07-15 14:45:31,Library,feedback form,2
elevator in engineering block was under maintenance during morning rush,2026-07-15 14:51:39,Facilities,email,2
restrooms in ground floor management block need more frequent checks,2026-07-15 14:53:30,Cleanliness,survey,2
morning breakfast poha and upma are quite decent and fresh,2026-07-15 15:10:43,Cafeteria,survey,4
"transcript request was processed within 2 working days, very impressed",2026-07-15 15:30:39,Administration,support ticket,5
bus frequency during peak evening hours between 5pm-6pm is adequate,2026-07-15 16:34:46,Transportation,support ticket,4
bus frequency during peak evening hours between 5pm-6pm is adequate,2026-07-15 16:56:31,Transportation,survey,4
Hostel geysers in block C are still leaking despite repeated complaints.,2026-07-15 17:58:36,Hostel,email,1
Library staff was very helpful with issuing reference textbooks today.,2026-07-15 18:10:12,Hostel,survey,5
"street lights near basketball court are flickering, feels unsafe at night",2026-07-15 18:20:31,Security,survey,2
"driver on route 7 drives aggressively on speed breakers, please check",2026-07-15 19:00:18,Transportation,feedback form,2
"driver on route 7 drives aggressively on speed breakers, please check",2026-07-15 19:02:22,Transportation,survey,2
digital library terminal mice are sticky and need replacement,2026-07-15 19:22:10,Library,survey,2
juice bar offers great healthy options at subsidized student rates,2026-07-15 19:34:30,Cafeteria,feedback form,5
"Terrible network latency on campus Wi-Fi, even Google searches fail to load.",2026-07-15 19:48:27,Wi-Fi/Internet,survey,1
acoustics in the main auditorium were distorted during the musical evening,2026-07-15 20:15:17,Events,review,3
cricket nets require replacement as the netting has torn at several places,2026-07-15 20:18:42,Sports,review,2
campus grounds are kept remarkably green and litter-free,2026-07-15 20:35:54,Cleanliness,survey,5
cultural fest organization was seamless and guest lectures were inspiring,2026-07-15 20:59:37,Events,survey,5
"street lights near basketball court are flickering, feels unsafe at night",2026-07-15 21:18:25,Security,survey,2
Central library Wi-Fi connectivity is extremely unstable this week,2026-07-15 21:29:24,Library,survey,1
lab equipment for digital electronics is outdated and some kits are faulty,2026-07-15 21:47:31,Academics,survey,2
late fee penalty policy is too rigid when bank server transactions fail,2026-07-15 21:56:38,Fees,email,2
acoustics in the main auditorium were distorted during the musical evening,2026-07-15 22:02:27,Events,support ticket,3
restrooms in ground floor management block need more frequent checks,2026-07-15 22:08:11,Cleanliness,feedback form,2
restrooms in ground floor management block need more frequent checks,2026-07-15 22:42:09,Cleanliness,support ticket,2
bus frequency during peak evening hours between 5pm-6pm is adequate,2026-07-15 22:47:33,Transportation,email,4
mess cutlery is often greasy and not cleaned thoroughly,2026-07-15 22:51:56,Cafeteria,support ticket,1
online fee receipt generation is instant and hassle-free,2026-07-15 23:30:26,Fees,review,4
weekend transit schedule should include an extra night service from metro station,2026-07-16 00:14:22,Transportation,survey,3
badminton court wooden flooring has been maintained in top shape,2026-07-16 00:26:05,Sports,review,5
cultural fest organization was seamless and guest lectures were inspiring,2026-07-16 01:01:36,Events,review,5
schedule for end semester practical exams overlaps with elective test,2026-07-16 01:11:23,Academics,survey,2
long queues at student welfare window due to single staff member operating,2026-07-16 01:37:42,Administration,email,2
campus security personnel are vigilant and polite at main vehicle checkpost,2026-07-16 01:41:28,Security,support ticket,5
long queues at student welfare window due to single staff member operating,2026-07-16 01:52:15,Administration,feedback form,2
Bathroom flush in hostel room 304 not working properly since two weeks.,2026-07-16 01:55:43,Hostel,survey,2
water coolers on third floor are functioning smoothly and chilled,2026-07-16 01:58:13,Facilities,feedback form,4
badminton court wooden flooring has been maintained in top shape,2026-07-16 02:18:46,Sports,support ticket,5
"street lights near basketball court are flickering, feels unsafe at night",2026-07-16 02:46:44,Security,review,2
campus security personnel are vigilant and polite at main vehicle checkpost,2026-07-16 02:58:57,Security,review,5
Hostel room switchboards are loose and maintenance hasn't fixed them yet.,2026-07-16 04:15:19,Hostel,email,1
schedule for end semester practical exams overlaps with elective test,2026-07-16 04:53:27,Academics,feedback form,2
online fee receipt generation is instant and hassle-free,2026-07-16 05:05:25,Fees,email,4
study desks in quiet section are comfortable and well-lit,2026-07-16 05:06:22,Library,survey,5
dustbins in cafeteria annex area overflow during lunch rush hours,2026-07-16 05:06:48,Cleanliness,survey,2
"street lights near basketball court are flickering, feels unsafe at night",2026-07-16 05:36:14,Security,feedback form,2
badminton court wooden flooring has been maintained in top shape,2026-07-16 05:41:37,Sports,review,5
Drainage in ground floor washroom gets clogged every few days.,2026-07-16 06:05:55,Hostel,feedback form,2
classroom projectors in block 2 have low lamp brightness,2026-07-16 06:23:45,Facilities,feedback form,2
campus grounds are kept remarkably green and litter-free,2026-07-16 06:28:33,Cleanliness,email,5
"street lights near basketball court are flickering, feels unsafe at night",2026-07-16 07:39:05,Security,survey,2
campus security personnel are vigilant and polite at main vehicle checkpost,2026-07-16 08:33:58,Security,feedback form,5
weekend transit schedule should include an extra night service from metro station,2026-07-16 09:19:18,Transportation,survey,3
classroom projectors in block 2 have low lamp brightness,2026-07-16 09:56:47,Facilities,email,2
long queues at student welfare window due to single staff member operating,2026-07-16 09:58:39,Administration,review,2
professors are approachable during designated office consultation hours,2026-07-16 09:59:21,Academics,email,5
badminton court wooden flooring has been maintained in top shape,2026-07-16 10:18:14,Sports,survey,5
campus security personnel are vigilant and polite at main vehicle checkpost,2026-07-16 10:52:51,Security,email,5
"Cleanliness of admin block stairs is pathetic, dust everywhere since monday.",2026-07-16 11:18:32,Events,email,4
acoustics in the main auditorium were distorted during the musical evening,2026-07-16 11:25:13,Events,support ticket,3
elevator in engineering block was under maintenance during morning rush,2026-07-16 11:47:59,Facilities,email,2
Department lab computers cannot access intranet because academic Wi-Fi is failing.,2026-07-16 11:49:33,Academics,email,2
Unable to attend online lab sessions because the Wi-Fi signal drops constantly.,2026-07-16 12:30:04,Wi-Fi/Internet,survey,1
online fee receipt generation is instant and hassle-free,2026-07-16 12:33:20,Fees,review,4
mess cutlery is often greasy and not cleaned thoroughly,2026-07-16 13:16:11,Cafeteria,survey,1
"Terrible network latency on campus Wi-Fi, even Google searches fail to load.",2026-07-16 13:24:34,Wi-Fi/Internet,email,1
late fee penalty policy is too rigid when bank server transactions fail,2026-07-16 13:44:38,Fees,review,2
Department lab computers cannot access intranet because academic Wi-Fi is failing.,2026-07-16 13:50:13,Academics,survey,1
campus security personnel are vigilant and polite at main vehicle checkpost,2026-07-16 14:05:19,Security,review,5
classroom projectors in block 2 have low lamp brightness,2026-07-16 14:21:45,Facilities,feedback form,2
Bathroom flush in hostel room 304 not working properly since two weeks.,2026-07-16 14:29:09,Hostel,survey,2
study desks in quiet section are comfortable and well-lit,2026-07-16 14:35:21,Library,email,5
elevator in engineering block was under maintenance during morning rush,2026-07-16 14:36:33,Facilities,feedback form,2
weekend transit schedule should include an extra night service from metro station,2026-07-16 15:18:55,Transportation,support ticket,3
faculty feedback process is transparent and taken seriously by HOD,2026-07-16 15:57:43,Academics,review,4
digital library terminal mice are sticky and need replacement,2026-07-16 15:58:51,Library,survey,2
Wi-Fi is constantly dropping in the central library reading room,2026-07-16 16:03:22,Library,review,2
campus security personnel are vigilant and polite at main vehicle checkpost,2026-07-16 16:06:18,Security,feedback form,5
campus security personnel are vigilant and polite at main vehicle checkpost,2026-07-16 16:25:05,Security,feedback form,5
cultural fest organization was seamless and guest lectures were inspiring,2026-07-16 17:16:27,Events,review,5
acoustics in the main auditorium were distorted during the musical evening,2026-07-16 17:25:57,Events,review,3
"Cleanliness of admin block stairs is pathetic, dust everywhere since monday.",2026-07-16 17:34:18,Sports,feedback form,4
Drainage in ground floor washroom gets clogged every few days.,2026-07-16 17:56:21,Hostel,feedback form,1
,2026-07-16 18:21:30,Library,feedback form,3
Internet keeps shutting off while researching in the university library,2026-07-16 18:41:06,Library,survey,1
classroom projectors in block 2 have low lamp brightness,2026-07-16 18:56:02,Facilities,email,2
schedule for end semester practical exams overlaps with elective test,2026-07-16 19:15:48,Academics,email,2
classroom projectors in block 2 have low lamp brightness,2026-07-16 19:17:26,Facilities,support ticket,2
"hostle mess food is so cold by 7pm, not even eatable seriously :(",2026-07-16 19:56:18,Wi-Fi/Internet,review,3
study desks in quiet section are comfortable and well-lit,2026-07-16 20:12:16,Library,survey,5
restrooms in ground floor management block need more frequent checks,2026-07-16 20:34:37,Cleanliness,email,2
weekend transit schedule should include an extra night service from metro station,2026-07-16 21:05:37,Transportation,support ticket,3
digital library terminal mice are sticky and need replacement,2026-07-16 22:17:22,Library,survey,2
acoustics in the main auditorium were distorted during the musical evening,2026-07-16 22:23:23,Events,review,3
Submission portal timed out during class quiz due to poor lecture hall Wi-Fi.,2026-07-16 22:44:47,Academics,support ticket,2
"hostle mess food is so cold by 7pm, not even eatable seriously :(",2026-07-16 23:23:29,Events,feedback form,2
campus security personnel are vigilant and polite at main vehicle checkpost,2026-07-16 23:42:35,Security,survey,5
classroom projectors in block 2 have low lamp brightness,2026-07-16 23:49:18,Facilities,email,2
"driver on route 7 drives aggressively on speed breakers, please check",2026-07-17 00:01:24,Transportation,survey,2
acoustics in the main auditorium were distorted during the musical evening,2026-07-17 00:07:08,Events,feedback form,3
lab equipment for digital electronics is outdated and some kits are faulty,2026-07-17 00:46:14,Academics,feedback form,2
cricket nets require replacement as the netting has torn at several places,2026-07-17 00:48:32,Sports,support ticket,2
restrooms in ground floor management block need more frequent checks,2026-07-17 01:03:04,Cleanliness,survey,2
"transcript request was processed within 2 working days, very impressed",2026-07-17 01:22:04,Administration,feedback form,5
acoustics in the main auditorium were distorted during the musical evening,2026-07-17 01:38:13,Events,review,3
study desks in quiet section are comfortable and well-lit,2026-07-17 01:39:04,Library,email,5
"Hostel warden resolved the water cooler issue promptly, thank you.",2026-07-17 01:54:28,Security,survey,1
bus frequency during peak evening hours between 5pm-6pm is adequate,2026-07-17 02:06:14,Transportation,email,4
elevator in engineering block was under maintenance during morning rush,2026-07-17 02:08:01,Facilities,review,2
study desks in quiet section are comfortable and well-lit,2026-07-17 02:10:27,Library,feedback form,5
long queues at student welfare window due to single staff member operating,2026-07-17 02:15:38,Administration,feedback form,2
weekend transit schedule should include an extra night service from metro station,2026-07-17 02:17:41,Transportation,survey,3
"Hostel bathroom cleanliness is substandard, cleaning staff does not show up daily.",2026-07-17 02:25:15,Hostel,survey,2
"transcript request was processed within 2 working days, very impressed",2026-07-17 02:44:32,Administration,review,5
bus frequency during peak evening hours between 5pm-6pm is adequate,2026-07-17 02:57:25,Transportation,email,4
coffee machine in main canteen was broken for two days,2026-07-17 03:24:54,Cafeteria,support ticket,2
need more copies of the latest edition algorithms reference book,2026-07-17 03:25:36,Library,feedback form,3
cultural fest organization was seamless and guest lectures were inspiring,2026-07-17 04:06:10,Events,review,5
weekend transit schedule should include an extra night service from metro station,2026-07-17 04:52:56,Transportation,survey,3
coffee machine in main canteen was broken for two days,2026-07-17 04:56:44,Cafeteria,survey,2
online fee receipt generation is instant and hassle-free,2026-07-17 05:13:08,Fees,review,4
campus security personnel are vigilant and polite at main vehicle checkpost,2026-07-17 05:35:47,Security,review,5
Bathroom flush in hostel room 304 not working properly since two weeks.,2026-07-17 05:36:52,Hostel,email,1
"street lights near basketball court are flickering, feels unsafe at night",2026-07-17 06:02:52,Security,support ticket,2
acoustics in the main auditorium were distorted during the musical evening,2026-07-17 06:09:16,Events,email,3
"Gym treadmill belt is slipping, safety hazard!! kindly look into this matter.",2026-07-17 06:14:55,Academics,review,3
cultural fest organization was seamless and guest lectures were inspiring,2026-07-17 07:00:25,Events,email,5
online fee receipt generation is instant and hassle-free,2026-07-17 07:06:34,Fees,survey,4
campus security personnel are vigilant and polite at main vehicle checkpost,2026-07-17 07:29:47,Security,email,5
coffee machine in main canteen was broken for two days,2026-07-17 07:46:59,Cafeteria,survey,2
long queues at student welfare window due to single staff member operating,2026-07-17 08:17:06,Administration,email,2
Drainage in ground floor washroom gets clogged every few days.,2026-07-17 08:49:48,Hostel,review,2
"driver on route 7 drives aggressively on speed breakers, please check",2026-07-17 08:51:03,Transportation,email,2
digital library terminal mice are sticky and need replacement,2026-07-17 08:53:00,Library,email,2
Internet keeps shutting off while researching in the university library,2026-07-17 09:02:08,Library,support ticket,1
Bathroom flush in hostel room 304 not working properly since two weeks.,2026-07-17 09:11:35,Hostel,survey,2
water coolers on third floor are functioning smoothly and chilled,2026-07-17 09:11:49,Facilities,support ticket,4
study desks in quiet section are comfortable and well-lit,2026-07-17 09:16:06,Library,email,5
faculty feedback process is transparent and taken seriously by HOD,2026-07-17 09:17:54,Academics,feedback form,4
Bathroom flush in hostel room 304 not working properly since two weeks.,2026-07-17 09:19:04,Hostel,review,2
Bathroom flush in hostel room 304 not working properly since two weeks.,2026-07-17 09:36:28,Hostel,support ticket,1
Frequent packet drops on campus Wi-Fi make attending virtual lectures impossible.,2026-07-17 09:45:40,Wi-Fi/Internet,email,1
classroom projectors in block 2 have low lamp brightness,2026-07-17 09:53:40,Facilities,email,2
"driver on route 7 drives aggressively on speed breakers, please check",2026-07-17 10:03:08,Transportation,review,2
Bathroom flush in hostel room 304 not working properly since two weeks.,2026-07-17 10:19:32,Hostel,review,1
cultural fest organization was seamless and guest lectures were inspiring,2026-07-17 11:46:11,Events,survey,5
dustbins in cafeteria annex area overflow during lunch rush hours,2026-07-17 12:14:19,Cleanliness,support ticket,2
cultural fest organization was seamless and guest lectures were inspiring,2026-07-17 12:19:30,Events,feedback form,5
acoustics in the main auditorium were distorted during the musical evening,2026-07-17 12:22:31,Events,email,3
juice bar offers great healthy options at subsidized student rates,2026-07-17 12:42:03,Cafeteria,feedback form,5
Cannot download research papers from library digital section due to no Wi-Fi.,2026-07-17 12:43:33,Library,survey,1
acoustics in the main auditorium were distorted during the musical evening,2026-07-17 12:46:15,Events,feedback form,3
dustbins in cafeteria annex area overflow during lunch rush hours,2026-07-17 12:52:29,Cleanliness,email,2
coffee machine in main canteen was broken for two days,2026-07-17 13:00:27,Cafeteria,feedback form,2
schedule for end semester practical exams overlaps with elective test,2026-07-17 13:09:52,Academics,support ticket,2
Hostel room switchboards are loose and maintenance hasn't fixed them yet.,2026-07-17 13:33:57,Hostel,feedback form,2
elevator in engineering block was under maintenance during morning rush,2026-07-17 13:43:56,Facilities,support ticket,2
"transcript request was processed within 2 working days, very impressed",2026-07-17 14:01:01,Administration,survey,5
"transcript request was processed within 2 working days, very impressed",2026-07-17 14:16:21,Administration,review,5
restrooms in ground floor management block need more frequent checks,2026-07-17 14:36:38,Cleanliness,survey,2
lab equipment for digital electronics is outdated and some kits are faulty,2026-07-17 14:39:22,Academics,email,2
acoustics in the main auditorium were distorted during the musical evening,2026-07-17 15:18:02,Events,review,3
late fee penalty policy is too rigid when bank server transactions fail,2026-07-17 15:26:28,Fees,review,2
weekend transit schedule should include an extra night service from metro station,2026-07-17 15:38:25,Transportation,email,3
badminton court wooden flooring has been maintained in top shape,2026-07-17 15:58:34,Sports,support ticket,5
cricket nets require replacement as the netting has torn at several places,2026-07-17 16:37:27,Sports,email,2
bus frequency during peak evening hours between 5pm-6pm is adequate,2026-07-17 16:56:19,Transportation,support ticket,4
mess cutlery is often greasy and not cleaned thoroughly,2026-07-17 17:41:28,Cafeteria,survey,1
morning breakfast poha and upma are quite decent and fresh,2026-07-17 18:11:13,Cafeteria,feedback form,4
dustbins in cafeteria annex area overflow during lunch rush hours,2026-07-17 18:50:31,Cleanliness,support ticket,2
morning breakfast poha and upma are quite decent and fresh,2026-07-17 18:58:21,Cafeteria,support ticket,4
online fee receipt generation is instant and hassle-free,2026-07-17 19:13:03,Fees,support ticket,4
Internet keeps shutting off while researching in the university library,2026-07-17 19:28:41,Library,feedback form,2
badminton court wooden flooring has been maintained in top shape,2026-07-17 19:33:00,Sports,support ticket,5
coffee machine in main canteen was broken for two days,2026-07-17 19:55:12,Cafeteria,feedback form,2
restrooms in ground floor management block need more frequent checks,2026-07-17 20:22:20,Cleanliness,email,2
cricket nets require replacement as the netting has torn at several places,2026-07-17 20:57:49,Sports,survey,2
weekend transit schedule should include an extra night service from metro station,2026-07-17 21:57:15,Transportation,feedback form,3
campus security personnel are vigilant and polite at main vehicle checkpost,2026-07-17 22:05:26,Security,feedback form,5
"transcript request was processed within 2 working days, very impressed",2026-07-17 22:10:29,Administration,support ticket,5
elevator in engineering block was under maintenance during morning rush,2026-07-17 22:13:49,Facilities,survey,2
study desks in quiet section are comfortable and well-lit,2026-07-17 22:37:40,Library,review,5
Hostel geysers in block C are still leaking despite repeated complaints.,2026-07-17 23:06:09,Hostel,email,1
digital library terminal mice are sticky and need replacement,2026-07-18 00:02:00,Library,survey,2
"street lights near basketball court are flickering, feels unsafe at night",2026-07-18 00:05:36,Security,email,2
schedule for end semester practical exams overlaps with elective test,2026-07-18 01:14:05,Academics,email,2
elevator in engineering block was under maintenance during morning rush,2026-07-18 01:24:23,Facilities,email,2
Water pressure in 4th floor hostel showers is almost zero in the morning.,2026-07-18 01:51:59,Hostel,survey,2
digital library terminal mice are sticky and need replacement,2026-07-18 01:56:19,Library,support ticket,2
dustbins in cafeteria annex area overflow during lunch rush hours,2026-07-18 02:04:43,Cleanliness,email,2
"Cannot connect to library internet, frequent disconnects experienced",2026-07-18 02:06:02,Library,survey,2
faculty feedback process is transparent and taken seriously by HOD,2026-07-18 02:33:15,Academics,survey,4
campus grounds are kept remarkably green and litter-free,2026-07-18 02:47:30,Cleanliness,support ticket,5
juice bar offers great healthy options at subsidized student rates,2026-07-18 03:06:21,Cafeteria,email,5
study desks in quiet section are comfortable and well-lit,2026-07-18 03:20:10,Library,feedback form,5
badminton court wooden flooring has been maintained in top shape,2026-07-18 03:39:08,Sports,email,5
morning breakfast poha and upma are quite decent and fresh,2026-07-18 03:47:25,Cafeteria,feedback form,4
weekend transit schedule should include an extra night service from metro station,2026-07-18 04:03:21,Transportation,support ticket,3
Cannot download research papers from library digital section due to no Wi-Fi.,2026-07-18 04:20:44,Library,email,1
mess cutlery is often greasy and not cleaned thoroughly,2026-07-18 04:22:19,Cafeteria,support ticket,1
"transcript request was processed within 2 working days, very impressed",2026-07-18 04:30:39,Administration,review,5
water coolers on third floor are functioning smoothly and chilled,2026-07-18 04:32:10,Facilities,email,4
study desks in quiet section are comfortable and well-lit,2026-07-18 05:01:47,Library,support ticket,5
"transcript request was processed within 2 working days, very impressed",2026-07-18 05:14:34,Administration,support ticket,5
Drainage in ground floor washroom gets clogged every few days.,2026-07-18 05:26:50,Hostel,email,1
need more copies of the latest edition algorithms reference book,2026-07-18 05:49:37,Library,survey,3
Hostel geysers in block C are still leaking despite repeated complaints.,2026-07-18 06:10:01,Hostel,feedback form,1
long queues at student welfare window due to single staff member operating,2026-07-18 06:53:26,Administration,feedback form,2
"Plumbing maintenance in block B is very slow, taps are constantly dripping.",2026-07-18 07:33:06,Hostel,support ticket,1
long queues at student welfare window due to single staff member operating,2026-07-18 07:49:17,Administration,email,2
restrooms in ground floor management block need more frequent checks,2026-07-18 07:50:57,Cleanliness,survey,2
water coolers on third floor are functioning smoothly and chilled,2026-07-18 07:52:36,Facilities,email,4
Central library Wi-Fi connectivity is extremely unstable this week,2026-07-18 08:28:37,Library,support ticket,2
Library staff was very helpful with issuing reference textbooks today.,2026-07-18 08:31:54,Security,support ticket,3
Admin staff was extremely rude when I went for fee concession verification.,2026-07-18 09:40:08,Events,feedback form,5
faculty feedback process is transparent and taken seriously by HOD,2026-07-18 09:53:58,Academics,email,4
online fee receipt generation is instant and hassle-free,2026-07-18 10:02:36,Fees,feedback form,4
elevator in engineering block was under maintenance during morning rush,2026-07-18 10:09:25,Facilities,support ticket,2
Fees payment portal debited my account twice!! Kindly revert the amount quickly.,2026-07-18 10:10:01,Security,feedback form,1
coffee machine in main canteen was broken for two days,2026-07-18 10:28:48,Cafeteria,email,2
study desks in quiet section are comfortable and well-lit,2026-07-18 10:34:34,Library,email,5
badminton court wooden flooring has been maintained in top shape,2026-07-18 11:43:45,Sports,review,5
"Hostel Block D has zero Wi-Fi signal in corner rooms, forced to use mobile hotspot.",2026-07-18 12:01:37,Hostel,support ticket,1
Air conditioning in seminar hall 2 is leaking water on the front row seats.,2026-07-18 12:28:04,Cleanliness,email,1
classroom projectors in block 2 have low lamp brightness,2026-07-18 13:06:38,Facilities,support ticket,2
campus security personnel are vigilant and polite at main vehicle checkpost,2026-07-18 13:11:47,Security,support ticket,5
bus frequency during peak evening hours between 5pm-6pm is adequate,2026-07-18 13:11:58,Transportation,support ticket,4
restrooms in ground floor management block need more frequent checks,2026-07-18 13:45:43,Cleanliness,survey,2
Department lab computers cannot access intranet because academic Wi-Fi is failing.,2026-07-18 14:08:49,Academics,survey,2
campus grounds are kept remarkably green and litter-free,2026-07-18 14:49:39,Cleanliness,survey,5
cricket nets require replacement as the netting has torn at several places,2026-07-18 15:30:41,Sports,support ticket,2
long queues at student welfare window due to single staff member operating,2026-07-18 15:47:15,Administration,survey,2
weekend transit schedule should include an extra night service from metro station,2026-07-18 15:59:31,Transportation,feedback form,3
schedule for end semester practical exams overlaps with elective test,2026-07-18 16:04:49,Academics,email,2
faculty feedback process is transparent and taken seriously by HOD,2026-07-18 16:36:14,Academics,feedback form,4
bus frequency during peak evening hours between 5pm-6pm is adequate,2026-07-18 16:41:52,Transportation,email,4
late fee penalty policy is too rigid when bank server transactions fail,2026-07-18 16:47:15,Fees,feedback form,2
schedule for end semester practical exams overlaps with elective test,2026-07-18 16:56:33,Academics,review,2
badminton court wooden flooring has been maintained in top shape,2026-07-18 17:27:23,Sports,survey,5
need more copies of the latest edition algorithms reference book,2026-07-18 18:05:03,Library,feedback form,3
morning breakfast poha and upma are quite decent and fresh,2026-07-18 18:13:46,Cafeteria,support ticket,4
need more copies of the latest edition algorithms reference book,2026-07-18 18:14:26,Library,review,3
elevator in engineering block was under maintenance during morning rush,2026-07-18 19:03:49,Facilities,support ticket,2
"Hostel warden resolved the water cooler issue promptly, thank you.",2026-07-18 19:06:44,Administration,survey,5
dustbins in cafeteria annex area overflow during lunch rush hours,2026-07-18 19:19:15,Cleanliness,support ticket,2
Water pressure in 4th floor hostel showers is almost zero in the morning.,2026-07-18 19:34:09,Hostel,feedback form,1
professors are approachable during designated office consultation hours,2026-07-18 19:44:37,Academics,feedback form,5
Hot water is rarely available in block A bathrooms during morning hours.,2026-07-18 19:53:18,Hostel,support ticket,2
badminton court wooden flooring has been maintained in top shape,2026-07-18 20:22:02,Sports,email,5
digital library terminal mice are sticky and need replacement,2026-07-18 20:39:40,Library,feedback form,2
schedule for end semester practical exams overlaps with elective test,2026-07-18 20:52:48,Academics,review,2
campus grounds are kept remarkably green and litter-free,2026-07-18 21:43:35,Cleanliness,review,5
campus security personnel are vigilant and polite at main vehicle checkpost,2026-07-18 21:54:26,Security,email,5
water coolers on third floor are functioning smoothly and chilled,2026-07-18 22:13:56,Facilities,survey,4
lab equipment for digital electronics is outdated and some kits are faulty,2026-07-18 22:22:09,Academics,survey,2
late fee penalty policy is too rigid when bank server transactions fail,2026-07-18 22:37:37,Fees,review,2
cultural fest organization was seamless and guest lectures were inspiring,2026-07-18 22:41:33,Events,feedback form,5
cricket nets require replacement as the netting has torn at several places,2026-07-18 22:43:31,Sports,survey,2
schedule for end semester practical exams overlaps with elective test,2026-07-18 22:47:23,Academics,survey,2
"food quality is mediocre, especially dinner menu is repetitive",2026-07-18 22:53:16,Cafeteria,email,2
study desks in quiet section are comfortable and well-lit,2026-07-18 22:54:03,Library,feedback form,5
lab equipment for digital electronics is outdated and some kits are faulty,2026-07-18 23:25:16,Academics,feedback form,2
"Plumbing maintenance in block B is very slow, taps are constantly dripping.",2026-07-18 23:30:03,Hostel,review,2
campus security personnel are vigilant and polite at main vehicle checkpost,2026-07-19 00:37:41,Security,survey,5
bus frequency during peak evening hours between 5pm-6pm is adequate,2026-07-19 00:46:57,Transportation,feedback form,4
acoustics in the main auditorium were distorted during the musical evening,2026-07-19 01:03:14,Events,review,3
late fee penalty policy is too rigid when bank server transactions fail,2026-07-19 01:08:56,Fees,email,2
faculty feedback process is transparent and taken seriously by HOD,2026-07-19 01:24:00,Academics,survey,4
juice bar offers great healthy options at subsidized student rates,2026-07-19 01:37:26,Cafeteria,survey,5
digital library terminal mice are sticky and need replacement,2026-07-19 02:03:07,Library,feedback form,2
Drainage in ground floor washroom gets clogged every few days.,2026-07-19 02:23:30,Hostel,email,2
campus security personnel are vigilant and polite at main vehicle checkpost,2026-07-19 02:34:35,Security,support ticket,5
badminton court wooden flooring has been maintained in top shape,2026-07-19 02:43:13,Sports,survey,5
cricket nets require replacement as the netting has torn at several places,2026-07-19 02:54:12,Sports,feedback form,2
study desks in quiet section are comfortable and well-lit,2026-07-19 03:16:12,Library,survey,5
Hot water is rarely available in block A bathrooms during morning hours.,2026-07-19 03:25:12,Hostel,support ticket,1
online fee receipt generation is instant and hassle-free,2026-07-19 03:30:04,Fees,feedback form,4
"street lights near basketball court are flickering, feels unsafe at night",2026-07-19 03:39:19,Security,support ticket,2
need more copies of the latest edition algorithms reference book,2026-07-19 03:44:38,Library,survey,3
weekend transit schedule should include an extra night service from metro station,2026-07-19 03:46:07,Transportation,support ticket,3
faculty feedback process is transparent and taken seriously by HOD,2026-07-19 03:52:49,Academics,email,4
faculty feedback process is transparent and taken seriously by HOD,2026-07-19 04:19:53,Academics,feedback form,4
Hostel geysers in block C are still leaking despite repeated complaints.,2026-07-19 04:41:06,Hostel,review,1
lab equipment for digital electronics is outdated and some kits are faulty,2026-07-19 04:52:40,Academics,survey,2
"transcript request was processed within 2 working days, very impressed",2026-07-19 05:00:46,Administration,email,5
study desks in quiet section are comfortable and well-lit,2026-07-19 06:07:21,Library,support ticket,5
Cannot download research papers from library digital section due to no Wi-Fi.,2026-07-19 06:11:16,Library,review,1
schedule for end semester practical exams overlaps with elective test,2026-07-19 06:20:46,Academics,feedback form,2
"driver on route 7 drives aggressively on speed breakers, please check",2026-07-19 06:25:25,Transportation,review,2
digital library terminal mice are sticky and need replacement,2026-07-19 06:33:40,Library,feedback form,2
dustbins in cafeteria annex area overflow during lunch rush hours,2026-07-19 06:37:56,Cleanliness,survey,2
"Library wifi keeps dropping connection every 10 minutes, cannot study",2026-07-19 06:42:42,Library,feedback form,1
long queues at student welfare window due to single staff member operating,2026-07-19 07:41:35,Administration,feedback form,2
Security at night gate is stopping day-scholars unnecessarily without reason.,2026-07-19 08:05:53,Fees,feedback form,4
Admin staff was extremely rude when I went for fee concession verification.,2026-07-19 08:10:50,Library,email,3
"wifi disconnect issue in reading hall again and again, plz fix ASAP",2026-07-19 09:32:03,Library,feedback form,2
"hostle mess food is so cold by 7pm, not even eatable seriously :(",2026-07-19 09:41:37,Sports,review,1
badminton court wooden flooring has been maintained in top shape,2026-07-19 10:03:28,Sports,survey,5
bus frequency during peak evening hours between 5pm-6pm is adequate,2026-07-19 10:07:08,Transportation,survey,4
lab equipment for digital electronics is outdated and some kits are faulty,2026-07-19 10:11:29,Academics,support ticket,2
elevator in engineering block was under maintenance during morning rush,2026-07-19 10:23:59,Facilities,survey,2
campus security personnel are vigilant and polite at main vehicle checkpost,2026-07-19 10:44:14,Security,survey,5
need more copies of the latest edition algorithms reference book,2026-07-19 11:13:48,Library,feedback form,3
acoustics in the main auditorium were distorted during the musical evening,2026-07-19 13:13:07,Events,feedback form,3
bus frequency during peak evening hours between 5pm-6pm is adequate,2026-07-19 13:16:24,Transportation,survey,4
water coolers on third floor are functioning smoothly and chilled,2026-07-19 13:34:37,Facilities,survey,4
mess cutlery is often greasy and not cleaned thoroughly,2026-07-19 13:55:02,Cafeteria,survey,1
"hostle mess food is so cold by 7pm, not even eatable seriously :(",2026-07-19 14:04:08,Sports,survey,1
acoustics in the main auditorium were distorted during the musical evening,2026-07-19 14:12:09,Events,email,3
Hostel geysers in block C are still leaking despite repeated complaints.,2026-07-19 14:34:49,Hostel,review,1
schedule for end semester practical exams overlaps with elective test,2026-07-19 14:54:33,Academics,survey,2
online fee receipt generation is instant and hassle-free,2026-07-19 15:11:19,Fees,support ticket,4
weekend transit schedule should include an extra night service from metro station,2026-07-19 15:17:27,Transportation,support ticket,3
study desks in quiet section are comfortable and well-lit,2026-07-19 15:22:07,Library,feedback form,5
need more copies of the latest edition algorithms reference book,2026-07-19 15:29:38,Library,survey,3
faculty feedback process is transparent and taken seriously by HOD,2026-07-19 15:45:43,Academics,feedback form,4
morning breakfast poha and upma are quite decent and fresh,2026-07-19 15:52:48,Cafeteria,feedback form,4
lab equipment for digital electronics is outdated and some kits are faulty,2026-07-19 16:00:07,Academics,feedback form,2
water coolers on third floor are functioning smoothly and chilled,2026-07-19 16:20:27,Facilities,feedback form,4
long queues at student welfare window due to single staff member operating,2026-07-19 16:39:02,Administration,email,2
weekend transit schedule should include an extra night service from metro station,2026-07-19 17:19:14,Transportation,feedback form,3
digital library terminal mice are sticky and need replacement,2026-07-19 17:23:22,Library,review,2
"Plumbing maintenance in block B is very slow, taps are constantly dripping.",2026-07-19 17:42:57,Hostel,feedback form,2
"hostle mess food is so cold by 7pm, not even eatable seriously :(",2026-07-19 17:49:59,Facilities,review,5
dustbins in cafeteria annex area overflow during lunch rush hours,2026-07-19 17:59:20,Cleanliness,support ticket,2
water coolers on third floor are functioning smoothly and chilled,2026-07-19 18:08:46,Facilities,review,4
classroom projectors in block 2 have low lamp brightness,2026-07-19 18:32:18,Facilities,email,2
acoustics in the main auditorium were distorted during the musical evening,2026-07-19 18:56:33,Events,support ticket,3
"driver on route 7 drives aggressively on speed breakers, please check",2026-07-19 19:05:53,Transportation,review,2
"transcript request was processed within 2 working days, very impressed",2026-07-19 19:43:12,Administration,support ticket,5
"Cafeteria dosa counter service has improved significantly this semester, kudos!",2026-07-19 19:43:45,Academics,feedback form,3
study desks in quiet section are comfortable and well-lit,2026-07-19 20:06:34,Library,review,5
"transcript request was processed within 2 working days, very impressed",2026-07-19 20:08:50,Administration,survey,5
lab equipment for digital electronics is outdated and some kits are faulty,2026-07-19 20:29:33,Academics,support ticket,2
water coolers on third floor are functioning smoothly and chilled,2026-07-19 21:06:31,Facilities,survey,4
dustbins in cafeteria annex area overflow during lunch rush hours,2026-07-19 21:10:49,Cleanliness,feedback form,2
cricket nets require replacement as the netting has torn at several places,2026-07-19 21:16:42,Sports,survey,2
late fee penalty policy is too rigid when bank server transactions fail,2026-07-19 21:40:50,Fees,feedback form,2
late fee penalty policy is too rigid when bank server transactions fail,2026-07-19 21:44:01,Fees,feedback form,2
campus grounds are kept remarkably green and litter-free,2026-07-19 22:13:25,Cleanliness,survey,5
coffee machine in main canteen was broken for two days,2026-07-19 22:17:04,Cafeteria,survey,2
campus grounds are kept remarkably green and litter-free,2026-07-19 22:48:13,Cleanliness,survey,5
faculty feedback process is transparent and taken seriously by HOD,2026-07-19 22:52:56,Academics,email,4
online fee receipt generation is instant and hassle-free,2026-07-19 23:34:01,Fees,review,4
cricket nets require replacement as the netting has torn at several places,2026-07-20 00:11:10,Sports,email,2
Cannot download research papers from library digital section due to no Wi-Fi.,2026-07-20 00:16:37,Library,review,1
elevator in engineering block was under maintenance during morning rush,2026-07-20 00:16:47,Facilities,survey,2
juice bar offers great healthy options at subsidized student rates,2026-07-20 00:26:45,Cafeteria,review,5
bus frequency during peak evening hours between 5pm-6pm is adequate,2026-07-20 01:29:37,Transportation,survey,4
cultural fest organization was seamless and guest lectures were inspiring,2026-07-20 01:54:30,Events,feedback form,5
Bathroom flush in hostel room 304 not working properly since two weeks.,2026-07-20 01:57:36,Hostel,review,1
"transcript request was processed within 2 working days, very impressed",2026-07-20 02:01:50,Administration,review,5
"transcript request was processed within 2 working days, very impressed",2026-07-20 02:30:54,Administration,email,5
bus frequency during peak evening hours between 5pm-6pm is adequate,2026-07-20 02:33:57,Transportation,feedback form,4
long queues at student welfare window due to single staff member operating,2026-07-20 02:58:24,Administration,email,2
cultural fest organization was seamless and guest lectures were inspiring,2026-07-20 02:58:55,Events,review,5
"Hostel Block D has zero Wi-Fi signal in corner rooms, forced to use mobile hotspot.",2026-07-20 03:00:23,Hostel,survey,1
late fee penalty policy is too rigid when bank server transactions fail,2026-07-20 03:37:22,Fees,feedback form,2
faculty feedback process is transparent and taken seriously by HOD,2026-07-20 03:47:29,Academics,email,4
elevator in engineering block was under maintenance during morning rush,2026-07-20 03:50:28,Facilities,feedback form,2
morning breakfast poha and upma are quite decent and fresh,2026-07-20 04:13:48,Cafeteria,review,4
cricket nets require replacement as the netting has torn at several places,2026-07-20 04:30:28,Sports,survey,2
cricket nets require replacement as the netting has torn at several places,2026-07-20 04:38:43,Sports,feedback form,2
"Hostel bathroom cleanliness is substandard, cleaning staff does not show up daily.",2026-07-20 04:49:10,Hostel,support ticket,2
online fee receipt generation is instant and hassle-free,2026-07-20 05:09:27,Fees,survey,4
"Hostel Block D has zero Wi-Fi signal in corner rooms, forced to use mobile hotspot.",2026-07-20 05:30:36,Hostel,feedback form,1
late fee penalty policy is too rigid when bank server transactions fail,2026-07-20 05:43:18,Fees,review,2
"driver on route 7 drives aggressively on speed breakers, please check",2026-07-20 06:28:35,Transportation,review,2
dustbins in cafeteria annex area overflow during lunch rush hours,2026-07-20 06:31:13,Cleanliness,email,2
morning breakfast poha and upma are quite decent and fresh,2026-07-20 06:42:58,Cafeteria,email,4
"food quality is mediocre, especially dinner menu is repetitive",2026-07-20 06:47:12,Cafeteria,survey,2
online fee receipt generation is instant and hassle-free,2026-07-20 06:50:21,Fees,email,4
campus grounds are kept remarkably green and litter-free,2026-07-20 06:52:02,Cleanliness,feedback form,5
campus security personnel are vigilant and polite at main vehicle checkpost,2026-07-20 06:52:25,Security,feedback form,5
Library reading room Wi-Fi fails every time more than 20 students join.,2026-07-20 06:59:17,Library,survey,2
campus grounds are kept remarkably green and litter-free,2026-07-20 07:04:07,Cleanliness,survey,5
"Hostel warden resolved the water cooler issue promptly, thank you.",2026-07-20 07:07:17,Facilities,feedback form,5
"street lights near basketball court are flickering, feels unsafe at night",2026-07-20 07:10:46,Security,feedback form,2
cricket nets require replacement as the netting has torn at several places,2026-07-20 07:18:16,Sports,feedback form,2
classroom projectors in block 2 have low lamp brightness,2026-07-20 07:41:31,Facilities,email,2
lab equipment for digital electronics is outdated and some kits are faulty,2026-07-20 07:45:42,Academics,review,2
digital library terminal mice are sticky and need replacement,2026-07-20 07:47:02,Library,support ticket,2
faculty feedback process is transparent and taken seriously by HOD,2026-07-20 07:52:44,Academics,feedback form,4
digital library terminal mice are sticky and need replacement,2026-07-20 08:18:17,Library,review,2
online fee receipt generation is instant and hassle-free,2026-07-20 08:25:55,Fees,review,4
cultural fest organization was seamless and guest lectures were inspiring,2026-07-20 08:27:35,Events,email,5
badminton court wooden flooring has been maintained in top shape,2026-07-20 08:34:27,Sports,review,5
Submission portal timed out during class quiz due to poor lecture hall Wi-Fi.,2026-07-20 08:38:40,Academics,survey,1
cricket nets require replacement as the netting has torn at several places,2026-07-20 09:15:38,Sports,review,2
"Cannot connect to library internet, frequent disconnects experienced",2026-07-20 09:29:36,Library,feedback form,2
water coolers on third floor are functioning smoothly and chilled,2026-07-20 09:41:40,Facilities,survey,4
"street lights near basketball court are flickering, feels unsafe at night",2026-07-20 09:58:03,Security,feedback form,2
restrooms in ground floor management block need more frequent checks,2026-07-20 10:03:13,Cleanliness,review,2
schedule for end semester practical exams overlaps with elective test,2026-07-20 10:15:12,Academics,feedback form,2
dustbins in cafeteria annex area overflow during lunch rush hours,2026-07-20 10:27:09,Cleanliness,email,2
water coolers on third floor are functioning smoothly and chilled,2026-07-20 10:31:44,Facilities,support ticket,4
long queues at student welfare window due to single staff member operating,2026-07-20 10:36:43,Administration,support ticket,2
cricket nets require replacement as the netting has torn at several places,2026-07-20 10:43:15,Sports,review,2
badminton court wooden flooring has been maintained in top shape,2026-07-20 11:21:44,Sports,review,5
study desks in quiet section are comfortable and well-lit,2026-07-20 12:33:02,Library,survey,5
schedule for end semester practical exams overlaps with elective test,2026-07-20 12:34:42,Academics,email,2
late fee penalty policy is too rigid when bank server transactions fail,2026-07-20 13:33:30,Fees,support ticket,2
long queues at student welfare window due to single staff member operating,2026-07-20 13:36:51,Administration,review,2
need more copies of the latest edition algorithms reference book,2026-07-20 13:53:21,Library,email,3
Water pressure in 4th floor hostel showers is almost zero in the morning.,2026-07-20 14:15:09,Hostel,survey,1
campus security personnel are vigilant and polite at main vehicle checkpost,2026-07-20 14:16:26,Security,email,5
elevator in engineering block was under maintenance during morning rush,2026-07-20 14:57:12,Facilities,feedback form,2
"transcript request was processed within 2 working days, very impressed",2026-07-20 15:30:54,Administration,support ticket,5
"Cannot connect to library internet, frequent disconnects experienced",2026-07-20 15:40:15,Library,review,1
"wifi disconnect issue in reading hall again and again, plz fix ASAP",2026-07-20 15:46:11,Library,survey,1
"transcript request was processed within 2 working days, very impressed",2026-07-20 15:49:40,Administration,survey,5
classroom projectors in block 2 have low lamp brightness,2026-07-20 16:56:07,Facilities,review,2
classroom projectors in block 2 have low lamp brightness,2026-07-20 17:31:03,Facilities,feedback form,2
cricket nets require replacement as the netting has torn at several places,2026-07-20 17:57:43,Sports,support ticket,2
cultural fest organization was seamless and guest lectures were inspiring,2026-07-20 18:42:24,Events,email,5
"hostle mess food is so cold by 7pm, not even eatable seriously :(",2026-07-20 19:09:04,Administration,email,5
campus security personnel are vigilant and polite at main vehicle checkpost,2026-07-20 19:25:56,Security,feedback form,5
schedule for end semester practical exams overlaps with elective test,2026-07-20 19:29:12,Academics,survey,2
digital library terminal mice are sticky and need replacement,2026-07-20 19:33:01,Library,support ticket,2
juice bar offers great healthy options at subsidized student rates,2026-07-20 20:08:34,Cafeteria,review,5
"Hostel Block D has zero Wi-Fi signal in corner rooms, forced to use mobile hotspot.",2026-07-20 20:25:49,Hostel,feedback form,2
cricket nets require replacement as the netting has torn at several places,2026-07-20 20:33:18,Sports,email,2
"transcript request was processed within 2 working days, very impressed",2026-07-20 21:29:21,Administration,review,5
long queues at student welfare window due to single staff member operating,2026-07-20 21:35:21,Administration,support ticket,2
campus security personnel are vigilant and polite at main vehicle checkpost,2026-07-20 21:43:40,Security,feedback form,5
study desks in quiet section are comfortable and well-lit,2026-07-20 21:45:45,Library,survey,5
online fee receipt generation is instant and hassle-free,2026-07-20 21:47:46,Fees,support ticket,4
acoustics in the main auditorium were distorted during the musical evening,2026-07-20 22:15:38,Events,feedback form,3
study desks in quiet section are comfortable and well-lit,2026-07-20 22:23:45,Library,review,5
study desks in quiet section are comfortable and well-lit,2026-07-20 22:28:25,Library,survey,5
restrooms in ground floor management block need more frequent checks,2026-07-20 22:42:21,Cleanliness,email,2
"driver on route 7 drives aggressively on speed breakers, please check",2026-07-20 22:45:50,Transportation,feedback form,2
Drainage in ground floor washroom gets clogged every few days.,2026-07-20 22:54:13,Hostel,review,1
coffee machine in main canteen was broken for two days,2026-07-20 23:05:39,Cafeteria,survey,2
"street lights near basketball court are flickering, feels unsafe at night",2026-07-20 23:38:23,Security,support ticket,2
Wi-Fi in hostel common room has been down for three days straight.,2026-07-21 00:35:18,Hostel,feedback form,2
Drainage in ground floor washroom gets clogged every few days.,2026-07-21 00:49:54,Hostel,review,2
Drainage in ground floor washroom gets clogged every few days.,2026-07-21 00:58:06,Hostel,feedback form,2
campus security personnel are vigilant and polite at main vehicle checkpost,2026-07-21 01:01:14,Security,support ticket,5
"street lights near basketball court are flickering, feels unsafe at night",2026-07-21 01:42:45,Security,support ticket,2
Wi-Fi in hostel common room has been down for three days straight.,2026-07-21 01:43:53,Hostel,survey,1
campus security personnel are vigilant and polite at main vehicle checkpost,2026-07-21 01:55:12,Security,support ticket,5
Hostel geysers in block C are still leaking despite repeated complaints.,2026-07-21 02:12:42,Hostel,support ticket,2
faculty feedback process is transparent and taken seriously by HOD,2026-07-21 02:13:31,Academics,survey,4
bus frequency during peak evening hours between 5pm-6pm is adequate,2026-07-21 02:34:57,Transportation,email,4
badminton court wooden flooring has been maintained in top shape,2026-07-21 02:43:49,Sports,support ticket,5
lab equipment for digital electronics is outdated and some kits are faulty,2026-07-21 03:06:18,Academics,survey,2
Continuous wi-fi dropouts while studying on 2nd floor of library,2026-07-21 03:32:32,Library,email,2
cricket nets require replacement as the netting has torn at several places,2026-07-21 03:38:45,Sports,feedback form,2
bus frequency during peak evening hours between 5pm-6pm is adequate,2026-07-21 03:59:58,Transportation,support ticket,4
campus security personnel are vigilant and polite at main vehicle checkpost,2026-07-21 04:01:22,Security,feedback form,5
Hostel room switchboards are loose and maintenance hasn't fixed them yet.,2026-07-21 04:38:46,Hostel,survey,1
Library staff was very helpful with issuing reference textbooks today.,2026-07-21 04:46:27,Cleanliness,survey,2
long queues at student welfare window due to single staff member operating,2026-07-21 04:51:41,Administration,survey,2
Library staff was very helpful with issuing reference textbooks today.,2026-07-21 05:08:51,Fees,review,5
"Library wifi keeps dropping connection every 10 minutes, cannot study",2026-07-21 05:12:46,Library,email,2
"street lights near basketball court are flickering, feels unsafe at night",2026-07-21 05:14:28,Security,review,2
campus security personnel are vigilant and polite at main vehicle checkpost,2026-07-21 05:45:09,Security,support ticket,5
water coolers on third floor are functioning smoothly and chilled,2026-07-21 05:50:44,Facilities,review,4
campus grounds are kept remarkably green and litter-free,2026-07-21 05:59:15,Cleanliness,support ticket,5
long queues at student welfare window due to single staff member operating,2026-07-21 06:39:19,Administration,survey,2
Water pressure in 4th floor hostel showers is almost zero in the morning.,2026-07-21 06:42:09,Hostel,email,2
campus grounds are kept remarkably green and litter-free,2026-07-21 06:44:37,Cleanliness,feedback form,5
elevator in engineering block was under maintenance during morning rush,2026-07-21 07:02:19,Facilities,support ticket,2
Security at night gate is stopping day-scholars unnecessarily without reason.,2026-07-21 07:57:57,Security,email,1
Central library Wi-Fi connectivity is extremely unstable this week,2026-07-21 08:07:15,Library,survey,1
classroom projectors in block 2 have low lamp brightness,2026-07-21 09:22:49,Facilities,feedback form,2
campus security personnel are vigilant and polite at main vehicle checkpost,2026-07-21 09:23:27,Security,email,5
digital library terminal mice are sticky and need replacement,2026-07-21 09:39:13,Library,email,2
water coolers on third floor are functioning smoothly and chilled,2026-07-21 09:56:55,Facilities,feedback form,4
acoustics in the main auditorium were distorted during the musical evening,2026-07-21 10:26:27,Events,feedback form,3
"transcript request was processed within 2 working days, very impressed",2026-07-21 10:50:25,Administration,email,5
Continuous wi-fi dropouts while studying on 2nd floor of library,2026-07-21 11:56:42,Library,survey,2
campus grounds are kept remarkably green and litter-free,2026-07-21 12:07:34,Cleanliness,email,5
restrooms in ground floor management block need more frequent checks,2026-07-21 12:10:56,Cleanliness,review,2
Water pressure in 4th floor hostel showers is almost zero in the morning.,2026-07-21 12:12:09,Hostel,review,1
cricket nets require replacement as the netting has torn at several places,2026-07-21 12:22:03,Sports,email,2
mess cutlery is often greasy and not cleaned thoroughly,2026-07-21 12:40:47,Cafeteria,feedback form,1
coffee machine in main canteen was broken for two days,2026-07-21 13:07:04,Cafeteria,review,2
weekend transit schedule should include an extra night service from metro station,2026-07-21 13:50:29,Transportation,review,3
mess cutlery is often greasy and not cleaned thoroughly,2026-07-21 13:54:23,Cafeteria,support ticket,1
Hostel geysers in block C are still leaking despite repeated complaints.,2026-07-21 14:43:07,Hostel,survey,2
elevator in engineering block was under maintenance during morning rush,2026-07-21 15:02:43,Facilities,review,2
long queues at student welfare window due to single staff member operating,2026-07-21 15:10:28,Administration,feedback form,2
"driver on route 7 drives aggressively on speed breakers, please check",2026-07-21 15:13:23,Transportation,survey,2
Continuous wi-fi dropouts while studying on 2nd floor of library,2026-07-21 15:32:03,Library,review,1
wifi keeps disconnecting in library,2026-07-21 15:43:35,Library,review,2
Cannot download research papers from library digital section due to no Wi-Fi.,2026-07-21 15:46:59,Library,review,1
elevator in engineering block was under maintenance during morning rush,2026-07-21 16:18:12,Facilities,feedback form,2
study desks in quiet section are comfortable and well-lit,2026-07-21 16:25:40,Library,review,5
faculty feedback process is transparent and taken seriously by HOD,2026-07-21 16:27:42,Academics,review,4
cricket nets require replacement as the netting has torn at several places,2026-07-21 16:32:24,Sports,support ticket,2
acoustics in the main auditorium were distorted during the musical evening,2026-07-21 17:00:42,Events,survey,3
schedule for end semester practical exams overlaps with elective test,2026-07-21 17:01:59,Academics,feedback form,2
"Cafeteria dosa counter service has improved significantly this semester, kudos!",2026-07-21 17:43:22,Hostel,review,4
badminton court wooden flooring has been maintained in top shape,2026-07-21 17:44:58,Sports,survey,5
acoustics in the main auditorium were distorted during the musical evening,2026-07-21 17:53:23,Events,support ticket,3
Water pressure in 4th floor hostel showers is almost zero in the morning.,2026-07-21 18:20:10,Hostel,survey,1
"Cafeteria dosa counter service has improved significantly this semester, kudos!",2026-07-21 18:28:56,Fees,review,3
elevator in engineering block was under maintenance during morning rush,2026-07-21 18:30:52,Facilities,email,2
online fee receipt generation is instant and hassle-free,2026-07-21 18:46:55,Fees,support ticket,4
cultural fest organization was seamless and guest lectures were inspiring,2026-07-21 18:54:24,Events,review,5
long queues at student welfare window due to single staff member operating,2026-07-21 18:59:03,Administration,support ticket,2
weekend transit schedule should include an extra night service from metro station,2026-07-21 20:03:14,Transportation,feedback form,3
online fee receipt generation is instant and hassle-free,2026-07-21 20:18:15,Fees,support ticket,4
digital library terminal mice are sticky and need replacement,2026-07-21 20:22:18,Library,email,2
water coolers on third floor are functioning smoothly and chilled,2026-07-21 20:32:25,Facilities,support ticket,4
weekend transit schedule should include an extra night service from metro station,2026-07-21 21:06:29,Transportation,feedback form,3
digital library terminal mice are sticky and need replacement,2026-07-21 21:10:23,Library,support ticket,2
morning breakfast poha and upma are quite decent and fresh,2026-07-21 21:12:49,Cafeteria,feedback form,4
cultural fest organization was seamless and guest lectures were inspiring,2026-07-21 21:12:58,Events,review,5
long queues at student welfare window due to single staff member operating,2026-07-21 21:24:31,Administration,feedback form,2
weekend transit schedule should include an extra night service from metro station,2026-07-21 21:33:12,Transportation,survey,3
cricket nets require replacement as the netting has torn at several places,2026-07-21 21:47:35,Sports,support ticket,2
"street lights near basketball court are flickering, feels unsafe at night",2026-07-21 21:55:51,Security,survey,2
morning breakfast poha and upma are quite decent and fresh,2026-07-21 22:05:26,Cafeteria,survey,4
restrooms in ground floor management block need more frequent checks,2026-07-21 22:09:25,Cleanliness,review,2
"Hostel bathroom cleanliness is substandard, cleaning staff does not show up daily.",2026-07-21 22:38:54,Hostel,review,2
cricket nets require replacement as the netting has torn at several places,2026-07-21 22:49:10,Sports,review,2
need more copies of the latest edition algorithms reference book,2026-07-21 22:55:49,Library,review,3
acoustics in the main auditorium were distorted during the musical evening,2026-07-21 23:12:59,Events,feedback form,3
campus grounds are kept remarkably green and litter-free,2026-07-21 23:14:58,Cleanliness,email,5
professors are approachable during designated office consultation hours,2026-07-21 23:18:47,Academics,support ticket,5
bus frequency during peak evening hours between 5pm-6pm is adequate,2026-07-21 23:31:44,Transportation,email,4
Bathroom flush in hostel room 304 not working properly since two weeks.,2026-07-21 23:59:15,Hostel,feedback form,2
badminton court wooden flooring has been maintained in top shape,2026-07-22 00:11:40,Sports,feedback form,5
campus grounds are kept remarkably green and litter-free,2026-07-22 01:06:20,Cleanliness,support ticket,5
restrooms in ground floor management block need more frequent checks,2026-07-22 01:19:26,Cleanliness,feedback form,2
Continuous wi-fi dropouts while studying on 2nd floor of library,2026-07-22 01:23:21,Library,feedback form,1
Internet in common areas is completely unusable after the recent router update.,2026-07-22 01:33:07,Wi-Fi/Internet,support ticket,1
restrooms in ground floor management block need more frequent checks,2026-07-22 01:43:16,Cleanliness,support ticket,2
classroom projectors in block 2 have low lamp brightness,2026-07-22 01:51:04,Facilities,review,2
water coolers on third floor are functioning smoothly and chilled,2026-07-22 02:06:31,Facilities,review,4
professors are approachable during designated office consultation hours,2026-07-22 02:16:23,Academics,feedback form,5
coffee machine in main canteen was broken for two days,2026-07-22 02:29:46,Cafeteria,feedback form,2
"driver on route 7 drives aggressively on speed breakers, please check",2026-07-22 02:46:03,Transportation,review,2
"wifi disconnect issue in reading hall again and again, plz fix ASAP",2026-07-22 03:17:02,Library,feedback form,2
need more copies of the latest edition algorithms reference book,2026-07-22 03:40:31,Library,email,3
"driver on route 7 drives aggressively on speed breakers, please check",2026-07-22 03:43:16,Transportation,review,2
elevator in engineering block was under maintenance during morning rush,2026-07-22 03:49:14,Facilities,review,2
acoustics in the main auditorium were distorted during the musical evening,2026-07-22 03:56:49,Events,support ticket,3
online fee receipt generation is instant and hassle-free,2026-07-22 04:21:54,Fees,survey,4
restrooms in ground floor management block need more frequent checks,2026-07-22 04:26:43,Cleanliness,support ticket,2
badminton court wooden flooring has been maintained in top shape,2026-07-22 04:29:47,Sports,feedback form,5
Drainage in ground floor washroom gets clogged every few days.,2026-07-22 04:54:53,Hostel,review,1
mess cutlery is often greasy and not cleaned thoroughly,2026-07-22 05:23:57,Cafeteria,email,1
campus security personnel are vigilant and polite at main vehicle checkpost,2026-07-22 05:24:30,Security,feedback form,5
morning breakfast poha and upma are quite decent and fresh,2026-07-22 05:40:19,Cafeteria,feedback form,4
online fee receipt generation is instant and hassle-free,2026-07-22 05:42:34,Fees,support ticket,4
Library reading room Wi-Fi fails every time more than 20 students join.,2026-07-22 05:44:11,Library,review,1
"transcript request was processed within 2 working days, very impressed",2026-07-22 05:46:57,Administration,survey,5
schedule for end semester practical exams overlaps with elective test,2026-07-22 05:54:05,Academics,review,2
long queues at student welfare window due to single staff member operating,2026-07-22 06:03:39,Administration,survey,2
dustbins in cafeteria annex area overflow during lunch rush hours,2026-07-22 06:04:14,Cleanliness,email,2
schedule for end semester practical exams overlaps with elective test,2026-07-22 06:20:51,Academics,survey,2
Department lab computers cannot access intranet because academic Wi-Fi is failing.,2026-07-22 07:12:03,Academics,email,2
study desks in quiet section are comfortable and well-lit,2026-07-22 07:25:52,Library,survey,5
water coolers on third floor are functioning smoothly and chilled,2026-07-22 07:40:59,Facilities,survey,4
digital library terminal mice are sticky and need replacement,2026-07-22 08:57:34,Library,survey,2
late fee penalty policy is too rigid when bank server transactions fail,2026-07-22 09:02:44,Fees,feedback form,2
professors are approachable during designated office consultation hours,2026-07-22 09:06:01,Academics,review,5
professors are approachable during designated office consultation hours,2026-07-22 09:09:25,Academics,support ticket,5
bus frequency during peak evening hours between 5pm-6pm is adequate,2026-07-22 09:27:42,Transportation,review,4
online fee receipt generation is instant and hassle-free,2026-07-22 10:13:46,Fees,support ticket,4
Security at night gate is stopping day-scholars unnecessarily without reason.,2026-07-22 10:38:23,Events,feedback form,1
juice bar offers great healthy options at subsidized student rates,2026-07-22 10:44:48,Cafeteria,email,5
mess cutlery is often greasy and not cleaned thoroughly,2026-07-22 10:45:08,Cafeteria,review,1
"street lights near basketball court are flickering, feels unsafe at night",2026-07-22 11:39:29,Security,feedback form,2
badminton court wooden flooring has been maintained in top shape,2026-07-22 11:46:54,Sports,review,5
classroom projectors in block 2 have low lamp brightness,2026-07-22 12:10:00,Facilities,survey,2
elevator in engineering block was under maintenance during morning rush,2026-07-22 12:29:05,Facilities,feedback form,2
Library staff was very helpful with issuing reference textbooks today.,2026-07-22 12:40:06,Cleanliness,feedback form,3
campus grounds are kept remarkably green and litter-free,2026-07-22 12:41:31,Cleanliness,email,5
study desks in quiet section are comfortable and well-lit,2026-07-22 13:21:01,Library,feedback form,5
campus security personnel are vigilant and polite at main vehicle checkpost,2026-07-22 13:34:38,Security,feedback form,5
cultural fest organization was seamless and guest lectures were inspiring,2026-07-22 13:57:11,Events,feedback form,5
"street lights near basketball court are flickering, feels unsafe at night",2026-07-22 15:24:43,Security,review,2
cricket nets require replacement as the netting has torn at several places,2026-07-22 15:40:07,Sports,survey,2
water coolers on third floor are functioning smoothly and chilled,2026-07-22 15:43:56,Facilities,review,4
Hot water is rarely available in block A bathrooms during morning hours.,2026-07-22 15:49:34,Hostel,support ticket,1
Hot water is rarely available in block A bathrooms during morning hours.,2026-07-22 15:51:58,Hostel,survey,2
cricket nets require replacement as the netting has torn at several places,2026-07-22 15:58:02,Sports,email,2
Department lab computers cannot access intranet because academic Wi-Fi is failing.,2026-07-22 16:11:38,Academics,review,1
"street lights near basketball court are flickering, feels unsafe at night",2026-07-22 16:24:45,Security,email,2
Department lab computers cannot access intranet because academic Wi-Fi is failing.,2026-07-22 16:34:52,Academics,support ticket,2
acoustics in the main auditorium were distorted during the musical evening,2026-07-22 16:44:00,Events,support ticket,3
"street lights near basketball court are flickering, feels unsafe at night",2026-07-22 16:44:06,Security,email,2
"transcript request was processed within 2 working days, very impressed",2026-07-22 16:47:58,Administration,review,5
long queues at student welfare window due to single staff member operating,2026-07-22 16:55:15,Administration,survey,2
cricket nets require replacement as the netting has torn at several places,2026-07-22 17:15:03,Sports,survey,2
"driver on route 7 drives aggressively on speed breakers, please check",2026-07-22 17:31:34,Transportation,review,2
cultural fest organization was seamless and guest lectures were inspiring,2026-07-22 17:42:42,Events,support ticket,5
bus frequency during peak evening hours between 5pm-6pm is adequate,2026-07-22 18:33:24,Transportation,review,4
Drainage in ground floor washroom gets clogged every few days.,2026-07-22 19:10:13,Hostel,review,1
online fee receipt generation is instant and hassle-free,2026-07-22 19:41:49,Fees,email,4
schedule for end semester practical exams overlaps with elective test,2026-07-22 20:19:39,Academics,support ticket,2
morning breakfast poha and upma are quite decent and fresh,2026-07-22 20:50:13,Cafeteria,support ticket,4
need more copies of the latest edition algorithms reference book,2026-07-22 20:51:59,Library,review,3
elevator in engineering block was under maintenance during morning rush,2026-07-22 21:17:30,Facilities,review,2
Department lab computers cannot access intranet because academic Wi-Fi is failing.,2026-07-22 21:21:38,Academics,review,1
dustbins in cafeteria annex area overflow during lunch rush hours,2026-07-22 21:25:43,Cleanliness,email,2
long queues at student welfare window due to single staff member operating,2026-07-22 21:37:59,Administration,feedback form,2
cultural fest organization was seamless and guest lectures were inspiring,2026-07-22 21:40:21,Events,survey,5
classroom projectors in block 2 have low lamp brightness,2026-07-22 21:43:53,Facilities,survey,2
acoustics in the main auditorium were distorted during the musical evening,2026-07-22 21:49:25,Events,feedback form,3
juice bar offers great healthy options at subsidized student rates,2026-07-22 21:57:37,Cafeteria,feedback form,5
long queues at student welfare window due to single staff member operating,2026-07-22 22:03:21,Administration,email,2
profesor did not upload slides before midsem exam... vry frustrating.,2026-07-22 22:05:07,Cafeteria,support ticket,5
Internet in common areas is completely unusable after the recent router update.,2026-07-22 22:23:42,Wi-Fi/Internet,survey,1
mess cutlery is often greasy and not cleaned thoroughly,2026-07-22 22:25:39,Cafeteria,email,1
cultural fest organization was seamless and guest lectures were inspiring,2026-07-22 23:56:44,Events,review,5
Submission portal timed out during class quiz due to poor lecture hall Wi-Fi.,2026-07-23 00:09:35,Academics,survey,1
long queues at student welfare window due to single staff member operating,2026-07-23 00:38:40,Administration,email,2
online fee receipt generation is instant and hassle-free,2026-07-23 00:44:31,Fees,support ticket,4
"street lights near basketball court are flickering, feels unsafe at night",2026-07-23 01:16:15,Security,email,2
"street lights near basketball court are flickering, feels unsafe at night",2026-07-23 01:30:20,Security,review,2
"Plumbing maintenance in block B is very slow, taps are constantly dripping.",2026-07-23 01:32:58,Hostel,email,2
"driver on route 7 drives aggressively on speed breakers, please check",2026-07-23 01:49:38,Transportation,review,2
juice bar offers great healthy options at subsidized student rates,2026-07-23 02:32:00,Cafeteria,survey,5
late fee penalty policy is too rigid when bank server transactions fail,2026-07-23 02:39:50,Fees,survey,2
digital library terminal mice are sticky and need replacement,2026-07-23 03:39:19,Library,support ticket,2
digital library terminal mice are sticky and need replacement,2026-07-23 03:46:53,Library,feedback form,2
weekend transit schedule should include an extra night service from metro station,2026-07-23 03:49:19,Transportation,review,3
"street lights near basketball court are flickering, feels unsafe at night",2026-07-23 03:50:28,Security,review,2
"transcript request was processed within 2 working days, very impressed",2026-07-23 03:51:36,Administration,review,5
dustbins in cafeteria annex area overflow during lunch rush hours,2026-07-23 03:55:52,Cleanliness,email,2
"transcript request was processed within 2 working days, very impressed",2026-07-23 04:02:48,Administration,support ticket,5
Fees payment portal debited my account twice!! Kindly revert the amount quickly.,2026-07-23 04:48:43,Cleanliness,survey,3
bus frequency during peak evening hours between 5pm-6pm is adequate,2026-07-23 05:12:10,Transportation,feedback form,4
professors are approachable during designated office consultation hours,2026-07-23 05:13:31,Academics,support ticket,5
"street lights near basketball court are flickering, feels unsafe at night",2026-07-23 05:39:39,Security,feedback form,2
"Hostel Block D has zero Wi-Fi signal in corner rooms, forced to use mobile hotspot.",2026-07-23 05:53:25,Hostel,support ticket,1
"street lights near basketball court are flickering, feels unsafe at night",2026-07-23 06:07:35,Security,feedback form,2
"Gym treadmill belt is slipping, safety hazard!! kindly look into this matter.",2026-07-23 06:09:17,Events,survey,5
wfi in cafetaria is totally not working yaar... plz do the needful ASAP!!,2026-07-23 06:16:26,Facilities,support ticket,1
"food quality is mediocre, especially dinner menu is repetitive",2026-07-23 06:19:22,Cafeteria,feedback form,2
schedule for end semester practical exams overlaps with elective test,2026-07-23 06:40:54,Academics,feedback form,2
late fee penalty policy is too rigid when bank server transactions fail,2026-07-23 06:49:36,Fees,survey,2
"transcript request was processed within 2 working days, very impressed",2026-07-23 06:50:36,Administration,review,5
dustbins in cafeteria annex area overflow during lunch rush hours,2026-07-23 06:57:11,Cleanliness,survey,2
professors are approachable during designated office consultation hours,2026-07-23 07:09:35,Academics,feedback form,5
late fee penalty policy is too rigid when bank server transactions fail,2026-07-23 07:32:06,Fees,support ticket,2
campus security personnel are vigilant and polite at main vehicle checkpost,2026-07-23 08:14:19,Security,review,5
Water pressure in 4th floor hostel showers is almost zero in the morning.,2026-07-23 08:32:50,Hostel,review,1
"transcript request was processed within 2 working days, very impressed",2026-07-23 09:08:20,Administration,review,5
campus security personnel are vigilant and polite at main vehicle checkpost,2026-07-23 09:09:26,Security,review,5
restrooms in ground floor management block need more frequent checks,2026-07-23 09:10:41,Cleanliness,survey,2
"food quality is mediocre, especially dinner menu is repetitive",2026-07-23 09:41:12,Cafeteria,survey,2
lab equipment for digital electronics is outdated and some kits are faulty,2026-07-23 09:48:55,Academics,support ticket,2
late fee penalty policy is too rigid when bank server transactions fail,2026-07-23 10:04:34,Fees,email,2
weekend transit schedule should include an extra night service from metro station,2026-07-23 10:48:36,Transportation,survey,3
water coolers on third floor are functioning smoothly and chilled,2026-07-23 10:50:53,Facilities,survey,4
digital library terminal mice are sticky and need replacement,2026-07-23 10:56:35,Library,feedback form,2
late fee penalty policy is too rigid when bank server transactions fail,2026-07-23 11:10:12,Fees,email,2
campus grounds are kept remarkably green and litter-free,2026-07-23 12:44:36,Cleanliness,support ticket,5
Hot water is rarely available in block A bathrooms during morning hours.,2026-07-23 12:44:50,Hostel,feedback form,2
"street lights near basketball court are flickering, feels unsafe at night",2026-07-23 13:04:20,Security,support ticket,2
acoustics in the main auditorium were distorted during the musical evening,2026-07-23 13:47:10,Events,support ticket,3
Bathroom flush in hostel room 304 not working properly since two weeks.,2026-07-23 13:58:10,Hostel,review,1
"Hostel Block D has zero Wi-Fi signal in corner rooms, forced to use mobile hotspot.",2026-07-23 14:04:42,Hostel,survey,2
"street lights near basketball court are flickering, feels unsafe at night",2026-07-23 14:08:44,Security,email,2
cultural fest organization was seamless and guest lectures were inspiring,2026-07-23 14:45:43,Events,feedback form,5
badminton court wooden flooring has been maintained in top shape,2026-07-23 15:27:50,Sports,email,5
weekend transit schedule should include an extra night service from metro station,2026-07-23 15:45:10,Transportation,review,3
Water pressure in 4th floor hostel showers is almost zero in the morning.,2026-07-23 16:32:03,Hostel,survey,2
"transcript request was processed within 2 working days, very impressed",2026-07-23 16:41:18,Administration,email,5
"street lights near basketball court are flickering, feels unsafe at night",2026-07-23 17:34:13,Security,email,2
Internet in common areas is completely unusable after the recent router update.,2026-07-23 17:54:19,Wi-Fi/Internet,support ticket,1
cultural fest organization was seamless and guest lectures were inspiring,2026-07-23 18:02:49,Events,survey,5
badminton court wooden flooring has been maintained in top shape,2026-07-23 18:19:09,Sports,review,5
restrooms in ground floor management block need more frequent checks,2026-07-23 18:46:14,Cleanliness,feedback form,2
Water pressure in 4th floor hostel showers is almost zero in the morning.,2026-07-23 18:51:53,Hostel,feedback form,2
lab equipment for digital electronics is outdated and some kits are faulty,2026-07-23 19:00:10,Academics,support ticket,2
need more copies of the latest edition algorithms reference book,2026-07-23 19:00:12,Library,survey,3
Admin staff was extremely rude when I went for fee concession verification.,2026-07-23 19:21:36,Security,email,4
"street lights near basketball court are flickering, feels unsafe at night",2026-07-23 21:22:30,Security,support ticket,2
campus security personnel are vigilant and polite at main vehicle checkpost,2026-07-23 21:33:21,Security,support ticket,5
wfi in cafetaria is totally not working yaar... plz do the needful ASAP!!,2026-07-23 21:41:51,Security,feedback form,2
weekend transit schedule should include an extra night service from metro station,2026-07-23 22:12:24,Transportation,email,3
Admin staff was extremely rude when I went for fee concession verification.,2026-07-23 22:32:48,Fees,survey,1
profesor did not upload slides before midsem exam... vry frustrating.,2026-07-23 23:03:03,Academics,email,3
profesor did not upload slides before midsem exam... vry frustrating.,2026-07-23 23:27:29,Fees,email,1
digital library terminal mice are sticky and need replacement,2026-07-23 23:40:36,Library,feedback form,2
bus frequency during peak evening hours between 5pm-6pm is adequate,2026-07-23 23:45:02,Transportation,survey,4
professors are approachable during designated office consultation hours,2026-07-24 00:15:29,Academics,email,5
Hot water is rarely available in block A bathrooms during morning hours.,2026-07-24 00:26:11,Hostel,email,2
"hostle mess food is so cold by 7pm, not even eatable seriously :(",2026-07-24 01:00:35,Academics,email,4
badminton court wooden flooring has been maintained in top shape,2026-07-24 01:01:40,Sports,feedback form,5
campus security personnel are vigilant and polite at main vehicle checkpost,2026-07-24 01:29:10,Security,support ticket,5
"transcript request was processed within 2 working days, very impressed",2026-07-24 01:42:15,Administration,review,5
need more copies of the latest edition algorithms reference book,2026-07-24 02:10:05,Library,review,3
coffee machine in main canteen was broken for two days,2026-07-24 02:12:54,Cafeteria,review,2
long queues at student welfare window due to single staff member operating,2026-07-24 02:52:47,Administration,survey,2
Cannot download research papers from library digital section due to no Wi-Fi.,2026-07-24 03:01:01,Library,survey,1
mess cutlery is often greasy and not cleaned thoroughly,2026-07-24 03:13:33,Cafeteria,email,1
need more copies of the latest edition algorithms reference book,2026-07-24 03:19:37,Library,email,3
cultural fest organization was seamless and guest lectures were inspiring,2026-07-24 03:35:13,Events,support ticket,5
Department lab computers cannot access intranet because academic Wi-Fi is failing.,2026-07-24 03:36:06,Academics,review,1
dustbins in cafeteria annex area overflow during lunch rush hours,2026-07-24 03:40:45,Cleanliness,support ticket,2
schedule for end semester practical exams overlaps with elective test,2026-07-24 03:53:07,Academics,review,2
study desks in quiet section are comfortable and well-lit,2026-07-24 04:07:20,Library,feedback form,5
campus grounds are kept remarkably green and litter-free,2026-07-24 04:24:56,Cleanliness,email,5
late fee penalty policy is too rigid when bank server transactions fail,2026-07-24 04:26:43,Fees,feedback form,2
Water pressure in 4th floor hostel showers is almost zero in the morning.,2026-07-24 04:45:19,Hostel,feedback form,2
cricket nets require replacement as the netting has torn at several places,2026-07-24 05:06:38,Sports,survey,2
restrooms in ground floor management block need more frequent checks,2026-07-24 05:39:32,Cleanliness,feedback form,2
"transcript request was processed within 2 working days, very impressed",2026-07-24 06:12:29,Administration,support ticket,5
Security at night gate is stopping day-scholars unnecessarily without reason.,2026-07-24 06:30:35,Cafeteria,feedback form,1
late fee penalty policy is too rigid when bank server transactions fail,2026-07-24 06:36:18,Fees,email,2
online fee receipt generation is instant and hassle-free,2026-07-24 06:47:00,Fees,survey,4
Cannot download research papers from library digital section due to no Wi-Fi.,2026-07-24 07:01:17,Library,feedback form,2
Drainage in ground floor washroom gets clogged every few days.,2026-07-24 07:24:58,Hostel,feedback form,2
weekend transit schedule should include an extra night service from metro station,2026-07-24 07:46:59,Transportation,support ticket,3
weekend transit schedule should include an extra night service from metro station,2026-07-24 07:51:18,Transportation,feedback form,3
water coolers on third floor are functioning smoothly and chilled,2026-07-24 07:55:59,Facilities,review,4
mess cutlery is often greasy and not cleaned thoroughly,2026-07-24 08:04:06,Cafeteria,feedback form,1
campus security personnel are vigilant and polite at main vehicle checkpost,2026-07-24 08:13:54,Security,email,5
"street lights near basketball court are flickering, feels unsafe at night",2026-07-24 08:26:24,Security,review,2
cultural fest organization was seamless and guest lectures were inspiring,2026-07-24 08:44:29,Events,survey,5
wifi keeps disconnecting in library,2026-07-24 09:42:05,Library,feedback form,2
professors are approachable during designated office consultation hours,2026-07-24 09:51:30,Academics,support ticket,5
online fee receipt generation is instant and hassle-free,2026-07-24 09:57:31,Fees,review,4
study desks in quiet section are comfortable and well-lit,2026-07-24 09:58:30,Library,support ticket,5
dustbins in cafeteria annex area overflow during lunch rush hours,2026-07-24 10:23:49,Cleanliness,support ticket,2
need more copies of the latest edition algorithms reference book,2026-07-24 10:40:53,Library,email,3
acoustics in the main auditorium were distorted during the musical evening,2026-07-24 10:44:12,Events,review,3
"Cannot connect to library internet, frequent disconnects experienced",2026-07-24 10:45:54,Library,review,1
acoustics in the main auditorium were distorted during the musical evening,2026-07-24 11:02:36,Events,review,3
Drainage in ground floor washroom gets clogged every few days.,2026-07-24 11:39:28,Hostel,survey,1
"street lights near basketball court are flickering, feels unsafe at night",2026-07-24 12:07:18,Security,review,2
"transcript request was processed within 2 working days, very impressed",2026-07-24 12:16:23,Administration,review,5
need more copies of the latest edition algorithms reference book,2026-07-24 12:18:43,Library,feedback form,3
acoustics in the main auditorium were distorted during the musical evening,2026-07-24 12:31:08,Events,email,3
campus security personnel are vigilant and polite at main vehicle checkpost,2026-07-24 12:33:49,Security,survey,5
"Hostel Block D has zero Wi-Fi signal in corner rooms, forced to use mobile hotspot.",2026-07-24 13:11:06,Hostel,survey,2
weekend transit schedule should include an extra night service from metro station,2026-07-24 13:47:53,Transportation,support ticket,3
study desks in quiet section are comfortable and well-lit,2026-07-24 13:50:53,Library,survey,5
study desks in quiet section are comfortable and well-lit,2026-07-24 13:52:46,Library,review,5
"Hostel warden resolved the water cooler issue promptly, thank you.",2026-07-24 14:03:29,Security,email,1
weekend transit schedule should include an extra night service from metro station,2026-07-24 14:21:24,Transportation,feedback form,3
need more copies of the latest edition algorithms reference book,2026-07-24 14:30:45,Library,support ticket,3
cultural fest organization was seamless and guest lectures were inspiring,2026-07-24 14:43:16,Events,feedback form,5
classroom projectors in block 2 have low lamp brightness,2026-07-24 15:16:52,Facilities,review,2
Department lab computers cannot access intranet because academic Wi-Fi is failing.,2026-07-24 15:26:35,Academics,feedback form,2
long queues at student welfare window due to single staff member operating,2026-07-24 16:09:20,Administration,email,2
juice bar offers great healthy options at subsidized student rates,2026-07-24 16:39:50,Cafeteria,survey,5
juice bar offers great healthy options at subsidized student rates,2026-07-24 17:27:16,Cafeteria,survey,5
"street lights near basketball court are flickering, feels unsafe at night",2026-07-24 17:41:24,Security,support ticket,2
acoustics in the main auditorium were distorted during the musical evening,2026-07-24 18:17:46,Events,email,3
"street lights near basketball court are flickering, feels unsafe at night",2026-07-24 18:23:36,Security,email,2
schedule for end semester practical exams overlaps with elective test,2026-07-24 19:06:04,Academics,survey,2
Hostel geysers in block C are still leaking despite repeated complaints.,2026-07-24 19:24:34,Hostel,support ticket,2
study desks in quiet section are comfortable and well-lit,2026-07-24 19:31:24,Library,survey,5
"street lights near basketball court are flickering, feels unsafe at night",2026-07-24 19:55:52,Security,survey,2
cultural fest organization was seamless and guest lectures were inspiring,2026-07-24 19:58:42,Events,survey,5
"Plumbing maintenance in block B is very slow, taps are constantly dripping.",2026-07-24 20:05:26,Hostel,survey,2
late fee penalty policy is too rigid when bank server transactions fail,2026-07-24 20:09:35,Fees,support ticket,2
mess cutlery is often greasy and not cleaned thoroughly,2026-07-24 20:52:24,Cafeteria,review,1
Fees payment portal debited my account twice!! Kindly revert the amount quickly.,2026-07-24 21:26:57,Administration,email,2
juice bar offers great healthy options at subsidized student rates,2026-07-24 21:30:05,Cafeteria,survey,5
cultural fest organization was seamless and guest lectures were inspiring,2026-07-24 21:44:06,Events,survey,5
"street lights near basketball court are flickering, feels unsafe at night",2026-07-24 21:52:13,Security,review,2
"transcript request was processed within 2 working days, very impressed",2026-07-24 21:56:08,Administration,feedback form,5
Submission portal timed out during class quiz due to poor lecture hall Wi-Fi.,2026-07-24 22:04:04,Academics,support ticket,1
long queues at student welfare window due to single staff member operating,2026-07-24 22:09:30,Administration,feedback form,2
lab equipment for digital electronics is outdated and some kits are faulty,2026-07-24 22:54:27,Academics,support ticket,2
campus security personnel are vigilant and polite at main vehicle checkpost,2026-07-24 22:55:40,Security,support ticket,5
professors are approachable during designated office consultation hours,2026-07-24 23:05:58,Academics,email,5
juice bar offers great healthy options at subsidized student rates,2026-07-24 23:15:14,Cafeteria,feedback form,5
long queues at student welfare window due to single staff member operating,2026-07-24 23:17:50,Administration,survey,2
faculty feedback process is transparent and taken seriously by HOD,2026-07-24 23:41:22,Academics,feedback form,4
acoustics in the main auditorium were distorted during the musical evening,2026-07-24 23:54:09,Events,feedback form,3
water coolers on third floor are functioning smoothly and chilled,2026-07-25 00:10:35,Facilities,feedback form,4
campus grounds are kept remarkably green and litter-free,2026-07-25 00:25:17,Cleanliness,email,5
elevator in engineering block was under maintenance during morning rush,2026-07-25 00:56:54,Facilities,survey,2
classroom projectors in block 2 have low lamp brightness,2026-07-25 01:34:59,Facilities,email,2
weekend transit schedule should include an extra night service from metro station,2026-07-25 01:42:16,Transportation,email,3
digital library terminal mice are sticky and need replacement,2026-07-25 02:03:22,Library,email,2
Library reading room Wi-Fi fails every time more than 20 students join.,2026-07-25 02:40:11,Library,review,1
badminton court wooden flooring has been maintained in top shape,2026-07-25 02:53:31,Sports,email,5
weekend transit schedule should include an extra night service from metro station,2026-07-25 03:01:29,Transportation,support ticket,3
bus frequency during peak evening hours between 5pm-6pm is adequate,2026-07-25 03:47:51,Transportation,email,4
late fee penalty policy is too rigid when bank server transactions fail,2026-07-25 04:14:07,Fees,support ticket,2
"Plumbing maintenance in block B is very slow, taps are constantly dripping.",2026-07-25 04:16:55,Hostel,survey,1
Wi-Fi in hostel common room has been down for three days straight.,2026-07-25 04:50:14,Hostel,review,1
badminton court wooden flooring has been maintained in top shape,2026-07-25 04:54:56,Sports,survey,5
"driver on route 7 drives aggressively on speed breakers, please check",2026-07-25 05:15:01,Transportation,email,2
Submission portal timed out during class quiz due to poor lecture hall Wi-Fi.,2026-07-25 05:55:17,Academics,email,2
digital library terminal mice are sticky and need replacement,2026-07-25 06:36:12,Library,survey,2
online fee receipt generation is instant and hassle-free,2026-07-25 06:36:25,Fees,support ticket,4
classroom projectors in block 2 have low lamp brightness,2026-07-25 07:40:05,Facilities,support ticket,2
professors are approachable during designated office consultation hours,2026-07-25 07:48:33,Academics,survey,5
"transcript request was processed within 2 working days, very impressed",2026-07-25 08:00:18,Administration,review,5
schedule for end semester practical exams overlaps with elective test,2026-07-25 08:07:02,Academics,review,2
"driver on route 7 drives aggressively on speed breakers, please check",2026-07-25 08:08:20,Transportation,feedback form,2
faculty feedback process is transparent and taken seriously by HOD,2026-07-25 08:19:26,Academics,review,4
classroom projectors in block 2 have low lamp brightness,2026-07-25 09:28:07,Facilities,email,2
cricket nets require replacement as the netting has torn at several places,2026-07-25 09:40:33,Sports,support ticket,2
"driver on route 7 drives aggressively on speed breakers, please check",2026-07-25 09:45:44,Transportation,review,2
classroom projectors in block 2 have low lamp brightness,2026-07-25 09:58:44,Facilities,feedback form,2
Wi-Fi in hostel common room has been down for three days straight.,2026-07-25 10:20:36,Hostel,email,2
weekend transit schedule should include an extra night service from metro station,2026-07-25 10:22:02,Transportation,feedback form,3
"transcript request was processed within 2 working days, very impressed",2026-07-25 11:33:01,Administration,feedback form,5
acoustics in the main auditorium were distorted during the musical evening,2026-07-25 11:36:46,Events,email,3
"transcript request was processed within 2 working days, very impressed",2026-07-25 12:11:44,Administration,email,5
study desks in quiet section are comfortable and well-lit,2026-07-25 12:13:29,Library,feedback form,5
campus grounds are kept remarkably green and litter-free,2026-07-25 12:34:28,Cleanliness,support ticket,5
campus security personnel are vigilant and polite at main vehicle checkpost,2026-07-25 12:41:23,Security,review,5
elevator in engineering block was under maintenance during morning rush,2026-07-25 12:42:03,Facilities,feedback form,2
water coolers on third floor are functioning smoothly and chilled,2026-07-25 12:59:28,Facilities,email,4
dustbins in cafeteria annex area overflow during lunch rush hours,2026-07-25 13:23:50,Cleanliness,feedback form,2
long queues at student welfare window due to single staff member operating,2026-07-25 13:28:37,Administration,feedback form,2
Library reading room Wi-Fi fails every time more than 20 students join.,2026-07-25 13:30:41,Library,survey,1
"transcript request was processed within 2 working days, very impressed",2026-07-25 13:35:10,Administration,feedback form,5
Cannot download research papers from library digital section due to no Wi-Fi.,2026-07-25 13:47:59,Library,email,2
juice bar offers great healthy options at subsidized student rates,2026-07-25 13:55:19,Cafeteria,feedback form,5
Submission portal timed out during class quiz due to poor lecture hall Wi-Fi.,2026-07-25 14:05:25,Academics,survey,2
weekend transit schedule should include an extra night service from metro station,2026-07-25 14:37:50,Transportation,survey,3
campus security personnel are vigilant and polite at main vehicle checkpost,2026-07-25 14:45:59,Security,support ticket,5
mess cutlery is often greasy and not cleaned thoroughly,2026-07-25 14:47:56,Cafeteria,feedback form,1
"Gym treadmill belt is slipping, safety hazard!! kindly look into this matter.",2026-07-25 16:26:48,Security,email,4
elevator in engineering block was under maintenance during morning rush,2026-07-25 16:28:00,Facilities,feedback form,2
cricket nets require replacement as the netting has torn at several places,2026-07-25 16:35:52,Sports,survey,2
water coolers on third floor are functioning smoothly and chilled,2026-07-25 16:39:42,Facilities,survey,4
badminton court wooden flooring has been maintained in top shape,2026-07-25 16:49:02,Sports,feedback form,5
long queues at student welfare window due to single staff member operating,2026-07-25 16:51:44,Administration,survey,2
lab equipment for digital electronics is outdated and some kits are faulty,2026-07-25 17:01:53,Academics,support ticket,2
morning breakfast poha and upma are quite decent and fresh,2026-07-25 17:06:47,Cafeteria,feedback form,4
cricket nets require replacement as the netting has torn at several places,2026-07-25 17:32:03,Sports,feedback form,2
coffee machine in main canteen was broken for two days,2026-07-25 17:47:34,Cafeteria,survey,2
"Library wifi keeps dropping connection every 10 minutes, cannot study",2026-07-25 17:54:09,Library,email,1
professors are approachable during designated office consultation hours,2026-07-25 18:03:44,Academics,feedback form,5
acoustics in the main auditorium were distorted during the musical evening,2026-07-25 18:26:50,Events,feedback form,3
"food quality is mediocre, especially dinner menu is repetitive",2026-07-25 18:34:29,Cafeteria,email,2
"transcript request was processed within 2 working days, very impressed",2026-07-25 18:56:49,Administration,review,5
cricket nets require replacement as the netting has torn at several places,2026-07-25 18:57:29,Sports,email,2
water coolers on third floor are functioning smoothly and chilled,2026-07-25 18:58:45,Facilities,review,4
"driver on route 7 drives aggressively on speed breakers, please check",2026-07-25 19:02:03,Transportation,email,2
cultural fest organization was seamless and guest lectures were inspiring,2026-07-25 19:12:51,Events,support ticket,5
campus security personnel are vigilant and polite at main vehicle checkpost,2026-07-25 19:14:10,Security,survey,5
Air conditioning in seminar hall 2 is leaking water on the front row seats.,2026-07-25 19:31:04,Administration,email,5
late fee penalty policy is too rigid when bank server transactions fail,2026-07-25 20:22:40,Fees,survey,2
juice bar offers great healthy options at subsidized student rates,2026-07-25 20:49:49,Cafeteria,review,5
"street lights near basketball court are flickering, feels unsafe at night",2026-07-25 20:58:49,Security,feedback form,2
professors are approachable during designated office consultation hours,2026-07-25 22:00:16,Academics,survey,5
late fee penalty policy is too rigid when bank server transactions fail,2026-07-25 22:36:43,Fees,review,2
late fee penalty policy is too rigid when bank server transactions fail,2026-07-25 23:19:50,Fees,feedback form,2
dustbins in cafeteria annex area overflow during lunch rush hours,2026-07-25 23:47:35,Cleanliness,support ticket,2
dustbins in cafeteria annex area overflow during lunch rush hours,2026-07-25 23:49:57,Cleanliness,email,2
"transcript request was processed within 2 working days, very impressed",2026-07-26 00:03:15,Administration,feedback form,5
long queues at student welfare window due to single staff member operating,2026-07-26 00:30:53,Administration,survey,2
long queues at student welfare window due to single staff member operating,2026-07-26 01:23:11,Administration,feedback form,2
water coolers on third floor are functioning smoothly and chilled,2026-07-26 01:38:58,Facilities,review,4
professors are approachable during designated office consultation hours,2026-07-26 02:23:48,Academics,support ticket,5
weekend transit schedule should include an extra night service from metro station,2026-07-26 02:27:23,Transportation,email,3
cricket nets require replacement as the netting has torn at several places,2026-07-26 02:39:52,Sports,feedback form,2
coffee machine in main canteen was broken for two days,2026-07-26 02:45:00,Cafeteria,support ticket,2
late fee penalty policy is too rigid when bank server transactions fail,2026-07-26 03:14:37,Fees,support ticket,2
dustbins in cafeteria annex area overflow during lunch rush hours,2026-07-26 03:17:17,Cleanliness,survey,2
restrooms in ground floor management block need more frequent checks,2026-07-26 03:21:43,Cleanliness,survey,2
dustbins in cafeteria annex area overflow during lunch rush hours,2026-07-26 04:41:46,Cleanliness,feedback form,2
weekend transit schedule should include an extra night service from metro station,2026-07-26 04:51:12,Transportation,support ticket,3
"food quality is mediocre, especially dinner menu is repetitive",2026-07-26 04:56:00,Cafeteria,feedback form,2
late fee penalty policy is too rigid when bank server transactions fail,2026-07-26 05:44:44,Fees,email,2
bus frequency during peak evening hours between 5pm-6pm is adequate,2026-07-26 06:08:03,Transportation,feedback form,4
late fee penalty policy is too rigid when bank server transactions fail,2026-07-26 06:12:41,Fees,support ticket,2
study desks in quiet section are comfortable and well-lit,2026-07-26 06:32:13,Library,survey,5
schedule for end semester practical exams overlaps with elective test,2026-07-26 06:32:31,Academics,support ticket,2
digital library terminal mice are sticky and need replacement,2026-07-26 06:38:00,Library,review,2
bus frequency during peak evening hours between 5pm-6pm is adequate,2026-07-26 06:40:56,Transportation,survey,4
faculty feedback process is transparent and taken seriously by HOD,2026-07-26 06:41:23,Academics,feedback form,4
"transcript request was processed within 2 working days, very impressed",2026-07-26 06:54:47,Administration,survey,5
"street lights near basketball court are flickering, feels unsafe at night",2026-07-26 06:57:17,Security,survey,2
campus security personnel are vigilant and polite at main vehicle checkpost,2026-07-26 08:36:59,Security,review,5
weekend transit schedule should include an extra night service from metro station,2026-07-26 08:43:29,Transportation,support ticket,3
restrooms in ground floor management block need more frequent checks,2026-07-26 08:55:28,Cleanliness,survey,2
Hostel geysers in block C are still leaking despite repeated complaints.,2026-07-26 09:00:12,Hostel,email,1
professors are approachable during designated office consultation hours,2026-07-26 09:15:57,Academics,support ticket,5
"driver on route 7 drives aggressively on speed breakers, please check",2026-07-26 09:27:29,Transportation,support ticket,2
long queues at student welfare window due to single staff member operating,2026-07-26 09:32:47,Administration,email,2
mess cutlery is often greasy and not cleaned thoroughly,2026-07-26 09:45:26,Cafeteria,review,1
study desks in quiet section are comfortable and well-lit,2026-07-26 10:20:36,Library,feedback form,5
cultural fest organization was seamless and guest lectures were inspiring,2026-07-26 11:15:47,Events,feedback form,5
"driver on route 7 drives aggressively on speed breakers, please check",2026-07-26 11:24:57,Transportation,survey,2
profesor did not upload slides before midsem exam... vry frustrating.,2026-07-26 11:41:13,Cleanliness,email,1
water coolers on third floor are functioning smoothly and chilled,2026-07-26 11:48:39,Facilities,feedback form,4
cricket nets require replacement as the netting has torn at several places,2026-07-26 11:59:09,Sports,review,2
professors are approachable during designated office consultation hours,2026-07-26 12:36:29,Academics,feedback form,5
restrooms in ground floor management block need more frequent checks,2026-07-26 13:16:20,Cleanliness,email,2
"transcript request was processed within 2 working days, very impressed",2026-07-26 13:20:07,Administration,feedback form,5
schedule for end semester practical exams overlaps with elective test,2026-07-26 13:55:01,Academics,review,2
Cannot download research papers from library digital section due to no Wi-Fi.,2026-07-26 13:55:18,Library,review,2
professors are approachable during designated office consultation hours,2026-07-26 13:57:48,Academics,feedback form,5
weekend transit schedule should include an extra night service from metro station,2026-07-26 14:14:03,Transportation,feedback form,3
Internet in common areas is completely unusable after the recent router update.,2026-07-26 14:37:47,Wi-Fi/Internet,email,1
Bathroom flush in hostel room 304 not working properly since two weeks.,2026-07-26 15:35:30,Hostel,email,2
late fee penalty policy is too rigid when bank server transactions fail,2026-07-26 15:37:33,Fees,feedback form,2
lab equipment for digital electronics is outdated and some kits are faulty,2026-07-26 15:54:03,Academics,support ticket,2
study desks in quiet section are comfortable and well-lit,2026-07-26 16:12:55,Library,review,5
faculty feedback process is transparent and taken seriously by HOD,2026-07-26 16:32:35,Academics,review,4
cricket nets require replacement as the netting has torn at several places,2026-07-26 17:33:31,Sports,email,2
elevator in engineering block was under maintenance during morning rush,2026-07-26 18:23:00,Facilities,feedback form,2
cricket nets require replacement as the netting has torn at several places,2026-07-26 18:36:23,Sports,feedback form,2
schedule for end semester practical exams overlaps with elective test,2026-07-26 19:36:27,Academics,review,2
elevator in engineering block was under maintenance during morning rush,2026-07-26 20:00:00,Facilities,feedback form,2
cultural fest organization was seamless and guest lectures were inspiring,2026-07-26 20:13:44,Events,email,5
dustbins in cafeteria annex area overflow during lunch rush hours,2026-07-26 20:29:40,Cleanliness,email,2
faculty feedback process is transparent and taken seriously by HOD,2026-07-26 20:36:03,Academics,review,4
professors are approachable during designated office consultation hours,2026-07-26 20:51:46,Academics,feedback form,5
classroom projectors in block 2 have low lamp brightness,2026-07-26 21:04:10,Facilities,feedback form,2
"food quality is mediocre, especially dinner menu is repetitive",2026-07-26 21:04:39,Cafeteria,survey,2
need more copies of the latest edition algorithms reference book,2026-07-26 21:15:46,Library,survey,3
Bathroom flush in hostel room 304 not working properly since two weeks.,2026-07-26 22:19:22,Hostel,feedback form,2
Bathroom flush in hostel room 304 not working properly since two weeks.,2026-07-26 22:26:14,Hostel,email,2
"food quality is mediocre, especially dinner menu is repetitive",2026-07-26 22:37:41,Cafeteria,feedback form,2
long queues at student welfare window due to single staff member operating,2026-07-26 22:38:59,Administration,support ticket,2
"Hostel bathroom cleanliness is substandard, cleaning staff does not show up daily.",2026-07-26 23:01:11,Hostel,feedback form,1
faculty feedback process is transparent and taken seriously by HOD,2026-07-26 23:09:57,Academics,email,4
long queues at student welfare window due to single staff member operating,2026-07-26 23:26:46,Administration,email,2
cricket nets require replacement as the netting has torn at several places,2026-07-26 23:51:41,Sports,feedback form,2
faculty feedback process is transparent and taken seriously by HOD,2026-07-27 00:04:54,Academics,survey,4
faculty feedback process is transparent and taken seriously by HOD,2026-07-27 00:30:50,Academics,survey,4
"Gym treadmill belt is slipping, safety hazard!! kindly look into this matter.",2026-07-27 00:35:10,Security,survey,1
study desks in quiet section are comfortable and well-lit,2026-07-27 00:39:41,Library,review,5
elevator in engineering block was under maintenance during morning rush,2026-07-27 00:53:07,Facilities,feedback form,2
badminton court wooden flooring has been maintained in top shape,2026-07-27 01:33:13,Sports,survey,5
coffee machine in main canteen was broken for two days,2026-07-27 01:38:30,Cafeteria,support ticket,2
cultural fest organization was seamless and guest lectures were inspiring,2026-07-27 02:05:40,Events,email,5
classroom projectors in block 2 have low lamp brightness,2026-07-27 02:37:14,Facilities,feedback form,2
classroom projectors in block 2 have low lamp brightness,2026-07-27 02:50:22,Facilities,review,2
"Cleanliness of admin block stairs is pathetic, dust everywhere since monday.",2026-07-27 02:52:56,Facilities,review,1
"food quality is mediocre, especially dinner menu is repetitive",2026-07-27 03:01:00,Cafeteria,survey,2
"street lights near basketball court are flickering, feels unsafe at night",2026-07-27 03:13:37,Security,survey,2
online fee receipt generation is instant and hassle-free,2026-07-27 03:37:16,Fees,survey,4
water coolers on third floor are functioning smoothly and chilled,2026-07-27 03:53:36,Facilities,feedback form,4
"street lights near basketball court are flickering, feels unsafe at night",2026-07-27 04:12:50,Security,review,2
late fee penalty policy is too rigid when bank server transactions fail,2026-07-27 04:24:49,Fees,support ticket,2
dustbins in cafeteria annex area overflow during lunch rush hours,2026-07-27 04:35:04,Cleanliness,support ticket,2
"hostle mess food is so cold by 7pm, not even eatable seriously :(",2026-07-27 04:48:46,Cafeteria,email,1
"street lights near basketball court are flickering, feels unsafe at night",2026-07-27 04:50:34,Security,survey,2
"transcript request was processed within 2 working days, very impressed",2026-07-27 05:22:33,Administration,support ticket,5
campus security personnel are vigilant and polite at main vehicle checkpost,2026-07-27 05:28:11,Security,email,5
digital library terminal mice are sticky and need replacement,2026-07-27 05:41:51,Library,review,2
water coolers on third floor are functioning smoothly and chilled,2026-07-27 05:45:18,Facilities,survey,4
wfi in cafetaria is totally not working yaar... plz do the needful ASAP!!,2026-07-27 05:47:32,Sports,email,5
acoustics in the main auditorium were distorted during the musical evening,2026-07-27 05:54:50,Events,survey,3
digital library terminal mice are sticky and need replacement,2026-07-27 06:05:55,Library,review,2
digital library terminal mice are sticky and need replacement,2026-07-27 06:33:44,Library,email,2
long queues at student welfare window due to single staff member operating,2026-07-27 06:35:51,Administration,survey,2
Continuous wi-fi dropouts while studying on 2nd floor of library,2026-07-27 06:40:56,Library,email,2
cultural fest organization was seamless and guest lectures were inspiring,2026-07-27 06:43:54,Events,support ticket,5
bus frequency during peak evening hours between 5pm-6pm is adequate,2026-07-27 07:00:31,Transportation,feedback form,4
cultural fest organization was seamless and guest lectures were inspiring,2026-07-27 07:16:48,Events,survey,5
"Library wifi keeps dropping connection every 10 minutes, cannot study",2026-07-27 07:22:02,Library,review,1
"food quality is mediocre, especially dinner menu is repetitive",2026-07-27 08:03:02,Cafeteria,email,2
"street lights near basketball court are flickering, feels unsafe at night",2026-07-27 08:10:58,Security,feedback form,2
morning breakfast poha and upma are quite decent and fresh,2026-07-27 08:41:02,Cafeteria,support ticket,4
late fee penalty policy is too rigid when bank server transactions fail,2026-07-27 08:54:55,Fees,survey,2
study desks in quiet section are comfortable and well-lit,2026-07-27 09:22:55,Library,email,5
juice bar offers great healthy options at subsidized student rates,2026-07-27 09:29:17,Cafeteria,feedback form,5
badminton court wooden flooring has been maintained in top shape,2026-07-27 09:42:19,Sports,feedback form,5
"street lights near basketball court are flickering, feels unsafe at night",2026-07-27 10:54:30,Security,feedback form,2
badminton court wooden flooring has been maintained in top shape,2026-07-27 11:44:30,Sports,feedback form,5
badminton court wooden flooring has been maintained in top shape,2026-07-27 11:53:59,Sports,survey,5
Library staff was very helpful with issuing reference textbooks today.,2026-07-27 12:00:58,Events,feedback form,3
schedule for end semester practical exams overlaps with elective test,2026-07-27 12:18:42,Academics,feedback form,2
need more copies of the latest edition algorithms reference book,2026-07-27 12:32:43,Library,feedback form,3
acoustics in the main auditorium were distorted during the musical evening,2026-07-27 12:51:44,Events,support ticket,3
need more copies of the latest edition algorithms reference book,2026-07-27 12:55:48,Library,support ticket,3
study desks in quiet section are comfortable and well-lit,2026-07-27 13:07:53,Library,review,5
cultural fest organization was seamless and guest lectures were inspiring,2026-07-27 13:15:36,Events,survey,5
badminton court wooden flooring has been maintained in top shape,2026-07-27 13:21:01,Sports,review,5
badminton court wooden flooring has been maintained in top shape,2026-07-27 14:20:04,Sports,email,5
online fee receipt generation is instant and hassle-free,2026-07-27 14:42:30,Fees,email,4
weekend transit schedule should include an extra night service from metro station,2026-07-27 14:48:55,Transportation,survey,3
Great workshop conducted by robotics club! Really learned a lot.,2026-07-27 14:52:48,Academics,support ticket,5
lab equipment for digital electronics is outdated and some kits are faulty,2026-07-27 14:55:12,Academics,support ticket,2
long queues at student welfare window due to single staff member operating,2026-07-27 14:57:57,Administration,review,2
late fee penalty policy is too rigid when bank server transactions fail,2026-07-27 15:07:27,Fees,review,2
cricket nets require replacement as the netting has torn at several places,2026-07-27 15:41:05,Sports,survey,2
campus security personnel are vigilant and polite at main vehicle checkpost,2026-07-27 15:54:17,Security,email,5
"driver on route 7 drives aggressively on speed breakers, please check",2026-07-27 15:59:23,Transportation,review,2
"Plumbing maintenance in block B is very slow, taps are constantly dripping.",2026-07-27 16:00:22,Hostel,survey,1
badminton court wooden flooring has been maintained in top shape,2026-07-27 16:07:21,Sports,email,5
professors are approachable during designated office consultation hours,2026-07-27 16:15:25,Academics,email,5
lab equipment for digital electronics is outdated and some kits are faulty,2026-07-27 16:19:38,Academics,support ticket,2
Water pressure in 4th floor hostel showers is almost zero in the morning.,2026-07-27 17:02:18,Hostel,support ticket,2
faculty feedback process is transparent and taken seriously by HOD,2026-07-27 17:12:11,Academics,feedback form,4
"Hostel Block D has zero Wi-Fi signal in corner rooms, forced to use mobile hotspot.",2026-07-27 17:16:33,Hostel,survey,1
late fee penalty policy is too rigid when bank server transactions fail,2026-07-27 17:18:00,Fees,review,2
acoustics in the main auditorium were distorted during the musical evening,2026-07-27 17:22:59,Events,support ticket,3
campus security personnel are vigilant and polite at main vehicle checkpost,2026-07-27 17:32:00,Security,support ticket,5
"Cleanliness of admin block stairs is pathetic, dust everywhere since monday.",2026-07-27 17:48:23,Sports,review,3
digital library terminal mice are sticky and need replacement,2026-07-27 18:05:26,Library,support ticket,2
acoustics in the main auditorium were distorted during the musical evening,2026-07-27 18:53:08,Events,review,3
campus security personnel are vigilant and polite at main vehicle checkpost,2026-07-27 19:13:30,Security,review,5
"driver on route 7 drives aggressively on speed breakers, please check",2026-07-27 19:26:55,Transportation,survey,2
Fees payment portal debited my account twice!! Kindly revert the amount quickly.,2026-07-27 20:06:19,Events,support ticket,3
elevator in engineering block was under maintenance during morning rush,2026-07-27 20:12:20,Facilities,review,2
elevator in engineering block was under maintenance during morning rush,2026-07-27 20:48:00,Facilities,survey,2
need more copies of the latest edition algorithms reference book,2026-07-27 20:48:47,Library,email,3
online fee receipt generation is instant and hassle-free,2026-07-27 21:38:35,Fees,review,4
acoustics in the main auditorium were distorted during the musical evening,2026-07-27 21:43:45,Events,support ticket,3
"Gym treadmill belt is slipping, safety hazard!! kindly look into this matter.",2026-07-27 21:55:57,Cleanliness,feedback form,3
online fee receipt generation is instant and hassle-free,2026-07-27 22:03:19,Fees,review,4
faculty feedback process is transparent and taken seriously by HOD,2026-07-27 22:49:51,Academics,review,4
lab equipment for digital electronics is outdated and some kits are faulty,2026-07-27 22:55:24,Academics,email,2
campus security personnel are vigilant and polite at main vehicle checkpost,2026-07-27 23:11:07,Security,survey,5
need more copies of the latest edition algorithms reference book,2026-07-27 23:17:21,Library,survey,3
schedule for end semester practical exams overlaps with elective test,2026-07-27 23:23:11,Academics,review,2
need more copies of the latest edition algorithms reference book,2026-07-27 23:26:36,Library,email,3
schedule for end semester practical exams overlaps with elective test,2026-07-28 00:03:52,Academics,survey,2
dustbins in cafeteria annex area overflow during lunch rush hours,2026-07-28 00:11:17,Cleanliness,feedback form,2
professors are approachable during designated office consultation hours,2026-07-28 00:14:51,Academics,email,5
water coolers on third floor are functioning smoothly and chilled,2026-07-28 00:19:19,Facilities,support ticket,4
"street lights near basketball court are flickering, feels unsafe at night",2026-07-28 01:26:55,Security,feedback form,2
morning breakfast poha and upma are quite decent and fresh,2026-07-28 02:16:54,Cafeteria,survey,4
Drainage in ground floor washroom gets clogged every few days.,2026-07-28 02:19:30,Hostel,email,1
elevator in engineering block was under maintenance during morning rush,2026-07-28 03:32:01,Facilities,support ticket,2
need more copies of the latest edition algorithms reference book,2026-07-28 03:34:18,Library,survey,3
"street lights near basketball court are flickering, feels unsafe at night",2026-07-28 03:44:08,Security,feedback form,2
campus grounds are kept remarkably green and litter-free,2026-07-28 03:49:52,Cleanliness,email,5
long queues at student welfare window due to single staff member operating,2026-07-28 03:53:53,Administration,survey,2
lab equipment for digital electronics is outdated and some kits are faulty,2026-07-28 04:02:19,Academics,survey,2
online fee receipt generation is instant and hassle-free,2026-07-28 04:15:08,Fees,review,4
acoustics in the main auditorium were distorted during the musical evening,2026-07-28 04:25:50,Events,email,3
schedule for end semester practical exams overlaps with elective test,2026-07-28 04:39:51,Academics,feedback form,2
badminton court wooden flooring has been maintained in top shape,2026-07-28 04:58:04,Sports,feedback form,5
cricket nets require replacement as the netting has torn at several places,2026-07-28 05:35:23,Sports,email,2
Library staff was very helpful with issuing reference textbooks today.,2026-07-28 06:39:36,Sports,support ticket,4
"Library wifi keeps dropping connection every 10 minutes, cannot study",2026-07-28 06:43:23,Library,feedback form,2
Wi-Fi in hostel common room has been down for three days straight.,2026-07-28 06:58:02,Hostel,feedback form,2
late fee penalty policy is too rigid when bank server transactions fail,2026-07-28 07:13:35,Fees,support ticket,2
"transcript request was processed within 2 working days, very impressed",2026-07-28 07:35:21,Administration,review,5
cricket nets require replacement as the netting has torn at several places,2026-07-28 07:37:22,Sports,feedback form,2
"street lights near basketball court are flickering, feels unsafe at night",2026-07-28 07:48:04,Security,email,2
bus frequency during peak evening hours between 5pm-6pm is adequate,2026-07-28 07:49:00,Transportation,review,4
online fee receipt generation is instant and hassle-free,2026-07-28 08:33:01,Fees,survey,4
badminton court wooden flooring has been maintained in top shape,2026-07-28 08:47:30,Sports,review,5
Air conditioning in seminar hall 2 is leaking water on the front row seats.,2026-07-28 09:49:06,Sports,support ticket,4
"Hostel bathroom cleanliness is substandard, cleaning staff does not show up daily.",2026-07-28 09:57:32,Hostel,feedback form,1
study desks in quiet section are comfortable and well-lit,2026-07-28 10:10:09,Library,review,5
long queues at student welfare window due to single staff member operating,2026-07-28 10:37:22,Administration,feedback form,2
coffee machine in main canteen was broken for two days,2026-07-28 10:51:22,Cafeteria,email,2
long queues at student welfare window due to single staff member operating,2026-07-28 11:37:45,Administration,support ticket,2
Cannot download research papers from library digital section due to no Wi-Fi.,2026-07-28 11:49:38,Library,support ticket,2
morning breakfast poha and upma are quite decent and fresh,2026-07-28 11:49:50,Cafeteria,review,4
bus frequency during peak evening hours between 5pm-6pm is adequate,2026-07-28 12:03:02,Transportation,email,4
elevator in engineering block was under maintenance during morning rush,2026-07-28 12:10:16,Facilities,email,2
Bathroom flush in hostel room 304 not working properly since two weeks.,2026-07-28 12:10:51,Hostel,support ticket,1
dustbins in cafeteria annex area overflow during lunch rush hours,2026-07-28 12:54:37,Cleanliness,feedback form,2
water coolers on third floor are functioning smoothly and chilled,2026-07-28 12:55:42,Facilities,review,4
cricket nets require replacement as the netting has torn at several places,2026-07-28 13:43:01,Sports,support ticket,2
campus grounds are kept remarkably green and litter-free,2026-07-28 14:02:12,Cleanliness,feedback form,5
late fee penalty policy is too rigid when bank server transactions fail,2026-07-28 14:05:39,Fees,support ticket,2
"driver on route 7 drives aggressively on speed breakers, please check",2026-07-28 14:33:22,Transportation,review,2
schedule for end semester practical exams overlaps with elective test,2026-07-28 15:21:24,Academics,review,2
Wi-Fi in hostel common room has been down for three days straight.,2026-07-28 15:53:46,Hostel,email,1
dustbins in cafeteria annex area overflow during lunch rush hours,2026-07-28 16:22:46,Cleanliness,support ticket,2
lab equipment for digital electronics is outdated and some kits are faulty,2026-07-28 16:29:30,Academics,email,2
campus security personnel are vigilant and polite at main vehicle checkpost,2026-07-28 16:43:39,Security,support ticket,5
study desks in quiet section are comfortable and well-lit,2026-07-28 16:57:53,Library,feedback form,5
weekend transit schedule should include an extra night service from metro station,2026-07-28 16:58:30,Transportation,survey,3
Central library Wi-Fi connectivity is extremely unstable this week,2026-07-28 17:03:05,Library,email,2
"transcript request was processed within 2 working days, very impressed",2026-07-28 17:16:16,Administration,survey,5
cultural fest organization was seamless and guest lectures were inspiring,2026-07-28 17:27:18,Events,survey,5
"food quality is mediocre, especially dinner menu is repetitive",2026-07-28 17:50:45,Cafeteria,feedback form,2
late fee penalty policy is too rigid when bank server transactions fail,2026-07-28 18:01:30,Fees,feedback form,2
professors are approachable during designated office consultation hours,2026-07-28 18:05:54,Academics,feedback form,5
campus security personnel are vigilant and polite at main vehicle checkpost,2026-07-28 18:24:54,Security,review,5
"driver on route 7 drives aggressively on speed breakers, please check",2026-07-28 18:36:38,Transportation,review,2
need more copies of the latest edition algorithms reference book,2026-07-28 18:40:01,Library,survey,3
"street lights near basketball court are flickering, feels unsafe at night",2026-07-28 18:42:01,Security,review,2
campus security personnel are vigilant and polite at main vehicle checkpost,2026-07-28 18:46:24,Security,review,5
Great workshop conducted by robotics club! Really learned a lot.,2026-07-28 18:58:32,Cafeteria,feedback form,1
professors are approachable during designated office consultation hours,2026-07-28 19:07:43,Academics,review,5
acoustics in the main auditorium were distorted during the musical evening,2026-07-28 19:18:59,Events,support ticket,3
long queues at student welfare window due to single staff member operating,2026-07-28 19:20:10,Administration,support ticket,2
acoustics in the main auditorium were distorted during the musical evening,2026-07-28 19:40:59,Events,review,3
study desks in quiet section are comfortable and well-lit,2026-07-28 19:49:29,Library,email,5
online fee receipt generation is instant and hassle-free,2026-07-28 20:10:08,Fees,feedback form,4
elevator in engineering block was under maintenance during morning rush,2026-07-28 20:12:25,Facilities,survey,2
professors are approachable during designated office consultation hours,2026-07-28 20:22:36,Academics,review,5
digital library terminal mice are sticky and need replacement,2026-07-28 21:09:31,Library,survey,2
Bathroom flush in hostel room 304 not working properly since two weeks.,2026-07-28 21:31:32,Hostel,support ticket,2
Internet keeps shutting off while researching in the university library,2026-07-28 21:38:58,Library,support ticket,2
restrooms in ground floor management block need more frequent checks,2026-07-28 21:40:46,Cleanliness,survey,2
"driver on route 7 drives aggressively on speed breakers, please check",2026-07-28 21:41:43,Transportation,email,2
Wi-Fi in hostel common room has been down for three days straight.,2026-07-28 21:44:23,Hostel,review,1
Hostel room switchboards are loose and maintenance hasn't fixed them yet.,2026-07-28 22:16:30,Hostel,support ticket,2
morning breakfast poha and upma are quite decent and fresh,2026-07-28 23:06:13,Cafeteria,feedback form,4
Water pressure in 4th floor hostel showers is almost zero in the morning.,2026-07-28 23:27:20,Hostel,feedback form,2
wfi in cafetaria is totally not working yaar... plz do the needful ASAP!!,2026-07-28 23:46:05,Security,support ticket,5
digital library terminal mice are sticky and need replacement,2026-07-28 23:48:34,Library,survey,2
water coolers on third floor are functioning smoothly and chilled,2026-07-29 00:21:12,Facilities,support ticket,4
"driver on route 7 drives aggressively on speed breakers, please check",2026-07-29 00:38:55,Transportation,support ticket,2
juice bar offers great healthy options at subsidized student rates,2026-07-29 00:51:58,Cafeteria,review,5
bus frequency during peak evening hours between 5pm-6pm is adequate,2026-07-29 01:13:46,Transportation,survey,4
campus security personnel are vigilant and polite at main vehicle checkpost,2026-07-29 01:25:17,Security,email,5
cricket nets require replacement as the netting has torn at several places,2026-07-29 02:07:33,Sports,review,2
restrooms in ground floor management block need more frequent checks,2026-07-29 02:29:19,Cleanliness,support ticket,2
morning breakfast poha and upma are quite decent and fresh,2026-07-29 02:59:56,Cafeteria,feedback form,4
coffee machine in main canteen was broken for two days,2026-07-29 03:05:48,Cafeteria,survey,2
"Library wifi keeps dropping connection every 10 minutes, cannot study",2026-07-29 04:30:40,Library,support ticket,1
Library reading room Wi-Fi fails every time more than 20 students join.,2026-07-29 05:02:05,Library,review,1
campus grounds are kept remarkably green and litter-free,2026-07-29 05:14:01,Cleanliness,email,5
Hostel geysers in block C are still leaking despite repeated complaints.,2026-07-29 06:18:43,Hostel,support ticket,2
restrooms in ground floor management block need more frequent checks,2026-07-29 06:18:55,Cleanliness,review,2
digital library terminal mice are sticky and need replacement,2026-07-29 06:20:28,Library,feedback form,2
cultural fest organization was seamless and guest lectures were inspiring,2026-07-29 06:21:03,Events,survey,5
online fee receipt generation is instant and hassle-free,2026-07-29 06:29:39,Fees,review,4
wifi keeps disconnecting in library,2026-07-29 06:43:02,Library,survey,2
acoustics in the main auditorium were distorted during the musical evening,2026-07-29 07:42:04,Events,review,3
cricket nets require replacement as the netting has torn at several places,2026-07-29 07:58:38,Sports,survey,2
need more copies of the latest edition algorithms reference book,2026-07-29 08:18:12,Library,review,3
water coolers on third floor are functioning smoothly and chilled,2026-07-29 08:20:42,Facilities,support ticket,4
acoustics in the main auditorium were distorted during the musical evening,2026-07-29 08:36:37,Events,survey,3
Security at night gate is stopping day-scholars unnecessarily without reason.,2026-07-29 08:41:57,Events,feedback form,4
juice bar offers great healthy options at subsidized student rates,2026-07-29 08:47:21,Cafeteria,feedback form,5
campus security personnel are vigilant and polite at main vehicle checkpost,2026-07-29 10:03:42,Security,feedback form,5
"street lights near basketball court are flickering, feels unsafe at night",2026-07-29 10:05:05,Security,support ticket,2
professors are approachable during designated office consultation hours,2026-07-29 10:39:56,Academics,feedback form,5
water coolers on third floor are functioning smoothly and chilled,2026-07-29 12:17:34,Facilities,email,4
cultural fest organization was seamless and guest lectures were inspiring,2026-07-29 12:52:38,Events,feedback form,5
study desks in quiet section are comfortable and well-lit,2026-07-29 12:57:01,Library,email,5
elevator in engineering block was under maintenance during morning rush,2026-07-29 13:23:03,Facilities,support ticket,2
late fee penalty policy is too rigid when bank server transactions fail,2026-07-29 13:35:36,Fees,survey,2
"street lights near basketball court are flickering, feels unsafe at night",2026-07-29 13:48:20,Security,feedback form,2
"Plumbing maintenance in block B is very slow, taps are constantly dripping.",2026-07-29 13:56:12,Hostel,email,2
coffee machine in main canteen was broken for two days,2026-07-29 13:58:32,Cafeteria,support ticket,2
need more copies of the latest edition algorithms reference book,2026-07-29 13:59:41,Library,support ticket,3
campus grounds are kept remarkably green and litter-free,2026-07-29 14:05:20,Cleanliness,email,5
classroom projectors in block 2 have low lamp brightness,2026-07-29 14:10:44,Facilities,review,2
Bathroom flush in hostel room 304 not working properly since two weeks.,2026-07-29 14:19:03,Hostel,email,2
acoustics in the main auditorium were distorted during the musical evening,2026-07-29 14:28:24,Events,feedback form,3
cultural fest organization was seamless and guest lectures were inspiring,2026-07-29 14:37:32,Events,survey,5
water coolers on third floor are functioning smoothly and chilled,2026-07-29 14:57:30,Facilities,support ticket,4
schedule for end semester practical exams overlaps with elective test,2026-07-29 15:05:06,Academics,support ticket,2
elevator in engineering block was under maintenance during morning rush,2026-07-29 15:16:37,Facilities,review,2
"driver on route 7 drives aggressively on speed breakers, please check",2026-07-29 15:31:59,Transportation,review,2
faculty feedback process is transparent and taken seriously by HOD,2026-07-29 15:39:28,Academics,survey,4
profesor did not upload slides before midsem exam... vry frustrating.,2026-07-29 16:32:55,Security,survey,5
"food quality is mediocre, especially dinner menu is repetitive",2026-07-29 17:11:26,Cafeteria,support ticket,2
classroom projectors in block 2 have low lamp brightness,2026-07-29 17:25:15,Facilities,support ticket,2
classroom projectors in block 2 have low lamp brightness,2026-07-29 17:30:48,Facilities,feedback form,2
Water pressure in 4th floor hostel showers is almost zero in the morning.,2026-07-29 17:39:49,Hostel,email,2
"wifi disconnect issue in reading hall again and again, plz fix ASAP",2026-07-29 17:52:15,Library,survey,2
schedule for end semester practical exams overlaps with elective test,2026-07-29 17:57:37,Academics,review,2
water coolers on third floor are functioning smoothly and chilled,2026-07-29 18:01:03,Facilities,feedback form,4
"street lights near basketball court are flickering, feels unsafe at night",2026-07-29 18:07:34,Security,review,2
lab equipment for digital electronics is outdated and some kits are faulty,2026-07-29 18:10:53,Academics,email,2
bus frequency during peak evening hours between 5pm-6pm is adequate,2026-07-29 18:20:35,Transportation,support ticket,4
"driver on route 7 drives aggressively on speed breakers, please check",2026-07-29 18:54:19,Transportation,email,2
"street lights near basketball court are flickering, feels unsafe at night",2026-07-29 19:01:03,Security,support ticket,2
Internet keeps shutting off while researching in the university library,2026-07-29 19:02:28,Library,support ticket,2
"street lights near basketball court are flickering, feels unsafe at night",2026-07-29 20:46:25,Security,feedback form,2
water coolers on third floor are functioning smoothly and chilled,2026-07-29 20:55:02,Facilities,review,4
study desks in quiet section are comfortable and well-lit,2026-07-29 21:00:54,Library,survey,5
cultural fest organization was seamless and guest lectures were inspiring,2026-07-29 22:14:41,Events,email,5
acoustics in the main auditorium were distorted during the musical evening,2026-07-29 22:19:55,Events,email,3
acoustics in the main auditorium were distorted during the musical evening,2026-07-29 23:22:16,Events,email,3
cricket nets require replacement as the netting has torn at several places,2026-07-29 23:23:36,Sports,support ticket,2
"driver on route 7 drives aggressively on speed breakers, please check",2026-07-29 23:41:10,Transportation,email,2
"Plumbing maintenance in block B is very slow, taps are constantly dripping.",2026-07-30 00:07:07,Hostel,survey,1
Submission portal timed out during class quiz due to poor lecture hall Wi-Fi.,2026-07-30 00:10:49,Academics,email,1
"street lights near basketball court are flickering, feels unsafe at night",2026-07-30 00:36:45,Security,review,2
"transcript request was processed within 2 working days, very impressed",2026-07-30 00:55:03,Administration,email,5
Library reading room Wi-Fi fails every time more than 20 students join.,2026-07-30 01:25:19,Library,email,2
late fee penalty policy is too rigid when bank server transactions fail,2026-07-30 01:44:38,Fees,support ticket,2
"Cafeteria dosa counter service has improved significantly this semester, kudos!",2026-07-30 01:55:21,Transportation,email,5
morning breakfast poha and upma are quite decent and fresh,2026-07-30 02:26:22,Cafeteria,support ticket,4
"food quality is mediocre, especially dinner menu is repetitive",2026-07-30 03:05:34,Cafeteria,email,2
acoustics in the main auditorium were distorted during the musical evening,2026-07-30 03:18:42,Events,email,3
badminton court wooden flooring has been maintained in top shape,2026-07-30 03:52:47,Sports,review,5
water coolers on third floor are functioning smoothly and chilled,2026-07-30 03:52:50,Facilities,review,4
"wifi disconnect issue in reading hall again and again, plz fix ASAP",2026-07-30 03:55:23,Library,review,2
study desks in quiet section are comfortable and well-lit,2026-07-30 04:26:52,Library,support ticket,5
Submission portal timed out during class quiz due to poor lecture hall Wi-Fi.,2026-07-30 04:32:56,Academics,review,2
late fee penalty policy is too rigid when bank server transactions fail,2026-07-30 04:51:32,Fees,feedback form,2
dustbins in cafeteria annex area overflow during lunch rush hours,2026-07-30 05:25:52,Cleanliness,feedback form,2
water coolers on third floor are functioning smoothly and chilled,2026-07-30 06:04:18,Facilities,survey,4
"driver on route 7 drives aggressively on speed breakers, please check",2026-07-30 06:31:33,Transportation,review,2
Submission portal timed out during class quiz due to poor lecture hall Wi-Fi.,2026-07-30 07:14:14,Academics,support ticket,2
Unable to attend online lab sessions because the Wi-Fi signal drops constantly.,2026-07-30 07:53:00,Wi-Fi/Internet,review,1
campus grounds are kept remarkably green and litter-free,2026-07-30 08:54:53,Cleanliness,support ticket,5
cricket nets require replacement as the netting has torn at several places,2026-07-30 09:06:53,Sports,feedback form,2
bus frequency during peak evening hours between 5pm-6pm is adequate,2026-07-30 09:52:17,Transportation,email,4
campus grounds are kept remarkably green and litter-free,2026-07-30 09:56:44,Cleanliness,email,5
weekend transit schedule should include an extra night service from metro station,2026-07-30 10:17:46,Transportation,review,3
Bathroom flush in hostel room 304 not working properly since two weeks.,2026-07-30 10:20:09,Hostel,survey,1
need more copies of the latest edition algorithms reference book,2026-07-30 10:36:56,Library,email,3
faculty feedback process is transparent and taken seriously by HOD,2026-07-30 10:40:34,Academics,survey,4
cultural fest organization was seamless and guest lectures were inspiring,2026-07-30 11:10:00,Events,feedback form,5
Wi-Fi in hostel common room has been down for three days straight.,2026-07-30 11:10:45,Hostel,support ticket,2
"transcript request was processed within 2 working days, very impressed",2026-07-30 11:32:08,Administration,support ticket,5
study desks in quiet section are comfortable and well-lit,2026-07-30 11:44:50,Library,support ticket,5
badminton court wooden flooring has been maintained in top shape,2026-07-30 12:04:14,Sports,survey,5
"driver on route 7 drives aggressively on speed breakers, please check",2026-07-30 12:08:37,Transportation,survey,2
wifi keeps disconnecting in library,2026-07-30 12:13:15,Library,survey,1
Continuous wi-fi dropouts while studying on 2nd floor of library,2026-07-30 13:29:05,Library,survey,1
"street lights near basketball court are flickering, feels unsafe at night",2026-07-30 13:37:55,Security,review,2
Hot water is rarely available in block A bathrooms during morning hours.,2026-07-30 13:43:14,Hostel,support ticket,2
professors are approachable during designated office consultation hours,2026-07-30 14:23:40,Academics,survey,5
weekend transit schedule should include an extra night service from metro station,2026-07-30 14:26:17,Transportation,support ticket,3
lab equipment for digital electronics is outdated and some kits are faulty,2026-07-30 14:26:41,Academics,feedback form,2
"Hostel warden resolved the water cooler issue promptly, thank you.",2026-07-30 14:44:30,Facilities,feedback form,3
cultural fest organization was seamless and guest lectures were inspiring,2026-07-30 14:56:41,Events,survey,5
acoustics in the main auditorium were distorted during the musical evening,2026-07-30 15:29:46,Events,review,3
lab equipment for digital electronics is outdated and some kits are faulty,2026-07-30 15:35:29,Academics,feedback form,2
"street lights near basketball court are flickering, feels unsafe at night",2026-07-30 15:46:33,Security,support ticket,2
"hostle mess food is so cold by 7pm, not even eatable seriously :(",2026-07-30 15:55:02,Security,support ticket,2
classroom projectors in block 2 have low lamp brightness,2026-07-30 17:11:15,Facilities,email,2
long queues at student welfare window due to single staff member operating,2026-07-30 17:49:07,Administration,support ticket,2
cricket nets require replacement as the netting has torn at several places,2026-07-30 18:00:51,Sports,survey,2
"Hostel bathroom cleanliness is substandard, cleaning staff does not show up daily.",2026-07-30 18:52:41,Hostel,review,1
Drainage in ground floor washroom gets clogged every few days.,2026-07-30 19:22:43,Hostel,support ticket,2
bus frequency during peak evening hours between 5pm-6pm is adequate,2026-07-30 19:30:52,Transportation,review,4
"transcript request was processed within 2 working days, very impressed",2026-07-30 19:44:03,Administration,survey,5
late fee penalty policy is too rigid when bank server transactions fail,2026-07-30 19:50:27,Fees,review,2
"driver on route 7 drives aggressively on speed breakers, please check",2026-07-30 20:08:22,Transportation,email,2
bus frequency during peak evening hours between 5pm-6pm is adequate,2026-07-30 20:12:19,Transportation,email,4
classroom projectors in block 2 have low lamp brightness,2026-07-30 20:21:02,Facilities,feedback form,2
"transcript request was processed within 2 working days, very impressed",2026-07-30 20:50:22,Administration,email,5
schedule for end semester practical exams overlaps with elective test,2026-07-30 20:51:45,Academics,support ticket,2
weekend transit schedule should include an extra night service from metro station,2026-07-30 21:01:28,Transportation,survey,3
Water pressure in 4th floor hostel showers is almost zero in the morning.,2026-07-30 21:02:17,Hostel,support ticket,2
elevator in engineering block was under maintenance during morning rush,2026-07-30 21:12:47,Facilities,support ticket,2
acoustics in the main auditorium were distorted during the musical evening,2026-07-30 21:54:51,Events,review,3
Department lab computers cannot access intranet because academic Wi-Fi is failing.,2026-07-30 22:03:06,Academics,review,1
faculty feedback process is transparent and taken seriously by HOD,2026-07-30 22:09:58,Academics,review,4
dustbins in cafeteria annex area overflow during lunch rush hours,2026-07-30 22:30:54,Cleanliness,email,2
faculty feedback process is transparent and taken seriously by HOD,2026-07-30 22:53:45,Academics,review,4
need more copies of the latest edition algorithms reference book,2026-07-30 23:37:32,Library,feedback form,3
"Hostel bathroom cleanliness is substandard, cleaning staff does not show up daily.",2026-07-31 00:14:23,Hostel,survey,2
"Hostel Block D has zero Wi-Fi signal in corner rooms, forced to use mobile hotspot.",2026-07-31 00:21:13,Hostel,review,1
restrooms in ground floor management block need more frequent checks,2026-07-31 00:28:13,Cleanliness,feedback form,2
classroom projectors in block 2 have low lamp brightness,2026-07-31 00:46:16,Facilities,survey,2
Water pressure in 4th floor hostel showers is almost zero in the morning.,2026-07-31 00:50:40,Hostel,survey,2
Continuous wi-fi dropouts while studying on 2nd floor of library,2026-07-31 01:35:40,Library,survey,1
cricket nets require replacement as the netting has torn at several places,2026-07-31 01:51:38,Sports,survey,2
late fee penalty policy is too rigid when bank server transactions fail,2026-07-31 02:43:15,Fees,survey,2
"street lights near basketball court are flickering, feels unsafe at night",2026-07-31 02:54:15,Security,survey,2
late fee penalty policy is too rigid when bank server transactions fail,2026-07-31 02:55:38,Fees,feedback form,2
Drainage in ground floor washroom gets clogged every few days.,2026-07-31 03:03:15,Hostel,review,1
water coolers on third floor are functioning smoothly and chilled,2026-07-31 03:50:56,Facilities,email,4
long queues at student welfare window due to single staff member operating,2026-07-31 03:56:41,Administration,review,2
"Hostel bathroom cleanliness is substandard, cleaning staff does not show up daily.",2026-07-31 04:03:53,Hostel,survey,1
cricket nets require replacement as the netting has torn at several places,2026-07-31 04:17:18,Sports,feedback form,2
water coolers on third floor are functioning smoothly and chilled,2026-07-31 04:39:45,Facilities,review,4
badminton court wooden flooring has been maintained in top shape,2026-07-31 05:01:40,Sports,email,5
cricket nets require replacement as the netting has torn at several places,2026-07-31 05:10:46,Sports,feedback form,2
late fee penalty policy is too rigid when bank server transactions fail,2026-07-31 05:50:24,Fees,support ticket,2
Hostel room switchboards are loose and maintenance hasn't fixed them yet.,2026-07-31 06:10:56,Hostel,survey,2
badminton court wooden flooring has been maintained in top shape,2026-07-31 06:22:34,Sports,email,5
cricket nets require replacement as the netting has torn at several places,2026-07-31 06:48:35,Sports,survey,2
digital library terminal mice are sticky and need replacement,2026-07-31 06:54:05,Library,survey,2
"Plumbing maintenance in block B is very slow, taps are constantly dripping.",2026-07-31 07:38:16,Hostel,review,2
lab equipment for digital electronics is outdated and some kits are faulty,2026-07-31 07:39:09,Academics,survey,2
late fee penalty policy is too rigid when bank server transactions fail,2026-07-31 07:46:27,Fees,survey,2
campus grounds are kept remarkably green and litter-free,2026-07-31 08:31:32,Cleanliness,feedback form,5
"transcript request was processed within 2 working days, very impressed",2026-07-31 09:09:09,Administration,feedback form,5
campus security personnel are vigilant and polite at main vehicle checkpost,2026-07-31 09:22:20,Security,support ticket,5
cricket nets require replacement as the netting has torn at several places,2026-07-31 09:45:41,Sports,feedback form,2
Hostel room switchboards are loose and maintenance hasn't fixed them yet.,2026-07-31 10:25:14,Hostel,survey,1
Library reading room Wi-Fi fails every time more than 20 students join.,2026-07-31 10:34:14,Library,support ticket,1
bus frequency during peak evening hours between 5pm-6pm is adequate,2026-07-31 10:58:36,Transportation,email,4
schedule for end semester practical exams overlaps with elective test,2026-07-31 11:42:23,Academics,review,2
campus grounds are kept remarkably green and litter-free,2026-07-31 11:56:48,Cleanliness,email,5
need more copies of the latest edition algorithms reference book,2026-07-31 12:01:25,Library,survey,3
wifi keeps disconnecting in library,2026-07-31 12:03:55,Library,review,1
campus security personnel are vigilant and polite at main vehicle checkpost,2026-07-31 12:24:46,Security,email,5
bus frequency during peak evening hours between 5pm-6pm is adequate,2026-07-31 12:29:03,Transportation,review,4
weekend transit schedule should include an extra night service from metro station,2026-07-31 13:10:05,Transportation,email,3
Drainage in ground floor washroom gets clogged every few days.,2026-07-31 13:28:59,Hostel,feedback form,1
digital library terminal mice are sticky and need replacement,2026-07-31 13:30:05,Library,survey,2
cricket nets require replacement as the netting has torn at several places,2026-07-31 13:30:08,Sports,feedback form,2
cultural fest organization was seamless and guest lectures were inspiring,2026-07-31 13:52:36,Events,support ticket,5
water coolers on third floor are functioning smoothly and chilled,2026-07-31 14:08:42,Facilities,email,4
long queues at student welfare window due to single staff member operating,2026-07-31 14:13:10,Administration,support ticket,2
need more copies of the latest edition algorithms reference book,2026-07-31 14:31:49,Library,email,3
long queues at student welfare window due to single staff member operating,2026-07-31 15:17:42,Administration,support ticket,2
cricket nets require replacement as the netting has torn at several places,2026-07-31 15:34:20,Sports,support ticket,2
juice bar offers great healthy options at subsidized student rates,2026-07-31 16:21:56,Cafeteria,email,5
dustbins in cafeteria annex area overflow during lunch rush hours,2026-07-31 17:14:01,Cleanliness,support ticket,2
cricket nets require replacement as the netting has torn at several places,2026-07-31 17:40:44,Sports,support ticket,2
coffee machine in main canteen was broken for two days,2026-07-31 18:03:36,Cafeteria,support ticket,2
acoustics in the main auditorium were distorted during the musical evening,2026-07-31 18:21:51,Events,feedback form,3
acoustics in the main auditorium were distorted during the musical evening,2026-07-31 18:27:10,Events,survey,3
water coolers on third floor are functioning smoothly and chilled,2026-07-31 18:35:02,Facilities,support ticket,4
restrooms in ground floor management block need more frequent checks,2026-07-31 19:19:21,Cleanliness,support ticket,2
restrooms in ground floor management block need more frequent checks,2026-07-31 19:23:19,Cleanliness,email,2
acoustics in the main auditorium were distorted during the musical evening,2026-07-31 19:43:38,Events,email,3
badminton court wooden flooring has been maintained in top shape,2026-07-31 20:43:23,Sports,support ticket,5
campus grounds are kept remarkably green and litter-free,2026-07-31 20:58:47,Cleanliness,feedback form,5
study desks in quiet section are comfortable and well-lit,2026-07-31 22:35:10,Library,survey,5
late fee penalty policy is too rigid when bank server transactions fail,2026-07-31 22:35:57,Fees,support ticket,2
Drainage in ground floor washroom gets clogged every few days.,2026-07-31 22:56:31,Hostel,email,2
"Hostel bathroom cleanliness is substandard, cleaning staff does not show up daily.",2026-07-31 22:58:06,Hostel,email,2
wfi in cafetaria is totally not working yaar... plz do the needful ASAP!!,2026-07-31 23:47:34,Cafeteria,email,5
wfi in cafetaria is totally not working yaar... plz do the needful ASAP!!,2026-08-01 00:09:30,Fees,support ticket,4
"Cannot connect to library internet, frequent disconnects experienced",2026-08-01 00:21:30,Library,email,1
campus security personnel are vigilant and polite at main vehicle checkpost,2026-08-01 00:37:43,Security,support ticket,5
long queues at student welfare window due to single staff member operating,2026-08-01 00:47:45,Administration,survey,2
wifi keeps disconnecting in library,2026-08-01 01:50:46,Library,feedback form,2
"food quality is mediocre, especially dinner menu is repetitive",2026-08-01 02:18:34,Cafeteria,support ticket,2
Water pressure in 4th floor hostel showers is almost zero in the morning.,2026-08-01 02:31:28,Hostel,email,1
campus grounds are kept remarkably green and litter-free,2026-08-01 02:42:59,Cleanliness,email,5
bus frequency during peak evening hours between 5pm-6pm is adequate,2026-08-01 03:34:56,Transportation,feedback form,4
"driver on route 7 drives aggressively on speed breakers, please check",2026-08-01 03:42:39,Transportation,review,2
long queues at student welfare window due to single staff member operating,2026-08-01 04:34:22,Administration,survey,2
dustbins in cafeteria annex area overflow during lunch rush hours,2026-08-01 05:00:26,Cleanliness,email,2
"Hostel warden resolved the water cooler issue promptly, thank you.",2026-08-01 05:37:46,Academics,feedback form,3
campus security personnel are vigilant and polite at main vehicle checkpost,2026-08-01 05:44:21,Security,review,5
water coolers on third floor are functioning smoothly and chilled,2026-08-01 06:01:45,Facilities,support ticket,4
late fee penalty policy is too rigid when bank server transactions fail,2026-08-01 06:21:42,Fees,email,2
coffee machine in main canteen was broken for two days,2026-08-01 06:23:37,Cafeteria,review,2
weekend transit schedule should include an extra night service from metro station,2026-08-01 06:35:10,Transportation,survey,3
online fee receipt generation is instant and hassle-free,2026-08-01 06:40:38,Fees,email,4
dustbins in cafeteria annex area overflow during lunch rush hours,2026-08-01 07:02:52,Cleanliness,survey,2
juice bar offers great healthy options at subsidized student rates,2026-08-01 07:52:01,Cafeteria,support ticket,5
lab equipment for digital electronics is outdated and some kits are faulty,2026-08-01 07:54:34,Academics,review,2
Drainage in ground floor washroom gets clogged every few days.,2026-08-01 08:06:37,Hostel,email,2
long queues at student welfare window due to single staff member operating,2026-08-01 08:27:55,Administration,support ticket,2
cultural fest organization was seamless and guest lectures were inspiring,2026-08-01 08:31:05,Events,survey,5
weekend transit schedule should include an extra night service from metro station,2026-08-01 08:58:56,Transportation,support ticket,3
Wi-Fi keeps kicking devices off the network every few minutes.,2026-08-01 09:17:04,Wi-Fi/Internet,feedback form,1
"wifi disconnect issue in reading hall again and again, plz fix ASAP",2026-08-01 09:23:02,Library,survey,1
"street lights near basketball court are flickering, feels unsafe at night",2026-08-01 09:29:20,Security,email,2
Submission portal timed out during class quiz due to poor lecture hall Wi-Fi.,2026-08-01 09:32:55,Academics,review,2
need more copies of the latest edition algorithms reference book,2026-08-01 10:08:30,Library,support ticket,3
Drainage in ground floor washroom gets clogged every few days.,2026-08-01 10:16:17,Hostel,review,1
need more copies of the latest edition algorithms reference book,2026-08-01 10:20:59,Library,email,3
Library reading room Wi-Fi fails every time more than 20 students join.,2026-08-01 10:23:30,Library,feedback form,1
"Cleanliness of admin block stairs is pathetic, dust everywhere since monday.",2026-08-01 10:26:17,Administration,support ticket,3
water coolers on third floor are functioning smoothly and chilled,2026-08-01 10:28:55,Facilities,feedback form,4
Continuous wi-fi dropouts while studying on 2nd floor of library,2026-08-01 10:29:42,Library,support ticket,2
water coolers on third floor are functioning smoothly and chilled,2026-08-01 10:40:02,Facilities,email,4
long queues at student welfare window due to single staff member operating,2026-08-01 11:24:16,Administration,support ticket,2
late fee penalty policy is too rigid when bank server transactions fail,2026-08-01 11:34:45,Fees,feedback form,2
badminton court wooden flooring has been maintained in top shape,2026-08-01 11:36:05,Sports,survey,5
cultural fest organization was seamless and guest lectures were inspiring,2026-08-01 11:44:41,Events,review,5
elevator in engineering block was under maintenance during morning rush,2026-08-01 12:08:26,Facilities,email,2
"transcript request was processed within 2 working days, very impressed",2026-08-01 12:14:52,Administration,feedback form,5
coffee machine in main canteen was broken for two days,2026-08-01 12:18:41,Cafeteria,review,2
schedule for end semester practical exams overlaps with elective test,2026-08-01 13:07:13,Academics,feedback form,2
"Hostel Block D has zero Wi-Fi signal in corner rooms, forced to use mobile hotspot.",2026-08-01 13:21:16,Hostel,feedback form,1
acoustics in the main auditorium were distorted during the musical evening,2026-08-01 13:49:57,Events,review,3
campus security personnel are vigilant and polite at main vehicle checkpost,2026-08-01 13:50:33,Security,review,5
"driver on route 7 drives aggressively on speed breakers, please check",2026-08-01 14:12:31,Transportation,support ticket,2
classroom projectors in block 2 have low lamp brightness,2026-08-01 14:35:50,Facilities,support ticket,2
lab equipment for digital electronics is outdated and some kits are faulty,2026-08-01 14:50:08,Academics,feedback form,2
"driver on route 7 drives aggressively on speed breakers, please check",2026-08-01 14:51:22,Transportation,feedback form,2
"transcript request was processed within 2 working days, very impressed",2026-08-01 15:00:20,Administration,feedback form,5
online fee receipt generation is instant and hassle-free,2026-08-01 15:44:17,Fees,survey,4
profesor did not upload slides before midsem exam... vry frustrating.,2026-08-01 15:50:58,Wi-Fi/Internet,support ticket,2
campus grounds are kept remarkably green and litter-free,2026-08-01 15:56:28,Cleanliness,feedback form,5
long queues at student welfare window due to single staff member operating,2026-08-01 16:20:22,Administration,review,2
"transcript request was processed within 2 working days, very impressed",2026-08-01 16:48:42,Administration,feedback form,5
cricket nets require replacement as the netting has torn at several places,2026-08-01 17:06:15,Sports,survey,2
Hot water is rarely available in block A bathrooms during morning hours.,2026-08-01 17:09:17,Hostel,survey,2
classroom projectors in block 2 have low lamp brightness,2026-08-01 17:15:47,Facilities,review,2
campus security personnel are vigilant and polite at main vehicle checkpost,2026-08-01 17:27:09,Security,survey,5
acoustics in the main auditorium were distorted during the musical evening,2026-08-01 17:29:21,Events,email,3
badminton court wooden flooring has been maintained in top shape,2026-08-01 17:31:39,Sports,review,5
Bathroom flush in hostel room 304 not working properly since two weeks.,2026-08-01 17:48:46,Hostel,survey,1
need more copies of the latest edition algorithms reference book,2026-08-01 17:52:56,Library,support ticket,3
Admin staff was extremely rude when I went for fee concession verification.,2026-08-01 18:14:19,Academics,email,4
water coolers on third floor are functioning smoothly and chilled,2026-08-01 18:25:45,Facilities,survey,4
late fee penalty policy is too rigid when bank server transactions fail,2026-08-01 18:26:07,Fees,feedback form,2
restrooms in ground floor management block need more frequent checks,2026-08-01 18:36:53,Cleanliness,support ticket,2
lab equipment for digital electronics is outdated and some kits are faulty,2026-08-01 18:51:10,Academics,survey,2
"driver on route 7 drives aggressively on speed breakers, please check",2026-08-01 19:02:26,Transportation,feedback form,2
digital library terminal mice are sticky and need replacement,2026-08-01 19:19:16,Library,support ticket,2
online fee receipt generation is instant and hassle-free,2026-08-01 19:22:07,Fees,survey,4
Water pressure in 4th floor hostel showers is almost zero in the morning.,2026-08-01 20:19:02,Hostel,survey,1
weekend transit schedule should include an extra night service from metro station,2026-08-01 20:59:20,Transportation,survey,3
"transcript request was processed within 2 working days, very impressed",2026-08-01 21:06:06,Administration,email,5
long queues at student welfare window due to single staff member operating,2026-08-01 21:29:34,Administration,support ticket,2
coffee machine in main canteen was broken for two days,2026-08-01 21:47:28,Cafeteria,feedback form,2
cultural fest organization was seamless and guest lectures were inspiring,2026-08-01 22:00:31,Events,email,5
"street lights near basketball court are flickering, feels unsafe at night",2026-08-01 22:47:01,Security,survey,2
"Cleanliness of admin block stairs is pathetic, dust everywhere since monday.",2026-08-01 23:00:25,Security,feedback form,5
long queues at student welfare window due to single staff member operating,2026-08-01 23:03:48,Administration,support ticket,2
"Cleanliness of admin block stairs is pathetic, dust everywhere since monday.",2026-08-01 23:20:41,Events,support ticket,4
dustbins in cafeteria annex area overflow during lunch rush hours,2026-08-02 00:11:36,Cleanliness,survey,2
Great workshop conducted by robotics club! Really learned a lot.,2026-08-02 00:32:13,Academics,review,1
badminton court wooden flooring has been maintained in top shape,2026-08-02 00:32:16,Sports,feedback form,5
"transcript request was processed within 2 working days, very impressed",2026-08-02 01:05:46,Administration,review,5
Hostel room switchboards are loose and maintenance hasn't fixed them yet.,2026-08-02 01:56:10,Hostel,review,2
Wi-Fi is constantly dropping in the central library reading room,2026-08-02 02:27:48,Library,email,1
mess cutlery is often greasy and not cleaned thoroughly,2026-08-02 02:32:10,Cafeteria,review,1
cultural fest organization was seamless and guest lectures were inspiring,2026-08-02 02:45:41,Events,feedback form,5
"transcript request was processed within 2 working days, very impressed",2026-08-02 02:51:21,Administration,feedback form,5
Hot water is rarely available in block A bathrooms during morning hours.,2026-08-02 02:57:15,Hostel,feedback form,2
cultural fest organization was seamless and guest lectures were inspiring,2026-08-02 03:01:36,Events,review,5
cricket nets require replacement as the netting has torn at several places,2026-08-02 04:00:56,Sports,email,2
Department lab computers cannot access intranet because academic Wi-Fi is failing.,2026-08-02 04:01:55,Academics,email,1
"Cafeteria dosa counter service has improved significantly this semester, kudos!",2026-08-02 04:16:18,Academics,feedback form,3
badminton court wooden flooring has been maintained in top shape,2026-08-02 04:35:04,Sports,survey,5
digital library terminal mice are sticky and need replacement,2026-08-02 04:41:28,Library,review,2
online fee receipt generation is instant and hassle-free,2026-08-02 05:33:50,Fees,feedback form,4
online fee receipt generation is instant and hassle-free,2026-08-02 06:31:21,Fees,feedback form,4
campus grounds are kept remarkably green and litter-free,2026-08-02 07:04:08,Cleanliness,feedback form,5
faculty feedback process is transparent and taken seriously by HOD,2026-08-02 07:16:03,Academics,survey,4
need more copies of the latest edition algorithms reference book,2026-08-02 07:20:41,Library,survey,3
study desks in quiet section are comfortable and well-lit,2026-08-02 07:38:15,Library,support ticket,5
online fee receipt generation is instant and hassle-free,2026-08-02 07:39:27,Fees,feedback form,4
mess cutlery is often greasy and not cleaned thoroughly,2026-08-02 07:53:25,Cafeteria,email,1
juice bar offers great healthy options at subsidized student rates,2026-08-02 08:38:33,Cafeteria,survey,5
Fees payment portal debited my account twice!! Kindly revert the amount quickly.,2026-08-02 08:43:44,Wi-Fi/Internet,survey,5
weekend transit schedule should include an extra night service from metro station,2026-08-02 08:48:09,Transportation,email,3
digital library terminal mice are sticky and need replacement,2026-08-02 09:38:01,Library,support ticket,2
faculty feedback process is transparent and taken seriously by HOD,2026-08-02 11:30:18,Academics,survey,4
online fee receipt generation is instant and hassle-free,2026-08-02 12:15:14,Fees,feedback form,4
schedule for end semester practical exams overlaps with elective test,2026-08-02 12:20:46,Academics,survey,2
Cannot download research papers from library digital section due to no Wi-Fi.,2026-08-02 12:30:25,Library,feedback form,2
faculty feedback process is transparent and taken seriously by HOD,2026-08-02 12:39:32,Academics,review,4
"transcript request was processed within 2 working days, very impressed",2026-08-02 12:40:49,Administration,feedback form,5
badminton court wooden flooring has been maintained in top shape,2026-08-02 12:46:26,Sports,review,5
badminton court wooden flooring has been maintained in top shape,2026-08-02 13:30:56,Sports,review,5
"Hostel bathroom cleanliness is substandard, cleaning staff does not show up daily.",2026-08-02 14:12:29,Hostel,support ticket,1
digital library terminal mice are sticky and need replacement,2026-08-02 14:31:24,Library,feedback form,2
professors are approachable during designated office consultation hours,2026-08-02 14:47:23,Academics,survey,5
campus security personnel are vigilant and polite at main vehicle checkpost,2026-08-02 14:47:33,Security,review,5
study desks in quiet section are comfortable and well-lit,2026-08-02 15:43:03,Library,email,5
campus grounds are kept remarkably green and litter-free,2026-08-02 16:13:10,Cleanliness,review,5
classroom projectors in block 2 have low lamp brightness,2026-08-02 16:15:44,Facilities,feedback form,2
mess cutlery is often greasy and not cleaned thoroughly,2026-08-02 16:29:22,Cafeteria,support ticket,1
"Plumbing maintenance in block B is very slow, taps are constantly dripping.",2026-08-02 16:40:31,Hostel,email,2
cricket nets require replacement as the netting has torn at several places,2026-08-02 17:00:51,Sports,review,2
"Hostel bathroom cleanliness is substandard, cleaning staff does not show up daily.",2026-08-02 18:52:49,Hostel,support ticket,1
badminton court wooden flooring has been maintained in top shape,2026-08-02 19:24:49,Sports,review,5
"street lights near basketball court are flickering, feels unsafe at night",2026-08-02 19:31:23,Security,support ticket,2
lab equipment for digital electronics is outdated and some kits are faulty,2026-08-02 19:48:15,Academics,email,2
cultural fest organization was seamless and guest lectures were inspiring,2026-08-02 20:07:18,Events,email,5
badminton court wooden flooring has been maintained in top shape,2026-08-02 20:11:42,Sports,survey,5
"driver on route 7 drives aggressively on speed breakers, please check",2026-08-02 20:28:57,Transportation,feedback form,2
Wi-Fi is constantly dropping in the central library reading room,2026-08-02 20:43:01,Library,feedback form,2
badminton court wooden flooring has been maintained in top shape,2026-08-02 20:50:59,Sports,review,5
cricket nets require replacement as the netting has torn at several places,2026-08-02 21:05:55,Sports,support ticket,2
long queues at student welfare window due to single staff member operating,2026-08-02 21:38:53,Administration,feedback form,2
Wi-Fi in hostel common room has been down for three days straight.,2026-08-02 21:46:06,Hostel,support ticket,1
weekend transit schedule should include an extra night service from metro station,2026-08-02 22:04:15,Transportation,feedback form,3
dustbins in cafeteria annex area overflow during lunch rush hours,2026-08-02 22:07:59,Cleanliness,support ticket,2
long queues at student welfare window due to single staff member operating,2026-08-02 22:36:01,Administration,feedback form,2
classroom projectors in block 2 have low lamp brightness,2026-08-02 22:43:35,Facilities,survey,2
Security at night gate is stopping day-scholars unnecessarily without reason.,2026-08-02 23:27:21,Wi-Fi/Internet,survey,2
"transcript request was processed within 2 working days, very impressed",2026-08-02 23:37:49,Administration,support ticket,5
profesor did not upload slides before midsem exam... vry frustrating.,2026-08-02 23:43:22,Cafeteria,email,3
Hostel geysers in block C are still leaking despite repeated complaints.,2026-08-03 00:15:00,Hostel,survey,1
professors are approachable during designated office consultation hours,2026-08-03 00:20:51,Academics,survey,5
profesor did not upload slides before midsem exam... vry frustrating.,2026-08-03 00:22:40,Cleanliness,support ticket,4
lab equipment for digital electronics is outdated and some kits are faulty,2026-08-03 00:26:05,Academics,support ticket,2
cultural fest organization was seamless and guest lectures were inspiring,2026-08-03 00:33:34,Events,review,5
acoustics in the main auditorium were distorted during the musical evening,2026-08-03 01:06:06,Events,survey,3
restrooms in ground floor management block need more frequent checks,2026-08-03 01:16:54,Cleanliness,review,2
"Hostel Block D has zero Wi-Fi signal in corner rooms, forced to use mobile hotspot.",2026-08-03 01:30:47,Hostel,survey,1
mess cutlery is often greasy and not cleaned thoroughly,2026-08-03 01:51:22,Cafeteria,email,1
acoustics in the main auditorium were distorted during the musical evening,2026-08-03 01:55:02,Events,survey,3
badminton court wooden flooring has been maintained in top shape,2026-08-03 02:09:40,Sports,feedback form,5
Hot water is rarely available in block A bathrooms during morning hours.,2026-08-03 02:21:04,Hostel,review,2
faculty feedback process is transparent and taken seriously by HOD,2026-08-03 02:25:44,Academics,review,4
bus frequency during peak evening hours between 5pm-6pm is adequate,2026-08-03 02:26:21,Transportation,review,4
badminton court wooden flooring has been maintained in top shape,2026-08-03 02:40:39,Sports,review,5
cricket nets require replacement as the netting has torn at several places,2026-08-03 02:59:49,Sports,review,2
lab equipment for digital electronics is outdated and some kits are faulty,2026-08-03 03:15:07,Academics,email,2
cricket nets require replacement as the netting has torn at several places,2026-08-03 03:26:32,Sports,support ticket,2
dustbins in cafeteria annex area overflow during lunch rush hours,2026-08-03 03:50:06,Cleanliness,feedback form,2
lab equipment for digital electronics is outdated and some kits are faulty,2026-08-03 03:54:53,Academics,email,2
long queues at student welfare window due to single staff member operating,2026-08-03 04:09:04,Administration,feedback form,2
dustbins in cafeteria annex area overflow during lunch rush hours,2026-08-03 04:25:26,Cleanliness,email,2
campus grounds are kept remarkably green and litter-free,2026-08-03 04:59:54,Cleanliness,email,5
lab equipment for digital electronics is outdated and some kits are faulty,2026-08-03 05:23:31,Academics,survey,2
classroom projectors in block 2 have low lamp brightness,2026-08-03 06:00:11,Facilities,review,2
juice bar offers great healthy options at subsidized student rates,2026-08-03 06:28:06,Cafeteria,support ticket,5
digital library terminal mice are sticky and need replacement,2026-08-03 07:17:59,Library,email,2
Hostel geysers in block C are still leaking despite repeated complaints.,2026-08-03 07:52:53,Hostel,review,2
bus frequency during peak evening hours between 5pm-6pm is adequate,2026-08-03 08:01:04,Transportation,survey,4
"food quality is mediocre, especially dinner menu is repetitive",2026-08-03 08:02:38,Cafeteria,feedback form,2
late fee penalty policy is too rigid when bank server transactions fail,2026-08-03 08:20:09,Fees,email,2
weekend transit schedule should include an extra night service from metro station,2026-08-03 08:49:22,Transportation,feedback form,3
elevator in engineering block was under maintenance during morning rush,2026-08-03 08:58:42,Facilities,email,2
weekend transit schedule should include an extra night service from metro station,2026-08-03 10:51:54,Transportation,feedback form,3
morning breakfast poha and upma are quite decent and fresh,2026-08-03 10:55:39,Cafeteria,survey,4
digital library terminal mice are sticky and need replacement,2026-08-03 10:59:31,Library,review,2
"transcript request was processed within 2 working days, very impressed",2026-08-03 11:11:15,Administration,review,5
faculty feedback process is transparent and taken seriously by HOD,2026-08-03 11:12:24,Academics,email,4
weekend transit schedule should include an extra night service from metro station,2026-08-03 11:14:28,Transportation,support ticket,3
restrooms in ground floor management block need more frequent checks,2026-08-03 11:23:56,Cleanliness,email,2
online fee receipt generation is instant and hassle-free,2026-08-03 11:44:48,Fees,support ticket,4
"transcript request was processed within 2 working days, very impressed",2026-08-03 11:46:08,Administration,support ticket,5
Hot water is rarely available in block A bathrooms during morning hours.,2026-08-03 12:00:22,Hostel,review,2
"food quality is mediocre, especially dinner menu is repetitive",2026-08-03 12:14:00,Cafeteria,email,2
cultural fest organization was seamless and guest lectures were inspiring,2026-08-03 12:39:17,Events,survey,5
online fee receipt generation is instant and hassle-free,2026-08-03 12:59:59,Fees,review,4
weekend transit schedule should include an extra night service from metro station,2026-08-03 13:01:37,Transportation,feedback form,3
faculty feedback process is transparent and taken seriously by HOD,2026-08-03 13:08:32,Academics,survey,4
coffee machine in main canteen was broken for two days,2026-08-03 13:25:43,Cafeteria,feedback form,2
faculty feedback process is transparent and taken seriously by HOD,2026-08-03 13:26:14,Academics,email,4
water coolers on third floor are functioning smoothly and chilled,2026-08-03 13:54:19,Facilities,support ticket,4
Wi-Fi in hostel common room has been down for three days straight.,2026-08-03 14:09:38,Hostel,survey,2
digital library terminal mice are sticky and need replacement,2026-08-03 14:42:15,Library,review,2
long queues at student welfare window due to single staff member operating,2026-08-03 15:21:31,Administration,feedback form,2
cultural fest organization was seamless and guest lectures were inspiring,2026-08-03 15:36:05,Events,survey,5
late fee penalty policy is too rigid when bank server transactions fail,2026-08-03 17:22:05,Fees,feedback form,2
lab equipment for digital electronics is outdated and some kits are faulty,2026-08-03 17:24:15,Academics,review,2
Drainage in ground floor washroom gets clogged every few days.,2026-08-03 18:37:02,Hostel,email,1
restrooms in ground floor management block need more frequent checks,2026-08-03 19:14:19,Cleanliness,survey,2
coffee machine in main canteen was broken for two days,2026-08-03 19:23:20,Cafeteria,review,2
"Hostel bathroom cleanliness is substandard, cleaning staff does not show up daily.",2026-08-03 19:59:07,Hostel,feedback form,1
need more copies of the latest edition algorithms reference book,2026-08-03 20:43:26,Library,support ticket,3
Drainage in ground floor washroom gets clogged every few days.,2026-08-03 20:45:58,Hostel,support ticket,2
cultural fest organization was seamless and guest lectures were inspiring,2026-08-03 20:52:07,Events,feedback form,5
faculty feedback process is transparent and taken seriously by HOD,2026-08-03 21:37:12,Academics,email,4
late fee penalty policy is too rigid when bank server transactions fail,2026-08-03 22:17:20,Fees,email,2
need more copies of the latest edition algorithms reference book,2026-08-03 22:48:45,Library,survey,3
online fee receipt generation is instant and hassle-free,2026-08-03 22:52:16,Fees,email,4
mess cutlery is often greasy and not cleaned thoroughly,2026-08-03 23:00:19,Cafeteria,feedback form,1
Hot water is rarely available in block A bathrooms during morning hours.,2026-08-03 23:11:30,Hostel,survey,2
campus grounds are kept remarkably green and litter-free,2026-08-03 23:26:03,Cleanliness,survey,5
"street lights near basketball court are flickering, feels unsafe at night",2026-08-03 23:26:29,Security,email,2
"street lights near basketball court are flickering, feels unsafe at night",2026-08-04 00:02:08,Security,feedback form,2
"street lights near basketball court are flickering, feels unsafe at night",2026-08-04 00:05:19,Security,email,2
elevator in engineering block was under maintenance during morning rush,2026-08-04 00:15:26,Facilities,email,2
bus frequency during peak evening hours between 5pm-6pm is adequate,2026-08-04 00:42:32,Transportation,email,4
schedule for end semester practical exams overlaps with elective test,2026-08-04 00:42:52,Academics,survey,2
Library reading room Wi-Fi fails every time more than 20 students join.,2026-08-04 00:45:14,Library,feedback form,1
water coolers on third floor are functioning smoothly and chilled,2026-08-04 01:18:08,Facilities,survey,4
late fee penalty policy is too rigid when bank server transactions fail,2026-08-04 01:28:06,Fees,feedback form,2
cultural fest organization was seamless and guest lectures were inspiring,2026-08-04 01:29:35,Events,review,5
cultural fest organization was seamless and guest lectures were inspiring,2026-08-04 01:33:08,Events,survey,5
Cannot download research papers from library digital section due to no Wi-Fi.,2026-08-04 01:40:42,Library,feedback form,2
campus security personnel are vigilant and polite at main vehicle checkpost,2026-08-04 01:53:32,Security,survey,5
Bathroom flush in hostel room 304 not working properly since two weeks.,2026-08-04 02:51:01,Hostel,survey,2
weekend transit schedule should include an extra night service from metro station,2026-08-04 03:00:10,Transportation,feedback form,3
badminton court wooden flooring has been maintained in top shape,2026-08-04 03:22:42,Sports,support ticket,5
lab equipment for digital electronics is outdated and some kits are faulty,2026-08-04 03:31:21,Academics,review,2
water coolers on third floor are functioning smoothly and chilled,2026-08-04 03:42:08,Facilities,survey,4
campus security personnel are vigilant and polite at main vehicle checkpost,2026-08-04 03:51:06,Security,survey,5
restrooms in ground floor management block need more frequent checks,2026-08-04 04:01:13,Cleanliness,support ticket,2
classroom projectors in block 2 have low lamp brightness,2026-08-04 04:19:35,Facilities,email,2
long queues at student welfare window due to single staff member operating,2026-08-04 04:38:24,Administration,feedback form,2
Hot water is rarely available in block A bathrooms during morning hours.,2026-08-04 04:42:41,Hostel,survey,2
"transcript request was processed within 2 working days, very impressed",2026-08-04 05:06:58,Administration,email,5
Library reading room Wi-Fi fails every time more than 20 students join.,2026-08-04 05:11:19,Library,support ticket,1
acoustics in the main auditorium were distorted during the musical evening,2026-08-04 06:15:59,Events,review,3
Wi-Fi is constantly dropping in the central library reading room,2026-08-04 06:32:48,Library,support ticket,1
coffee machine in main canteen was broken for two days,2026-08-04 07:01:04,Cafeteria,support ticket,2
need more copies of the latest edition algorithms reference book,2026-08-04 07:10:24,Library,email,3
"Plumbing maintenance in block B is very slow, taps are constantly dripping.",2026-08-04 07:29:13,Hostel,review,2
Water pressure in 4th floor hostel showers is almost zero in the morning.,2026-08-04 07:43:31,Hostel,support ticket,1
campus security personnel are vigilant and polite at main vehicle checkpost,2026-08-04 08:04:53,Security,email,5
"Hostel bathroom cleanliness is substandard, cleaning staff does not show up daily.",2026-08-04 08:23:05,Hostel,support ticket,1
late fee penalty policy is too rigid when bank server transactions fail,2026-08-04 08:34:46,Fees,feedback form,2
coffee machine in main canteen was broken for two days,2026-08-04 08:46:07,Cafeteria,support ticket,2
online fee receipt generation is instant and hassle-free,2026-08-04 08:50:34,Fees,support ticket,4
Water pressure in 4th floor hostel showers is almost zero in the morning.,2026-08-04 08:53:56,Hostel,review,1
cricket nets require replacement as the netting has torn at several places,2026-08-04 09:05:13,Sports,email,2
"street lights near basketball court are flickering, feels unsafe at night",2026-08-04 09:50:12,Security,survey,2
acoustics in the main auditorium were distorted during the musical evening,2026-08-04 10:19:57,Events,feedback form,3
Hostel room switchboards are loose and maintenance hasn't fixed them yet.,2026-08-04 10:24:30,Hostel,email,2
"street lights near basketball court are flickering, feels unsafe at night",2026-08-04 10:31:32,Security,email,2
badminton court wooden flooring has been maintained in top shape,2026-08-04 10:45:45,Sports,feedback form,5
badminton court wooden flooring has been maintained in top shape,2026-08-04 11:05:47,Sports,email,5
"driver on route 7 drives aggressively on speed breakers, please check",2026-08-04 11:12:23,Transportation,feedback form,2
Drainage in ground floor washroom gets clogged every few days.,2026-08-04 11:39:05,Hostel,email,1
Wi-Fi is constantly dropping in the central library reading room,2026-08-04 12:02:24,Library,survey,1
long queues at student welfare window due to single staff member operating,2026-08-04 13:41:07,Administration,email,2
"street lights near basketball court are flickering, feels unsafe at night",2026-08-04 13:44:33,Security,review,2
profesor did not upload slides before midsem exam... vry frustrating.,2026-08-04 13:52:57,Security,review,3
"street lights near basketball court are flickering, feels unsafe at night",2026-08-04 14:00:14,Security,survey,2
badminton court wooden flooring has been maintained in top shape,2026-08-04 14:12:35,Sports,survey,5
classroom projectors in block 2 have low lamp brightness,2026-08-04 14:21:53,Facilities,feedback form,2
cricket nets require replacement as the netting has torn at several places,2026-08-04 14:23:21,Sports,support ticket,2
late fee penalty policy is too rigid when bank server transactions fail,2026-08-04 15:05:26,Fees,review,2
Library reading room Wi-Fi fails every time more than 20 students join.,2026-08-04 15:59:46,Library,review,1
"food quality is mediocre, especially dinner menu is repetitive",2026-08-04 16:26:27,Cafeteria,feedback form,2
campus security personnel are vigilant and polite at main vehicle checkpost,2026-08-04 16:40:29,Security,email,5
acoustics in the main auditorium were distorted during the musical evening,2026-08-04 16:43:44,Events,feedback form,3
digital library terminal mice are sticky and need replacement,2026-08-04 16:46:26,Library,survey,2
study desks in quiet section are comfortable and well-lit,2026-08-04 17:12:44,Library,survey,5
restrooms in ground floor management block need more frequent checks,2026-08-04 18:02:41,Cleanliness,review,2
"driver on route 7 drives aggressively on speed breakers, please check",2026-08-04 18:10:14,Transportation,feedback form,2
lab equipment for digital electronics is outdated and some kits are faulty,2026-08-04 18:10:22,Academics,review,2
water coolers on third floor are functioning smoothly and chilled,2026-08-04 18:11:11,Facilities,survey,4
"street lights near basketball court are flickering, feels unsafe at night",2026-08-04 18:12:54,Security,email,2
"hostle mess food is so cold by 7pm, not even eatable seriously :(",2026-08-04 18:45:16,Sports,survey,4
water coolers on third floor are functioning smoothly and chilled,2026-08-04 19:00:10,Facilities,email,4
Frequent packet drops on campus Wi-Fi make attending virtual lectures impossible.,2026-08-04 19:11:23,Wi-Fi/Internet,feedback form,1
cultural fest organization was seamless and guest lectures were inspiring,2026-08-04 19:28:41,Events,survey,5
restrooms in ground floor management block need more frequent checks,2026-08-04 19:57:49,Cleanliness,email,2
cultural fest organization was seamless and guest lectures were inspiring,2026-08-04 20:00:59,Events,survey,5
water coolers on third floor are functioning smoothly and chilled,2026-08-04 20:28:38,Facilities,feedback form,4
"street lights near basketball court are flickering, feels unsafe at night",2026-08-04 20:45:23,Security,email,2
Central library Wi-Fi connectivity is extremely unstable this week,2026-08-04 20:49:11,Library,email,1
cultural fest organization was seamless and guest lectures were inspiring,2026-08-04 20:57:01,Events,feedback form,5
elevator in engineering block was under maintenance during morning rush,2026-08-04 21:33:25,Facilities,email,2
cultural fest organization was seamless and guest lectures were inspiring,2026-08-04 22:39:16,Events,feedback form,5
study desks in quiet section are comfortable and well-lit,2026-08-04 22:48:16,Library,feedback form,5
juice bar offers great healthy options at subsidized student rates,2026-08-04 22:49:03,Cafeteria,feedback form,5
"street lights near basketball court are flickering, feels unsafe at night",2026-08-04 23:17:00,Security,support ticket,2
acoustics in the main auditorium were distorted during the musical evening,2026-08-04 23:24:37,Events,survey,3
morning breakfast poha and upma are quite decent and fresh,2026-08-04 23:51:52,Cafeteria,feedback form,4
campus grounds are kept remarkably green and litter-free,2026-08-05 00:11:59,Cleanliness,review,5
"Hostel Block D has zero Wi-Fi signal in corner rooms, forced to use mobile hotspot.",2026-08-05 00:15:35,Hostel,feedback form,1
Great workshop conducted by robotics club! Really learned a lot.,2026-08-05 00:25:03,Hostel,review,3
study desks in quiet section are comfortable and well-lit,2026-08-05 00:40:21,Library,review,5
cricket nets require replacement as the netting has torn at several places,2026-08-05 00:50:12,Sports,email,2
"driver on route 7 drives aggressively on speed breakers, please check",2026-08-05 01:02:14,Transportation,support ticket,2
Bathroom flush in hostel room 304 not working properly since two weeks.,2026-08-05 01:47:41,Hostel,support ticket,2
long queues at student welfare window due to single staff member operating,2026-08-05 02:04:50,Administration,survey,2
Bathroom flush in hostel room 304 not working properly since two weeks.,2026-08-05 02:52:50,Hostel,email,2
dustbins in cafeteria annex area overflow during lunch rush hours,2026-08-05 03:53:05,Cleanliness,email,2
online fee receipt generation is instant and hassle-free,2026-08-05 04:26:25,Fees,feedback form,4
Campus internet speed has plummeted drastically this week.,2026-08-05 04:56:16,Wi-Fi/Internet,survey,1
water coolers on third floor are functioning smoothly and chilled,2026-08-05 06:18:10,Facilities,email,4
campus grounds are kept remarkably green and litter-free,2026-08-05 06:21:50,Cleanliness,feedback form,5
"food quality is mediocre, especially dinner menu is repetitive",2026-08-05 07:02:19,Cafeteria,review,2
Water pressure in 4th floor hostel showers is almost zero in the morning.,2026-08-05 07:09:23,Hostel,feedback form,1
online fee receipt generation is instant and hassle-free,2026-08-05 07:14:11,Fees,feedback form,4
juice bar offers great healthy options at subsidized student rates,2026-08-05 08:02:20,Cafeteria,support ticket,5
classroom projectors in block 2 have low lamp brightness,2026-08-05 08:12:15,Facilities,survey,2
classroom projectors in block 2 have low lamp brightness,2026-08-05 08:54:09,Facilities,email,2
online fee receipt generation is instant and hassle-free,2026-08-05 08:54:26,Fees,survey,4
study desks in quiet section are comfortable and well-lit,2026-08-05 09:54:16,Library,email,5
"wifi disconnect issue in reading hall again and again, plz fix ASAP",2026-08-05 10:11:43,Library,email,1
Hostel room switchboards are loose and maintenance hasn't fixed them yet.,2026-08-05 10:27:38,Hostel,survey,1
online fee receipt generation is instant and hassle-free,2026-08-05 11:02:27,Fees,support ticket,4
elevator in engineering block was under maintenance during morning rush,2026-08-05 11:30:27,Facilities,support ticket,2
need more copies of the latest edition algorithms reference book,2026-08-05 12:11:09,Library,support ticket,3
morning breakfast poha and upma are quite decent and fresh,2026-08-05 12:46:41,Cafeteria,support ticket,4
"transcript request was processed within 2 working days, very impressed",2026-08-05 13:08:55,Administration,review,5
"Cafeteria dosa counter service has improved significantly this semester, kudos!",2026-08-05 13:16:11,Hostel,support ticket,1
weekend transit schedule should include an extra night service from metro station,2026-08-05 13:17:00,Transportation,email,3
campus grounds are kept remarkably green and litter-free,2026-08-05 13:17:17,Cleanliness,email,5
"driver on route 7 drives aggressively on speed breakers, please check",2026-08-05 13:19:50,Transportation,email,2
Cannot download research papers from library digital section due to no Wi-Fi.,2026-08-05 13:40:40,Library,email,2
campus security personnel are vigilant and polite at main vehicle checkpost,2026-08-05 14:13:41,Security,email,5
online fee receipt generation is instant and hassle-free,2026-08-05 14:19:30,Fees,feedback form,4
weekend transit schedule should include an extra night service from metro station,2026-08-05 14:19:41,Transportation,survey,3
cultural fest organization was seamless and guest lectures were inspiring,2026-08-05 15:04:38,Events,email,5
online fee receipt generation is instant and hassle-free,2026-08-05 15:09:13,Fees,review,4
campus grounds are kept remarkably green and litter-free,2026-08-05 15:13:58,Cleanliness,support ticket,5
Library reading room Wi-Fi fails every time more than 20 students join.,2026-08-05 15:39:15,Library,support ticket,2
"street lights near basketball court are flickering, feels unsafe at night",2026-08-05 15:59:49,Security,feedback form,2
online fee receipt generation is instant and hassle-free,2026-08-05 16:09:07,Fees,review,4
cricket nets require replacement as the netting has torn at several places,2026-08-05 16:41:45,Sports,survey,2
professors are approachable during designated office consultation hours,2026-08-05 17:13:25,Academics,email,5
digital library terminal mice are sticky and need replacement,2026-08-05 17:27:24,Library,feedback form,2
badminton court wooden flooring has been maintained in top shape,2026-08-05 18:20:58,Sports,survey,5
online fee receipt generation is instant and hassle-free,2026-08-05 18:23:22,Fees,email,4
cultural fest organization was seamless and guest lectures were inspiring,2026-08-05 18:33:32,Events,survey,5
online fee receipt generation is instant and hassle-free,2026-08-05 18:49:12,Fees,support ticket,4
"street lights near basketball court are flickering, feels unsafe at night",2026-08-05 18:56:11,Security,review,2
need more copies of the latest edition algorithms reference book,2026-08-05 19:05:44,Library,support ticket,3
dustbins in cafeteria annex area overflow during lunch rush hours,2026-08-05 19:39:27,Cleanliness,support ticket,2
late fee penalty policy is too rigid when bank server transactions fail,2026-08-05 19:39:50,Fees,review,2
acoustics in the main auditorium were distorted during the musical evening,2026-08-05 19:50:34,Events,feedback form,3
late fee penalty policy is too rigid when bank server transactions fail,2026-08-05 20:03:04,Fees,feedback form,2
cultural fest organization was seamless and guest lectures were inspiring,2026-08-05 20:09:57,Events,feedback form,5
need more copies of the latest edition algorithms reference book,2026-08-05 21:29:43,Library,review,3
cricket nets require replacement as the netting has torn at several places,2026-08-05 21:49:02,Sports,feedback form,2
need more copies of the latest edition algorithms reference book,2026-08-05 22:04:31,Library,feedback form,3
badminton court wooden flooring has been maintained in top shape,2026-08-05 22:23:40,Sports,feedback form,5
badminton court wooden flooring has been maintained in top shape,2026-08-05 22:41:40,Sports,email,5
"Hostel Block D has zero Wi-Fi signal in corner rooms, forced to use mobile hotspot.",2026-08-05 23:11:12,Hostel,support ticket,2
"Cafeteria dosa counter service has improved significantly this semester, kudos!",2026-08-05 23:20:58,Cafeteria,support ticket,3
Cannot download research papers from library digital section due to no Wi-Fi.,2026-08-05 23:38:41,Library,feedback form,2
Hot water is rarely available in block A bathrooms during morning hours.,2026-08-05 23:56:15,Hostel,feedback form,2
campus security personnel are vigilant and polite at main vehicle checkpost,2026-08-06 00:22:26,Security,support ticket,5
restrooms in ground floor management block need more frequent checks,2026-08-06 00:38:40,Cleanliness,feedback form,2
need more copies of the latest edition algorithms reference book,2026-08-06 01:03:44,Library,support ticket,3
schedule for end semester practical exams overlaps with elective test,2026-08-06 01:13:36,Academics,review,2
juice bar offers great healthy options at subsidized student rates,2026-08-06 02:03:59,Cafeteria,support ticket,5
Bathroom flush in hostel room 304 not working properly since two weeks.,2026-08-06 02:18:15,Hostel,support ticket,1
bus frequency during peak evening hours between 5pm-6pm is adequate,2026-08-06 03:09:44,Transportation,feedback form,4
Bathroom flush in hostel room 304 not working properly since two weeks.,2026-08-06 03:22:45,Hostel,survey,1
acoustics in the main auditorium were distorted during the musical evening,2026-08-06 03:24:23,Events,email,3
weekend transit schedule should include an extra night service from metro station,2026-08-06 03:52:46,Transportation,review,3
lab equipment for digital electronics is outdated and some kits are faulty,2026-08-06 05:19:57,Academics,survey,2
study desks in quiet section are comfortable and well-lit,2026-08-06 05:25:38,Library,review,5
late fee penalty policy is too rigid when bank server transactions fail,2026-08-06 05:31:31,Fees,feedback form,2
acoustics in the main auditorium were distorted during the musical evening,2026-08-06 06:42:36,Events,email,3
campus security personnel are vigilant and polite at main vehicle checkpost,2026-08-06 07:12:26,Security,survey,5
campus security personnel are vigilant and polite at main vehicle checkpost,2026-08-06 07:25:09,Security,survey,5
Bathroom flush in hostel room 304 not working properly since two weeks.,2026-08-06 07:25:36,Hostel,review,2
Submission portal timed out during class quiz due to poor lecture hall Wi-Fi.,2026-08-06 07:29:57,Academics,survey,2
Water pressure in 4th floor hostel showers is almost zero in the morning.,2026-08-06 07:41:07,Hostel,review,2
online fee receipt generation is instant and hassle-free,2026-08-06 07:48:40,Fees,email,4
lab equipment for digital electronics is outdated and some kits are faulty,2026-08-06 08:18:22,Academics,review,2
Library reading room Wi-Fi fails every time more than 20 students join.,2026-08-06 08:20:57,Library,review,1
schedule for end semester practical exams overlaps with elective test,2026-08-06 08:55:02,Academics,review,2
online fee receipt generation is instant and hassle-free,2026-08-06 08:57:27,Fees,survey,4
classroom projectors in block 2 have low lamp brightness,2026-08-06 09:11:25,Facilities,email,2
"street lights near basketball court are flickering, feels unsafe at night",2026-08-06 09:24:24,Security,feedback form,2
cultural fest organization was seamless and guest lectures were inspiring,2026-08-06 11:11:37,Events,email,5
late fee penalty policy is too rigid when bank server transactions fail,2026-08-06 11:26:43,Fees,survey,2
morning breakfast poha and upma are quite decent and fresh,2026-08-06 11:27:16,Cafeteria,email,4
"driver on route 7 drives aggressively on speed breakers, please check",2026-08-06 11:36:06,Transportation,review,2
dustbins in cafeteria annex area overflow during lunch rush hours,2026-08-06 11:41:34,Cleanliness,support ticket,2
digital library terminal mice are sticky and need replacement,2026-08-06 11:51:00,Library,feedback form,2
juice bar offers great healthy options at subsidized student rates,2026-08-06 11:58:01,Cafeteria,feedback form,5
study desks in quiet section are comfortable and well-lit,2026-08-06 11:58:01,Library,support ticket,5
cricket nets require replacement as the netting has torn at several places,2026-08-06 12:22:35,Sports,survey,2
late fee penalty policy is too rigid when bank server transactions fail,2026-08-06 13:07:46,Fees,survey,2
water coolers on third floor are functioning smoothly and chilled,2026-08-06 13:31:33,Facilities,support ticket,4
Security at night gate is stopping day-scholars unnecessarily without reason.,2026-08-06 13:44:29,Sports,email,5
Bathroom flush in hostel room 304 not working properly since two weeks.,2026-08-06 14:21:28,Hostel,review,2
"transcript request was processed within 2 working days, very impressed",2026-08-06 14:27:53,Administration,review,5
acoustics in the main auditorium were distorted during the musical evening,2026-08-06 14:41:40,Events,support ticket,3
online fee receipt generation is instant and hassle-free,2026-08-06 14:53:08,Fees,survey,4
Library reading room Wi-Fi fails every time more than 20 students join.,2026-08-06 15:09:49,Library,review,1
"Cannot connect to library internet, frequent disconnects experienced",2026-08-06 15:23:51,Library,support ticket,1
classroom projectors in block 2 have low lamp brightness,2026-08-06 15:34:53,Facilities,survey,2
"driver on route 7 drives aggressively on speed breakers, please check",2026-08-06 15:57:08,Transportation,survey,2
Submission portal timed out during class quiz due to poor lecture hall Wi-Fi.,2026-08-06 16:02:56,Academics,email,2
"Hostel bathroom cleanliness is substandard, cleaning staff does not show up daily.",2026-08-06 16:09:14,Hostel,survey,1
Hot water is rarely available in block A bathrooms during morning hours.,2026-08-06 16:20:04,Hostel,email,1
weekend transit schedule should include an extra night service from metro station,2026-08-06 16:28:16,Transportation,support ticket,3
weekend transit schedule should include an extra night service from metro station,2026-08-06 17:10:33,Transportation,support ticket,3
cultural fest organization was seamless and guest lectures were inspiring,2026-08-06 17:27:52,Events,survey,5
juice bar offers great healthy options at subsidized student rates,2026-08-06 17:29:08,Cafeteria,feedback form,5
"driver on route 7 drives aggressively on speed breakers, please check",2026-08-06 17:33:12,Transportation,support ticket,2
Drainage in ground floor washroom gets clogged every few days.,2026-08-06 17:37:21,Hostel,email,1
campus grounds are kept remarkably green and litter-free,2026-08-06 17:38:26,Cleanliness,survey,5
weekend transit schedule should include an extra night service from metro station,2026-08-06 17:42:33,Transportation,survey,3
campus grounds are kept remarkably green and litter-free,2026-08-06 17:54:54,Cleanliness,support ticket,5
need more copies of the latest edition algorithms reference book,2026-08-06 18:08:42,Library,feedback form,3
cultural fest organization was seamless and guest lectures were inspiring,2026-08-06 18:30:37,Events,survey,5
"street lights near basketball court are flickering, feels unsafe at night",2026-08-06 18:54:17,Security,survey,2
long queues at student welfare window due to single staff member operating,2026-08-06 19:15:28,Administration,review,2
bus frequency during peak evening hours between 5pm-6pm is adequate,2026-08-06 19:33:36,Transportation,email,4
Drainage in ground floor washroom gets clogged every few days.,2026-08-06 20:04:47,Hostel,review,2
restrooms in ground floor management block need more frequent checks,2026-08-06 20:14:11,Cleanliness,survey,2
acoustics in the main auditorium were distorted during the musical evening,2026-08-06 20:32:11,Events,survey,3
cultural fest organization was seamless and guest lectures were inspiring,2026-08-06 20:33:47,Events,support ticket,5
"transcript request was processed within 2 working days, very impressed",2026-08-06 20:38:13,Administration,review,5
Submission portal timed out during class quiz due to poor lecture hall Wi-Fi.,2026-08-06 20:52:20,Academics,email,1
professors are approachable during designated office consultation hours,2026-08-06 21:02:49,Academics,support ticket,5
elevator in engineering block was under maintenance during morning rush,2026-08-06 21:39:45,Facilities,review,2
Air conditioning in seminar hall 2 is leaking water on the front row seats.,2026-08-06 21:45:52,Security,review,4
"street lights near basketball court are flickering, feels unsafe at night",2026-08-06 21:46:29,Security,feedback form,2
lab equipment for digital electronics is outdated and some kits are faulty,2026-08-06 21:51:53,Academics,support ticket,2
"transcript request was processed within 2 working days, very impressed",2026-08-06 22:11:48,Administration,support ticket,5
online fee receipt generation is instant and hassle-free,2026-08-06 22:16:53,Fees,feedback form,4
Wi-Fi is constantly dropping in the central library reading room,2026-08-06 23:35:13,Library,review,2
Hot water is rarely available in block A bathrooms during morning hours.,2026-08-06 23:35:15,Hostel,email,1
"street lights near basketball court are flickering, feels unsafe at night",2026-08-06 23:35:45,Security,survey,2
campus security personnel are vigilant and polite at main vehicle checkpost,2026-08-06 23:58:38,Security,survey,5
dustbins in cafeteria annex area overflow during lunch rush hours,2026-08-07 00:14:34,Cleanliness,survey,2
faculty feedback process is transparent and taken seriously by HOD,2026-08-07 00:38:51,Academics,feedback form,4
"driver on route 7 drives aggressively on speed breakers, please check",2026-08-07 01:06:38,Transportation,review,2
"street lights near basketball court are flickering, feels unsafe at night",2026-08-07 01:34:23,Security,support ticket,2
"driver on route 7 drives aggressively on speed breakers, please check",2026-08-07 01:50:30,Transportation,email,2
classroom projectors in block 2 have low lamp brightness,2026-08-07 01:57:39,Facilities,feedback form,2
digital library terminal mice are sticky and need replacement,2026-08-07 02:34:33,Library,support ticket,2
restrooms in ground floor management block need more frequent checks,2026-08-07 02:52:56,Cleanliness,review,2
acoustics in the main auditorium were distorted during the musical evening,2026-08-07 03:07:03,Events,support ticket,3
"driver on route 7 drives aggressively on speed breakers, please check",2026-08-07 03:07:35,Transportation,review,2
study desks in quiet section are comfortable and well-lit,2026-08-07 03:14:02,Library,survey,5
lab equipment for digital electronics is outdated and some kits are faulty,2026-08-07 04:08:52,Academics,email,2
restrooms in ground floor management block need more frequent checks,2026-08-07 04:17:10,Cleanliness,review,2
Wi-Fi is constantly dropping in the central library reading room,2026-08-07 04:33:06,Library,review,1
Bathroom flush in hostel room 304 not working properly since two weeks.,2026-08-07 04:33:35,Hostel,survey,1
professors are approachable during designated office consultation hours,2026-08-07 04:42:52,Academics,support ticket,5
classroom projectors in block 2 have low lamp brightness,2026-08-07 05:09:43,Facilities,email,2
"street lights near basketball court are flickering, feels unsafe at night",2026-08-07 05:23:05,Security,support ticket,2
restrooms in ground floor management block need more frequent checks,2026-08-07 05:38:33,Cleanliness,survey,2
morning breakfast poha and upma are quite decent and fresh,2026-08-07 05:55:33,Cafeteria,feedback form,4
badminton court wooden flooring has been maintained in top shape,2026-08-07 06:26:51,Sports,email,5
elevator in engineering block was under maintenance during morning rush,2026-08-07 06:35:21,Facilities,survey,2
cricket nets require replacement as the netting has torn at several places,2026-08-07 06:52:54,Sports,review,2
Unable to attend online lab sessions because the Wi-Fi signal drops constantly.,2026-08-07 07:42:36,Wi-Fi/Internet,review,1
"transcript request was processed within 2 working days, very impressed",2026-08-07 08:01:06,Administration,feedback form,5
"Cannot connect to library internet, frequent disconnects experienced",2026-08-07 08:41:53,Library,survey,1
cultural fest organization was seamless and guest lectures were inspiring,2026-08-07 09:24:16,Events,review,5
acoustics in the main auditorium were distorted during the musical evening,2026-08-07 09:39:27,Events,support ticket,3
campus security personnel are vigilant and polite at main vehicle checkpost,2026-08-07 09:48:37,Security,survey,5
long queues at student welfare window due to single staff member operating,2026-08-07 09:56:42,Administration,support ticket,2
lab equipment for digital electronics is outdated and some kits are faulty,2026-08-07 10:18:35,Academics,support ticket,2
digital library terminal mice are sticky and need replacement,2026-08-07 10:38:48,Library,feedback form,2
study desks in quiet section are comfortable and well-lit,2026-08-07 10:43:32,Library,feedback form,5
cultural fest organization was seamless and guest lectures were inspiring,2026-08-07 11:05:00,Events,email,5
Central library Wi-Fi connectivity is extremely unstable this week,2026-08-07 11:58:41,Library,survey,2
long queues at student welfare window due to single staff member operating,2026-08-07 12:04:58,Administration,survey,2
Library reading room Wi-Fi fails every time more than 20 students join.,2026-08-07 12:33:51,Library,feedback form,1
digital library terminal mice are sticky and need replacement,2026-08-07 13:45:40,Library,review,2
weekend transit schedule should include an extra night service from metro station,2026-08-07 14:05:35,Transportation,email,3
Hostel room switchboards are loose and maintenance hasn't fixed them yet.,2026-08-07 14:10:03,Hostel,email,1
Central library Wi-Fi connectivity is extremely unstable this week,2026-08-07 14:45:25,Library,feedback form,1
campus grounds are kept remarkably green and litter-free,2026-08-07 14:45:41,Cleanliness,support ticket,5
late fee penalty policy is too rigid when bank server transactions fail,2026-08-07 15:01:43,Fees,review,2
long queues at student welfare window due to single staff member operating,2026-08-07 15:08:53,Administration,support ticket,2
"street lights near basketball court are flickering, feels unsafe at night",2026-08-07 15:27:17,Security,email,2
restrooms in ground floor management block need more frequent checks,2026-08-07 16:58:45,Cleanliness,survey,2
acoustics in the main auditorium were distorted during the musical evening,2026-08-07 17:09:59,Events,review,3
late fee penalty policy is too rigid when bank server transactions fail,2026-08-07 17:47:05,Fees,feedback form,2
"driver on route 7 drives aggressively on speed breakers, please check",2026-08-07 18:09:55,Transportation,feedback form,2
"street lights near basketball court are flickering, feels unsafe at night",2026-08-07 18:17:56,Security,review,2
late fee penalty policy is too rigid when bank server transactions fail,2026-08-07 18:42:21,Fees,review,2
Hot water is rarely available in block A bathrooms during morning hours.,2026-08-07 18:45:07,Hostel,survey,2
campus security personnel are vigilant and polite at main vehicle checkpost,2026-08-07 18:50:48,Security,feedback form,5
campus security personnel are vigilant and polite at main vehicle checkpost,2026-08-07 19:22:35,Security,email,5
acoustics in the main auditorium were distorted during the musical evening,2026-08-07 19:27:04,Events,survey,3
acoustics in the main auditorium were distorted during the musical evening,2026-08-07 19:32:52,Events,feedback form,3
campus security personnel are vigilant and polite at main vehicle checkpost,2026-08-07 19:57:58,Security,support ticket,5
cultural fest organization was seamless and guest lectures were inspiring,2026-08-07 20:03:54,Events,review,5
Bathroom flush in hostel room 304 not working properly since two weeks.,2026-08-07 20:06:05,Hostel,support ticket,2
professors are approachable during designated office consultation hours,2026-08-07 20:13:27,Academics,review,5
professors are approachable during designated office consultation hours,2026-08-07 20:31:44,Academics,support ticket,5
restrooms in ground floor management block need more frequent checks,2026-08-07 20:46:26,Cleanliness,support ticket,2
Drainage in ground floor washroom gets clogged every few days.,2026-08-07 20:52:41,Hostel,support ticket,1
badminton court wooden flooring has been maintained in top shape,2026-08-07 20:56:36,Sports,survey,5
dustbins in cafeteria annex area overflow during lunch rush hours,2026-08-07 20:58:33,Cleanliness,feedback form,2
Internet keeps shutting off while researching in the university library,2026-08-07 21:01:28,Library,email,1
mess cutlery is often greasy and not cleaned thoroughly,2026-08-07 21:46:51,Cafeteria,email,1
long queues at student welfare window due to single staff member operating,2026-08-07 22:21:51,Administration,support ticket,2
restrooms in ground floor management block need more frequent checks,2026-08-07 22:37:45,Cleanliness,survey,2
Hostel geysers in block C are still leaking despite repeated complaints.,2026-08-07 23:16:48,Hostel,email,1
need more copies of the latest edition algorithms reference book,2026-08-08 00:09:41,Library,review,3
"hostle mess food is so cold by 7pm, not even eatable seriously :(",2026-08-08 00:28:36,Facilities,survey,1
late fee penalty policy is too rigid when bank server transactions fail,2026-08-08 00:49:25,Fees,support ticket,2
Admin staff was extremely rude when I went for fee concession verification.,2026-08-08 01:06:34,Cafeteria,survey,3
wfi in cafetaria is totally not working yaar... plz do the needful ASAP!!,2026-08-08 01:16:31,Administration,survey,5
classroom projectors in block 2 have low lamp brightness,2026-08-08 01:28:18,Facilities,email,2
long queues at student welfare window due to single staff member operating,2026-08-08 01:28:30,Administration,feedback form,2
morning breakfast poha and upma are quite decent and fresh,2026-08-08 01:32:02,Cafeteria,feedback form,4
cultural fest organization was seamless and guest lectures were inspiring,2026-08-08 01:47:30,Events,feedback form,5
study desks in quiet section are comfortable and well-lit,2026-08-08 01:53:06,Library,support ticket,5
long queues at student welfare window due to single staff member operating,2026-08-08 02:03:23,Administration,feedback form,2
late fee penalty policy is too rigid when bank server transactions fail,2026-08-08 02:22:47,Fees,support ticket,2
long queues at student welfare window due to single staff member operating,2026-08-08 03:24:11,Administration,review,2
acoustics in the main auditorium were distorted during the musical evening,2026-08-08 03:25:34,Events,review,3
weekend transit schedule should include an extra night service from metro station,2026-08-08 03:53:31,Transportation,survey,3
digital library terminal mice are sticky and need replacement,2026-08-08 04:03:21,Library,survey,2
long queues at student welfare window due to single staff member operating,2026-08-08 04:28:10,Administration,review,2
campus security personnel are vigilant and polite at main vehicle checkpost,2026-08-08 04:29:19,Security,review,5
juice bar offers great healthy options at subsidized student rates,2026-08-08 04:48:37,Cafeteria,survey,5
acoustics in the main auditorium were distorted during the musical evening,2026-08-08 04:52:51,Events,review,3
schedule for end semester practical exams overlaps with elective test,2026-08-08 05:21:54,Academics,review,2
"transcript request was processed within 2 working days, very impressed",2026-08-08 06:25:27,Administration,survey,5
dustbins in cafeteria annex area overflow during lunch rush hours,2026-08-08 06:35:44,Cleanliness,support ticket,2
online fee receipt generation is instant and hassle-free,2026-08-08 07:06:17,Fees,support ticket,4
long queues at student welfare window due to single staff member operating,2026-08-08 07:48:26,Administration,feedback form,2
water coolers on third floor are functioning smoothly and chilled,2026-08-08 08:20:16,Facilities,survey,4
"driver on route 7 drives aggressively on speed breakers, please check",2026-08-08 08:33:25,Transportation,review,2
"street lights near basketball court are flickering, feels unsafe at night",2026-08-08 08:49:18,Security,review,2
Hostel geysers in block C are still leaking despite repeated complaints.,2026-08-08 08:58:38,Hostel,review,1
morning breakfast poha and upma are quite decent and fresh,2026-08-08 09:16:59,Cafeteria,survey,4
bus frequency during peak evening hours between 5pm-6pm is adequate,2026-08-08 10:32:07,Transportation,review,4
online fee receipt generation is instant and hassle-free,2026-08-08 10:35:51,Fees,feedback form,4
cricket nets require replacement as the netting has torn at several places,2026-08-08 10:40:57,Sports,support ticket,2
"street lights near basketball court are flickering, feels unsafe at night",2026-08-08 10:44:05,Security,email,2
"food quality is mediocre, especially dinner menu is repetitive",2026-08-08 10:46:44,Cafeteria,email,2
classroom projectors in block 2 have low lamp brightness,2026-08-08 11:37:55,Facilities,support ticket,2
Library reading room Wi-Fi fails every time more than 20 students join.,2026-08-08 11:40:38,Library,feedback form,1
bus frequency during peak evening hours between 5pm-6pm is adequate,2026-08-08 11:42:19,Transportation,support ticket,4
Hostel geysers in block C are still leaking despite repeated complaints.,2026-08-08 12:07:11,Hostel,review,2
long queues at student welfare window due to single staff member operating,2026-08-08 13:10:59,Administration,email,2
need more copies of the latest edition algorithms reference book,2026-08-08 13:28:06,Library,survey,3
campus security personnel are vigilant and polite at main vehicle checkpost,2026-08-08 13:28:17,Security,feedback form,5
"street lights near basketball court are flickering, feels unsafe at night",2026-08-08 13:54:08,Security,feedback form,2
cricket nets require replacement as the netting has torn at several places,2026-08-08 13:56:12,Sports,email,2
Air conditioning in seminar hall 2 is leaking water on the front row seats.,2026-08-08 13:57:01,Administration,feedback form,5
dustbins in cafeteria annex area overflow during lunch rush hours,2026-08-08 14:02:14,Cleanliness,review,2
badminton court wooden flooring has been maintained in top shape,2026-08-08 14:06:28,Sports,survey,5
"Library wifi keeps dropping connection every 10 minutes, cannot study",2026-08-08 14:32:23,Library,feedback form,2
mess cutlery is often greasy and not cleaned thoroughly,2026-08-08 14:44:31,Cafeteria,survey,1
campus grounds are kept remarkably green and litter-free,2026-08-08 15:12:35,Cleanliness,support ticket,5
juice bar offers great healthy options at subsidized student rates,2026-08-08 15:33:17,Cafeteria,feedback form,5
restrooms in ground floor management block need more frequent checks,2026-08-08 15:42:45,Cleanliness,support ticket,2
dustbins in cafeteria annex area overflow during lunch rush hours,2026-08-08 16:10:43,Cleanliness,review,2
campus grounds are kept remarkably green and litter-free,2026-08-08 16:18:57,Cleanliness,review,5
classroom projectors in block 2 have low lamp brightness,2026-08-08 16:20:50,Facilities,feedback form,2
late fee penalty policy is too rigid when bank server transactions fail,2026-08-08 16:21:24,Fees,email,2
restrooms in ground floor management block need more frequent checks,2026-08-08 16:31:43,Cleanliness,feedback form,2
dustbins in cafeteria annex area overflow during lunch rush hours,2026-08-08 16:38:34,Cleanliness,support ticket,2
digital library terminal mice are sticky and need replacement,2026-08-08 16:47:30,Library,survey,2
classroom projectors in block 2 have low lamp brightness,2026-08-08 17:05:31,Facilities,support ticket,2
"food quality is mediocre, especially dinner menu is repetitive",2026-08-08 18:47:50,Cafeteria,support ticket,2
cultural fest organization was seamless and guest lectures were inspiring,2026-08-08 19:00:27,Events,email,5
acoustics in the main auditorium were distorted during the musical evening,2026-08-08 19:09:11,Events,email,3
elevator in engineering block was under maintenance during morning rush,2026-08-08 19:28:55,Facilities,survey,2
schedule for end semester practical exams overlaps with elective test,2026-08-08 19:31:19,Academics,support ticket,2
Hot water is rarely available in block A bathrooms during morning hours.,2026-08-08 19:50:51,Hostel,support ticket,2
campus grounds are kept remarkably green and litter-free,2026-08-08 20:14:45,Cleanliness,review,5
mess cutlery is often greasy and not cleaned thoroughly,2026-08-08 20:38:27,Cafeteria,support ticket,1
restrooms in ground floor management block need more frequent checks,2026-08-08 21:02:35,Cleanliness,feedback form,2
late fee penalty policy is too rigid when bank server transactions fail,2026-08-08 21:30:54,Fees,feedback form,2
cricket nets require replacement as the netting has torn at several places,2026-08-08 22:25:49,Sports,survey,2
late fee penalty policy is too rigid when bank server transactions fail,2026-08-08 22:31:43,Fees,review,2
acoustics in the main auditorium were distorted during the musical evening,2026-08-08 23:08:36,Events,feedback form,3
"transcript request was processed within 2 working days, very impressed",2026-08-08 23:19:53,Administration,support ticket,5
campus security personnel are vigilant and polite at main vehicle checkpost,2026-08-08 23:35:07,Security,review,5
dustbins in cafeteria annex area overflow during lunch rush hours,2026-08-08 23:39:56,Cleanliness,review,2
"driver on route 7 drives aggressively on speed breakers, please check",2026-08-09 00:06:09,Transportation,feedback form,2
Library reading room Wi-Fi fails every time more than 20 students join.,2026-08-09 00:13:16,Library,feedback form,2
long queues at student welfare window due to single staff member operating,2026-08-09 01:07:26,Administration,feedback form,2
dustbins in cafeteria annex area overflow during lunch rush hours,2026-08-09 01:26:02,Cleanliness,review,2
digital library terminal mice are sticky and need replacement,2026-08-09 01:40:41,Library,email,2
restrooms in ground floor management block need more frequent checks,2026-08-09 01:45:04,Cleanliness,support ticket,2
long queues at student welfare window due to single staff member operating,2026-08-09 02:07:42,Administration,support ticket,2
classroom projectors in block 2 have low lamp brightness,2026-08-09 02:13:32,Facilities,feedback form,2
digital library terminal mice are sticky and need replacement,2026-08-09 02:14:05,Library,support ticket,2
campus security personnel are vigilant and polite at main vehicle checkpost,2026-08-09 02:17:41,Security,email,5
acoustics in the main auditorium were distorted during the musical evening,2026-08-09 02:17:53,Events,survey,3
"street lights near basketball court are flickering, feels unsafe at night",2026-08-09 02:27:53,Security,email,2
long queues at student welfare window due to single staff member operating,2026-08-09 02:50:34,Administration,email,2
study desks in quiet section are comfortable and well-lit,2026-08-09 03:13:22,Library,survey,5
acoustics in the main auditorium were distorted during the musical evening,2026-08-09 03:55:38,Events,email,3
digital library terminal mice are sticky and need replacement,2026-08-09 04:01:02,Library,support ticket,2
dustbins in cafeteria annex area overflow during lunch rush hours,2026-08-09 04:09:53,Cleanliness,review,2
study desks in quiet section are comfortable and well-lit,2026-08-09 05:44:16,Library,feedback form,5
mess cutlery is often greasy and not cleaned thoroughly,2026-08-09 05:49:41,Cafeteria,survey,1
professors are approachable during designated office consultation hours,2026-08-09 05:58:28,Academics,support ticket,5
long queues at student welfare window due to single staff member operating,2026-08-09 06:02:51,Administration,feedback form,2
acoustics in the main auditorium were distorted during the musical evening,2026-08-09 06:15:21,Events,support ticket,3
water coolers on third floor are functioning smoothly and chilled,2026-08-09 07:08:56,Facilities,survey,4
badminton court wooden flooring has been maintained in top shape,2026-08-09 07:17:20,Sports,review,5
late fee penalty policy is too rigid when bank server transactions fail,2026-08-09 09:18:36,Fees,support ticket,2
schedule for end semester practical exams overlaps with elective test,2026-08-09 09:32:06,Academics,survey,2
Hostel geysers in block C are still leaking despite repeated complaints.,2026-08-09 09:57:15,Hostel,email,1
"street lights near basketball court are flickering, feels unsafe at night",2026-08-09 10:09:19,Security,feedback form,2
cricket nets require replacement as the netting has torn at several places,2026-08-09 10:29:47,Sports,email,2
juice bar offers great healthy options at subsidized student rates,2026-08-09 11:00:36,Cafeteria,review,5
online fee receipt generation is instant and hassle-free,2026-08-09 11:03:15,Fees,email,4
Continuous wi-fi dropouts while studying on 2nd floor of library,2026-08-09 11:15:42,Library,feedback form,1
bus frequency during peak evening hours between 5pm-6pm is adequate,2026-08-09 11:25:38,Transportation,support ticket,4
"Gym treadmill belt is slipping, safety hazard!! kindly look into this matter.",2026-08-09 11:26:27,Library,review,5
restrooms in ground floor management block need more frequent checks,2026-08-09 11:44:30,Cleanliness,feedback form,2
study desks in quiet section are comfortable and well-lit,2026-08-09 11:53:23,Library,feedback form,5
Library reading room Wi-Fi fails every time more than 20 students join.,2026-08-09 12:01:29,Library,support ticket,2
campus grounds are kept remarkably green and litter-free,2026-08-09 12:15:15,Cleanliness,review,5
dustbins in cafeteria annex area overflow during lunch rush hours,2026-08-09 12:29:00,Cleanliness,support ticket,2
need more copies of the latest edition algorithms reference book,2026-08-09 12:34:13,Library,email,3
faculty feedback process is transparent and taken seriously by HOD,2026-08-09 13:07:37,Academics,feedback form,4
Air conditioning in seminar hall 2 is leaking water on the front row seats.,2026-08-09 13:33:08,Sports,email,5
"transcript request was processed within 2 working days, very impressed",2026-08-09 13:47:34,Administration,review,5
faculty feedback process is transparent and taken seriously by HOD,2026-08-09 13:56:26,Academics,support ticket,4
digital library terminal mice are sticky and need replacement,2026-08-09 14:37:50,Library,survey,2
"street lights near basketball court are flickering, feels unsafe at night",2026-08-09 15:29:22,Security,feedback form,2
"driver on route 7 drives aggressively on speed breakers, please check",2026-08-09 15:37:33,Transportation,support ticket,2
weekend transit schedule should include an extra night service from metro station,2026-08-09 15:58:27,Transportation,support ticket,3
cultural fest organization was seamless and guest lectures were inspiring,2026-08-09 17:04:21,Events,support ticket,5
professors are approachable during designated office consultation hours,2026-08-09 17:38:06,Academics,survey,5
weekend transit schedule should include an extra night service from metro station,2026-08-09 17:42:43,Transportation,support ticket,3
campus security personnel are vigilant and polite at main vehicle checkpost,2026-08-09 17:46:38,Security,support ticket,5
campus security personnel are vigilant and polite at main vehicle checkpost,2026-08-09 17:47:32,Security,survey,5
cricket nets require replacement as the netting has torn at several places,2026-08-09 17:55:53,Sports,support ticket,2
morning breakfast poha and upma are quite decent and fresh,2026-08-09 18:24:09,Cafeteria,support ticket,4
study desks in quiet section are comfortable and well-lit,2026-08-09 18:25:22,Library,email,5
study desks in quiet section are comfortable and well-lit,2026-08-09 19:34:21,Library,review,5
elevator in engineering block was under maintenance during morning rush,2026-08-09 19:48:22,Facilities,support ticket,2
campus security personnel are vigilant and polite at main vehicle checkpost,2026-08-09 19:56:11,Security,review,5
weekend transit schedule should include an extra night service from metro station,2026-08-09 20:26:33,Transportation,survey,3
Continuous wi-fi dropouts while studying on 2nd floor of library,2026-08-09 20:37:56,Library,support ticket,1
cricket nets require replacement as the netting has torn at several places,2026-08-09 20:51:43,Sports,survey,2
lab equipment for digital electronics is outdated and some kits are faulty,2026-08-09 21:34:39,Academics,survey,2
faculty feedback process is transparent and taken seriously by HOD,2026-08-09 21:46:49,Academics,support ticket,4
Submission portal timed out during class quiz due to poor lecture hall Wi-Fi.,2026-08-09 22:04:49,Academics,survey,1
"street lights near basketball court are flickering, feels unsafe at night",2026-08-09 22:05:09,Security,feedback form,2
classroom projectors in block 2 have low lamp brightness,2026-08-09 23:26:43,Facilities,review,2
cultural fest organization was seamless and guest lectures were inspiring,2026-08-10 00:25:45,Events,survey,5
lab equipment for digital electronics is outdated and some kits are faulty,2026-08-10 01:26:32,Academics,support ticket,2
badminton court wooden flooring has been maintained in top shape,2026-08-10 02:03:07,Sports,support ticket,5
campus security personnel are vigilant and polite at main vehicle checkpost,2026-08-10 02:04:59,Security,support ticket,5
restrooms in ground floor management block need more frequent checks,2026-08-10 02:10:18,Cleanliness,email,2
cricket nets require replacement as the netting has torn at several places,2026-08-10 02:11:28,Sports,feedback form,2
acoustics in the main auditorium were distorted during the musical evening,2026-08-10 02:30:26,Events,survey,3
campus grounds are kept remarkably green and litter-free,2026-08-10 02:53:08,Cleanliness,survey,5
study desks in quiet section are comfortable and well-lit,2026-08-10 03:17:26,Library,support ticket,5
Department lab computers cannot access intranet because academic Wi-Fi is failing.,2026-08-10 03:28:54,Academics,email,2
Hot water is rarely available in block A bathrooms during morning hours.,2026-08-10 03:47:47,Hostel,email,1
"Wi-Fi disconnects every 15 minutes during project work, unbearable!",2026-08-10 04:27:09,Wi-Fi/Internet,support ticket,1
online fee receipt generation is instant and hassle-free,2026-08-10 04:34:50,Fees,survey,4
"Hostel warden resolved the water cooler issue promptly, thank you.",2026-08-10 04:37:02,Security,email,1
acoustics in the main auditorium were distorted during the musical evening,2026-08-10 04:43:44,Events,review,3
need more copies of the latest edition algorithms reference book,2026-08-10 05:02:36,Library,support ticket,3
Hostel geysers in block C are still leaking despite repeated complaints.,2026-08-10 05:15:49,Hostel,feedback form,1
long queues at student welfare window due to single staff member operating,2026-08-10 05:19:07,Administration,survey,2
Water pressure in 4th floor hostel showers is almost zero in the morning.,2026-08-10 05:46:04,Hostel,feedback form,2
restrooms in ground floor management block need more frequent checks,2026-08-10 06:16:56,Cleanliness,email,2
acoustics in the main auditorium were distorted during the musical evening,2026-08-10 06:17:01,Events,review,3
badminton court wooden flooring has been maintained in top shape,2026-08-10 06:20:20,Sports,survey,5
mess cutlery is often greasy and not cleaned thoroughly,2026-08-10 06:35:29,Cafeteria,survey,1
Bathroom flush in hostel room 304 not working properly since two weeks.,2026-08-10 07:07:23,Hostel,support ticket,1
acoustics in the main auditorium were distorted during the musical evening,2026-08-10 07:10:36,Events,support ticket,3
digital library terminal mice are sticky and need replacement,2026-08-10 07:11:03,Library,support ticket,2
restrooms in ground floor management block need more frequent checks,2026-08-10 07:17:39,Cleanliness,review,2
cricket nets require replacement as the netting has torn at several places,2026-08-10 07:28:00,Sports,email,2
badminton court wooden flooring has been maintained in top shape,2026-08-10 07:36:19,Sports,email,5
"transcript request was processed within 2 working days, very impressed",2026-08-10 07:49:55,Administration,review,5
campus grounds are kept remarkably green and litter-free,2026-08-10 08:09:22,Cleanliness,feedback form,5
cricket nets require replacement as the netting has torn at several places,2026-08-10 08:31:38,Sports,support ticket,2
Hostel geysers in block C are still leaking despite repeated complaints.,2026-08-10 08:39:58,Hostel,support ticket,2
campus security personnel are vigilant and polite at main vehicle checkpost,2026-08-10 09:00:46,Security,email,5
weekend transit schedule should include an extra night service from metro station,2026-08-10 09:18:22,Transportation,email,3
online fee receipt generation is instant and hassle-free,2026-08-10 09:54:33,Fees,survey,4
mess cutlery is often greasy and not cleaned thoroughly,2026-08-10 10:07:34,Cafeteria,email,1
weekend transit schedule should include an extra night service from metro station,2026-08-10 10:09:17,Transportation,survey,3
"Gym treadmill belt is slipping, safety hazard!! kindly look into this matter.",2026-08-10 10:14:52,Wi-Fi/Internet,review,4
cricket nets require replacement as the netting has torn at several places,2026-08-10 10:32:52,Sports,survey,2
coffee machine in main canteen was broken for two days,2026-08-10 11:16:40,Cafeteria,review,2
classroom projectors in block 2 have low lamp brightness,2026-08-10 11:20:00,Facilities,review,2
"Gym treadmill belt is slipping, safety hazard!! kindly look into this matter.",2026-08-10 11:25:11,Fees,support ticket,5
restrooms in ground floor management block need more frequent checks,2026-08-10 11:25:48,Cleanliness,email,2
campus security personnel are vigilant and polite at main vehicle checkpost,2026-08-10 11:55:11,Security,survey,5
"transcript request was processed within 2 working days, very impressed",2026-08-10 12:06:06,Administration,email,5
Wi-Fi keeps kicking devices off the network every few minutes.,2026-08-10 12:17:38,Wi-Fi/Internet,review,1
badminton court wooden flooring has been maintained in top shape,2026-08-10 12:19:23,Sports,review,5
schedule for end semester practical exams overlaps with elective test,2026-08-10 12:54:04,Academics,feedback form,2
water coolers on third floor are functioning smoothly and chilled,2026-08-10 12:57:44,Facilities,review,4
need more copies of the latest edition algorithms reference book,2026-08-10 13:13:03,Library,support ticket,3
restrooms in ground floor management block need more frequent checks,2026-08-10 13:14:46,Cleanliness,survey,2
long queues at student welfare window due to single staff member operating,2026-08-10 13:20:23,Administration,survey,2
long queues at student welfare window due to single staff member operating,2026-08-10 13:47:29,Administration,survey,2
classroom projectors in block 2 have low lamp brightness,2026-08-10 13:56:59,Facilities,feedback form,2
"street lights near basketball court are flickering, feels unsafe at night",2026-08-10 14:23:21,Security,support ticket,2
Cannot download research papers from library digital section due to no Wi-Fi.,2026-08-10 14:28:43,Library,email,2
"street lights near basketball court are flickering, feels unsafe at night",2026-08-10 14:48:22,Security,email,2
Bathroom flush in hostel room 304 not working properly since two weeks.,2026-08-10 14:58:08,Hostel,support ticket,2
late fee penalty policy is too rigid when bank server transactions fail,2026-08-10 15:06:20,Fees,review,2
campus security personnel are vigilant and polite at main vehicle checkpost,2026-08-10 15:25:42,Security,support ticket,5
Submission portal timed out during class quiz due to poor lecture hall Wi-Fi.,2026-08-10 15:38:13,Academics,review,2
professors are approachable during designated office consultation hours,2026-08-10 15:52:48,Academics,feedback form,5
long queues at student welfare window due to single staff member operating,2026-08-10 16:00:19,Administration,survey,2
"transcript request was processed within 2 working days, very impressed",2026-08-10 16:18:18,Administration,email,5
Department lab computers cannot access intranet because academic Wi-Fi is failing.,2026-08-10 17:05:31,Academics,feedback form,1
bus frequency during peak evening hours between 5pm-6pm is adequate,2026-08-10 17:08:58,Transportation,review,4
Fees payment portal debited my account twice!! Kindly revert the amount quickly.,2026-08-10 17:13:56,Administration,email,2
mess cutlery is often greasy and not cleaned thoroughly,2026-08-10 17:56:41,Cafeteria,email,1
Wi-Fi in hostel common room has been down for three days straight.,2026-08-10 18:09:29,Hostel,support ticket,1
faculty feedback process is transparent and taken seriously by HOD,2026-08-10 18:11:40,Academics,email,4
cultural fest organization was seamless and guest lectures were inspiring,2026-08-10 18:48:04,Events,support ticket,5
lab equipment for digital electronics is outdated and some kits are faulty,2026-08-10 19:14:12,Academics,email,2
weekend transit schedule should include an extra night service from metro station,2026-08-10 19:20:48,Transportation,survey,3
late fee penalty policy is too rigid when bank server transactions fail,2026-08-10 20:18:40,Fees,feedback form,2
schedule for end semester practical exams overlaps with elective test,2026-08-10 20:29:09,Academics,email,2
Drainage in ground floor washroom gets clogged every few days.,2026-08-10 21:13:34,Hostel,feedback form,2
Hostel room switchboards are loose and maintenance hasn't fixed them yet.,2026-08-10 21:30:33,Hostel,feedback form,1
"Cafeteria dosa counter service has improved significantly this semester, kudos!",2026-08-10 21:39:16,Fees,feedback form,2
campus grounds are kept remarkably green and litter-free,2026-08-10 22:13:07,Cleanliness,email,5
Security at night gate is stopping day-scholars unnecessarily without reason.,2026-08-10 22:15:19,Academics,email,5
cricket nets require replacement as the netting has torn at several places,2026-08-10 22:28:37,Sports,review,2
dustbins in cafeteria annex area overflow during lunch rush hours,2026-08-10 23:42:42,Cleanliness,email,2
"wifi disconnect issue in reading hall again and again, plz fix ASAP",2026-08-10 23:52:53,Library,review,2
campus grounds are kept remarkably green and litter-free,2026-08-11 00:04:26,Cleanliness,email,5
badminton court wooden flooring has been maintained in top shape,2026-08-11 00:15:32,Sports,review,5
late fee penalty policy is too rigid when bank server transactions fail,2026-08-11 00:23:08,Fees,review,2
water coolers on third floor are functioning smoothly and chilled,2026-08-11 00:33:48,Facilities,survey,4
restrooms in ground floor management block need more frequent checks,2026-08-11 01:14:30,Cleanliness,review,2
late fee penalty policy is too rigid when bank server transactions fail,2026-08-11 01:38:41,Fees,support ticket,2
late fee penalty policy is too rigid when bank server transactions fail,2026-08-11 02:02:37,Fees,email,2
bus frequency during peak evening hours between 5pm-6pm is adequate,2026-08-11 03:05:53,Transportation,email,4
"street lights near basketball court are flickering, feels unsafe at night",2026-08-11 03:07:14,Security,review,2
"driver on route 7 drives aggressively on speed breakers, please check",2026-08-11 03:26:05,Transportation,support ticket,2
online fee receipt generation is instant and hassle-free,2026-08-11 03:28:32,Fees,survey,4
bus frequency during peak evening hours between 5pm-6pm is adequate,2026-08-11 04:27:05,Transportation,feedback form,4
acoustics in the main auditorium were distorted during the musical evening,2026-08-11 04:59:47,Events,email,3
online fee receipt generation is instant and hassle-free,2026-08-11 05:21:17,Fees,email,4
dustbins in cafeteria annex area overflow during lunch rush hours,2026-08-11 05:52:21,Cleanliness,feedback form,2
Hostel room switchboards are loose and maintenance hasn't fixed them yet.,2026-08-11 06:06:12,Hostel,review,1
need more copies of the latest edition algorithms reference book,2026-08-11 06:54:38,Library,support ticket,3
Bathroom flush in hostel room 304 not working properly since two weeks.,2026-08-11 07:28:00,Hostel,survey,1
Hostel room switchboards are loose and maintenance hasn't fixed them yet.,2026-08-11 07:49:29,Hostel,survey,2
badminton court wooden flooring has been maintained in top shape,2026-08-11 07:49:56,Sports,survey,5
schedule for end semester practical exams overlaps with elective test,2026-08-11 08:30:29,Academics,support ticket,2
"street lights near basketball court are flickering, feels unsafe at night",2026-08-11 08:56:34,Security,support ticket,2
professors are approachable during designated office consultation hours,2026-08-11 09:09:17,Academics,feedback form,5
long queues at student welfare window due to single staff member operating,2026-08-11 09:22:44,Administration,feedback form,2
mess cutlery is often greasy and not cleaned thoroughly,2026-08-11 10:46:50,Cafeteria,feedback form,1
online fee receipt generation is instant and hassle-free,2026-08-11 10:51:47,Fees,email,4
Continuous wi-fi dropouts while studying on 2nd floor of library,2026-08-11 11:08:14,Library,support ticket,1
weekend transit schedule should include an extra night service from metro station,2026-08-11 11:13:44,Transportation,survey,3
Hostel geysers in block C are still leaking despite repeated complaints.,2026-08-11 11:23:42,Hostel,email,1
Drainage in ground floor washroom gets clogged every few days.,2026-08-11 11:39:26,Hostel,feedback form,2
Water pressure in 4th floor hostel showers is almost zero in the morning.,2026-08-11 11:46:40,Hostel,support ticket,2
Hostel geysers in block C are still leaking despite repeated complaints.,2026-08-11 12:05:05,Hostel,support ticket,2
"driver on route 7 drives aggressively on speed breakers, please check",2026-08-11 12:16:36,Transportation,email,2
cultural fest organization was seamless and guest lectures were inspiring,2026-08-11 12:29:32,Events,survey,5
Air conditioning in seminar hall 2 is leaking water on the front row seats.,2026-08-11 12:46:24,Facilities,email,5
online fee receipt generation is instant and hassle-free,2026-08-11 12:48:53,Fees,survey,4
"driver on route 7 drives aggressively on speed breakers, please check",2026-08-11 13:06:04,Transportation,feedback form,2
classroom projectors in block 2 have low lamp brightness,2026-08-11 13:40:44,Facilities,support ticket,2
"Gym treadmill belt is slipping, safety hazard!! kindly look into this matter.",2026-08-11 14:18:43,Facilities,feedback form,5
restrooms in ground floor management block need more frequent checks,2026-08-11 14:32:14,Cleanliness,support ticket,2
"transcript request was processed within 2 working days, very impressed",2026-08-11 14:34:19,Administration,review,5
acoustics in the main auditorium were distorted during the musical evening,2026-08-11 14:35:45,Events,review,3
elevator in engineering block was under maintenance during morning rush,2026-08-11 14:49:52,Facilities,review,2
dustbins in cafeteria annex area overflow during lunch rush hours,2026-08-11 15:10:05,Cleanliness,review,2
faculty feedback process is transparent and taken seriously by HOD,2026-08-11 15:24:37,Academics,support ticket,4
bus frequency during peak evening hours between 5pm-6pm is adequate,2026-08-11 15:50:04,Transportation,survey,4
"Hostel bathroom cleanliness is substandard, cleaning staff does not show up daily.",2026-08-11 16:07:51,Hostel,email,1
need more copies of the latest edition algorithms reference book,2026-08-11 16:33:08,Library,feedback form,3
dustbins in cafeteria annex area overflow during lunch rush hours,2026-08-11 17:19:53,Cleanliness,feedback form,2
need more copies of the latest edition algorithms reference book,2026-08-11 17:44:12,Library,email,3
faculty feedback process is transparent and taken seriously by HOD,2026-08-11 17:58:57,Academics,survey,4
cultural fest organization was seamless and guest lectures were inspiring,2026-08-11 18:23:00,Events,review,5
acoustics in the main auditorium were distorted during the musical evening,2026-08-11 18:29:35,Events,survey,3
classroom projectors in block 2 have low lamp brightness,2026-08-11 19:11:25,Facilities,support ticket,2
weekend transit schedule should include an extra night service from metro station,2026-08-11 19:21:28,Transportation,support ticket,3
juice bar offers great healthy options at subsidized student rates,2026-08-11 19:23:22,Cafeteria,email,5
Wi-Fi in hostel common room has been down for three days straight.,2026-08-11 19:52:13,Hostel,support ticket,2
morning breakfast poha and upma are quite decent and fresh,2026-08-11 20:00:47,Cafeteria,feedback form,4
mess cutlery is often greasy and not cleaned thoroughly,2026-08-11 20:11:31,Cafeteria,support ticket,1
online fee receipt generation is instant and hassle-free,2026-08-11 20:24:58,Fees,email,4
elevator in engineering block was under maintenance during morning rush,2026-08-11 20:39:52,Facilities,review,2
mess cutlery is often greasy and not cleaned thoroughly,2026-08-11 21:30:12,Cafeteria,support ticket,1
campus security personnel are vigilant and polite at main vehicle checkpost,2026-08-11 21:36:29,Security,survey,5
cricket nets require replacement as the netting has torn at several places,2026-08-11 21:46:00,Sports,feedback form,2
professors are approachable during designated office consultation hours,2026-08-11 22:08:37,Academics,review,5
campus security personnel are vigilant and polite at main vehicle checkpost,2026-08-11 22:52:59,Security,survey,5
weekend transit schedule should include an extra night service from metro station,2026-08-11 23:09:45,Transportation,review,3
"street lights near basketball court are flickering, feels unsafe at night",2026-08-11 23:30:01,Security,feedback form,2
badminton court wooden flooring has been maintained in top shape,2026-08-11 23:38:11,Sports,survey,5
"driver on route 7 drives aggressively on speed breakers, please check",2026-08-11 23:46:23,Transportation,support ticket,2
online fee receipt generation is instant and hassle-free,2026-08-11 23:58:21,Fees,review,4
long queues at student welfare window due to single staff member operating,2026-08-12 00:10:05,Administration,support ticket,2
profesor did not upload slides before midsem exam... vry frustrating.,2026-08-12 00:11:33,Fees,review,1
badminton court wooden flooring has been maintained in top shape,2026-08-12 00:19:23,Sports,review,5
Security at night gate is stopping day-scholars unnecessarily without reason.,2026-08-12 01:05:57,Events,support ticket,1
"transcript request was processed within 2 working days, very impressed",2026-08-12 01:36:44,Administration,support ticket,5
Bathroom flush in hostel room 304 not working properly since two weeks.,2026-08-12 01:45:21,Hostel,review,1
study desks in quiet section are comfortable and well-lit,2026-08-12 01:55:06,Library,support ticket,5
juice bar offers great healthy options at subsidized student rates,2026-08-12 01:56:10,Cafeteria,survey,5
water coolers on third floor are functioning smoothly and chilled,2026-08-12 02:12:39,Facilities,feedback form,4
"hostle mess food is so cold by 7pm, not even eatable seriously :(",2026-08-12 02:23:59,Sports,support ticket,5
study desks in quiet section are comfortable and well-lit,2026-08-12 02:28:59,Library,review,5
coffee machine in main canteen was broken for two days,2026-08-12 02:56:57,Cafeteria,email,2
"street lights near basketball court are flickering, feels unsafe at night",2026-08-12 03:06:36,Security,review,2
Department lab computers cannot access intranet because academic Wi-Fi is failing.,2026-08-12 03:21:31,Academics,support ticket,1
badminton court wooden flooring has been maintained in top shape,2026-08-12 03:53:12,Sports,feedback form,5
Department lab computers cannot access intranet because academic Wi-Fi is failing.,2026-08-12 04:01:31,Academics,survey,2
Hostel room switchboards are loose and maintenance hasn't fixed them yet.,2026-08-12 04:28:57,Hostel,email,2
wifi keeps disconnecting in library,2026-08-12 04:37:18,Library,feedback form,1
water coolers on third floor are functioning smoothly and chilled,2026-08-12 04:40:56,Facilities,email,4
professors are approachable during designated office consultation hours,2026-08-12 04:44:49,Academics,email,5
bus frequency during peak evening hours between 5pm-6pm is adequate,2026-08-12 05:04:56,Transportation,review,4
lab equipment for digital electronics is outdated and some kits are faulty,2026-08-12 05:08:22,Academics,review,2
profesor did not upload slides before midsem exam... vry frustrating.,2026-08-12 05:39:47,Fees,support ticket,4
restrooms in ground floor management block need more frequent checks,2026-08-12 05:50:16,Cleanliness,email,2
cricket nets require replacement as the netting has torn at several places,2026-08-12 06:52:50,Sports,feedback form,2
faculty feedback process is transparent and taken seriously by HOD,2026-08-12 07:22:17,Academics,support ticket,4
juice bar offers great healthy options at subsidized student rates,2026-08-12 07:24:46,Cafeteria,review,5
"street lights near basketball court are flickering, feels unsafe at night",2026-08-12 07:31:45,Security,support ticket,2
campus grounds are kept remarkably green and litter-free,2026-08-12 07:31:53,Cleanliness,support ticket,5
Submission portal timed out during class quiz due to poor lecture hall Wi-Fi.,2026-08-12 07:44:05,Academics,review,2
morning breakfast poha and upma are quite decent and fresh,2026-08-12 07:51:17,Cafeteria,survey,4
"wifi disconnect issue in reading hall again and again, plz fix ASAP",2026-08-12 07:52:31,Library,survey,2
online fee receipt generation is instant and hassle-free,2026-08-12 08:21:36,Fees,review,4
late fee penalty policy is too rigid when bank server transactions fail,2026-08-12 08:33:32,Fees,support ticket,2
study desks in quiet section are comfortable and well-lit,2026-08-12 09:09:35,Library,email,5
"transcript request was processed within 2 working days, very impressed",2026-08-12 09:10:15,Administration,survey,5
long queues at student welfare window due to single staff member operating,2026-08-12 09:28:23,Administration,feedback form,2
classroom projectors in block 2 have low lamp brightness,2026-08-12 09:46:28,Facilities,survey,2
long queues at student welfare window due to single staff member operating,2026-08-12 10:16:42,Administration,email,2
"transcript request was processed within 2 working days, very impressed",2026-08-12 10:17:25,Administration,review,5
"driver on route 7 drives aggressively on speed breakers, please check",2026-08-12 10:52:28,Transportation,feedback form,2
"Wi-Fi disconnects every 15 minutes during project work, unbearable!",2026-08-12 11:07:14,Wi-Fi/Internet,support ticket,1
Hostel geysers in block C are still leaking despite repeated complaints.,2026-08-12 11:10:40,Hostel,feedback form,1
"transcript request was processed within 2 working days, very impressed",2026-08-12 11:17:28,Administration,feedback form,5
"hostle mess food is so cold by 7pm, not even eatable seriously :(",2026-08-12 12:08:59,Cafeteria,feedback form,5
campus security personnel are vigilant and polite at main vehicle checkpost,2026-08-12 12:10:28,Security,email,5
professors are approachable during designated office consultation hours,2026-08-12 12:44:20,Academics,review,5
need more copies of the latest edition algorithms reference book,2026-08-12 12:50:45,Library,email,3
"transcript request was processed within 2 working days, very impressed",2026-08-12 13:03:00,Administration,email,5
"street lights near basketball court are flickering, feels unsafe at night",2026-08-12 13:25:50,Security,review,2
online fee receipt generation is instant and hassle-free,2026-08-12 13:30:49,Fees,email,4
lab equipment for digital electronics is outdated and some kits are faulty,2026-08-12 13:43:09,Academics,email,2
dustbins in cafeteria annex area overflow during lunch rush hours,2026-08-12 14:17:11,Cleanliness,email,2
campus security personnel are vigilant and polite at main vehicle checkpost,2026-08-12 14:36:58,Security,survey,5
campus grounds are kept remarkably green and litter-free,2026-08-12 14:37:49,Cleanliness,feedback form,5
cricket nets require replacement as the netting has torn at several places,2026-08-12 14:49:05,Sports,support ticket,2
"food quality is mediocre, especially dinner menu is repetitive",2026-08-12 16:09:33,Cafeteria,feedback form,2
long queues at student welfare window due to single staff member operating,2026-08-12 16:33:30,Administration,feedback form,2
"Hostel bathroom cleanliness is substandard, cleaning staff does not show up daily.",2026-08-12 16:41:51,Hostel,survey,2
restrooms in ground floor management block need more frequent checks,2026-08-12 16:53:50,Cleanliness,survey,2
schedule for end semester practical exams overlaps with elective test,2026-08-12 18:11:22,Academics,feedback form,2
schedule for end semester practical exams overlaps with elective test,2026-08-12 18:15:24,Academics,survey,2
study desks in quiet section are comfortable and well-lit,2026-08-12 19:04:50,Library,review,5
campus security personnel are vigilant and polite at main vehicle checkpost,2026-08-12 19:08:07,Security,support ticket,5
long queues at student welfare window due to single staff member operating,2026-08-12 19:20:22,Administration,survey,2
"Cannot connect to library internet, frequent disconnects experienced",2026-08-12 19:28:21,Library,feedback form,1
restrooms in ground floor management block need more frequent checks,2026-08-12 19:29:43,Cleanliness,survey,2
badminton court wooden flooring has been maintained in top shape,2026-08-12 19:53:18,Sports,support ticket,5
Great workshop conducted by robotics club! Really learned a lot.,2026-08-12 20:00:44,Library,feedback form,2
coffee machine in main canteen was broken for two days,2026-08-12 20:09:58,Cafeteria,review,2
Central library Wi-Fi connectivity is extremely unstable this week,2026-08-12 20:21:34,Library,review,2
badminton court wooden flooring has been maintained in top shape,2026-08-12 20:52:11,Sports,feedback form,5
cultural fest organization was seamless and guest lectures were inspiring,2026-08-12 21:05:54,Events,feedback form,5
acoustics in the main auditorium were distorted during the musical evening,2026-08-12 21:15:44,Events,email,3
weekend transit schedule should include an extra night service from metro station,2026-08-12 21:40:00,Transportation,survey,3
digital library terminal mice are sticky and need replacement,2026-08-12 21:51:02,Library,email,2
cultural fest organization was seamless and guest lectures were inspiring,2026-08-12 21:55:14,Events,feedback form,5
campus grounds are kept remarkably green and litter-free,2026-08-12 22:24:58,Cleanliness,email,5
"street lights near basketball court are flickering, feels unsafe at night",2026-08-12 22:32:10,Security,survey,2
online fee receipt generation is instant and hassle-free,2026-08-12 22:47:23,Fees,support ticket,4
long queues at student welfare window due to single staff member operating,2026-08-12 23:01:02,Administration,review,2
"food quality is mediocre, especially dinner menu is repetitive",2026-08-12 23:06:07,Cafeteria,email,2
cricket nets require replacement as the netting has torn at several places,2026-08-13 00:21:53,Sports,support ticket,2
acoustics in the main auditorium were distorted during the musical evening,2026-08-13 01:16:49,Events,review,3
digital library terminal mice are sticky and need replacement,2026-08-13 01:18:57,Library,survey,2
juice bar offers great healthy options at subsidized student rates,2026-08-13 01:25:35,Cafeteria,email,5
cultural fest organization was seamless and guest lectures were inspiring,2026-08-13 02:03:07,Events,feedback form,5
online fee receipt generation is instant and hassle-free,2026-08-13 02:10:26,Fees,feedback form,4
Cannot download research papers from library digital section due to no Wi-Fi.,2026-08-13 02:19:19,Library,email,2
weekend transit schedule should include an extra night service from metro station,2026-08-13 02:20:36,Transportation,support ticket,3
need more copies of the latest edition algorithms reference book,2026-08-13 02:59:36,Library,survey,3
faculty feedback process is transparent and taken seriously by HOD,2026-08-13 03:12:28,Academics,email,4
classroom projectors in block 2 have low lamp brightness,2026-08-13 03:31:24,Facilities,survey,2
bus frequency during peak evening hours between 5pm-6pm is adequate,2026-08-13 03:31:52,Transportation,survey,4
"food quality is mediocre, especially dinner menu is repetitive",2026-08-13 03:47:08,Cafeteria,review,2
campus security personnel are vigilant and polite at main vehicle checkpost,2026-08-13 03:56:35,Security,support ticket,5
bus frequency during peak evening hours between 5pm-6pm is adequate,2026-08-13 03:58:55,Transportation,feedback form,4
"Plumbing maintenance in block B is very slow, taps are constantly dripping.",2026-08-13 04:20:08,Hostel,feedback form,1
elevator in engineering block was under maintenance during morning rush,2026-08-13 04:31:22,Facilities,support ticket,2
late fee penalty policy is too rigid when bank server transactions fail,2026-08-13 04:42:38,Fees,review,2
Drainage in ground floor washroom gets clogged every few days.,2026-08-13 05:03:37,Hostel,review,2
juice bar offers great healthy options at subsidized student rates,2026-08-13 05:04:34,Cafeteria,review,5
online fee receipt generation is instant and hassle-free,2026-08-13 05:09:06,Fees,support ticket,4
dustbins in cafeteria annex area overflow during lunch rush hours,2026-08-13 05:18:00,Cleanliness,survey,2
badminton court wooden flooring has been maintained in top shape,2026-08-13 05:44:48,Sports,support ticket,5
campus grounds are kept remarkably green and litter-free,2026-08-13 06:10:56,Cleanliness,review,5
Hostel room switchboards are loose and maintenance hasn't fixed them yet.,2026-08-13 06:35:03,Hostel,review,2
Bathroom flush in hostel room 304 not working properly since two weeks.,2026-08-13 07:23:50,Hostel,feedback form,2
badminton court wooden flooring has been maintained in top shape,2026-08-13 07:28:26,Sports,email,5
Hostel geysers in block C are still leaking despite repeated complaints.,2026-08-13 07:29:33,Hostel,email,2
water coolers on third floor are functioning smoothly and chilled,2026-08-13 10:35:42,Facilities,review,4
need more copies of the latest edition algorithms reference book,2026-08-13 10:44:22,Library,survey,3
"street lights near basketball court are flickering, feels unsafe at night",2026-08-13 11:32:39,Security,support ticket,2
"Hostel Block D has zero Wi-Fi signal in corner rooms, forced to use mobile hotspot.",2026-08-13 11:50:59,Hostel,support ticket,2
Cannot download research papers from library digital section due to no Wi-Fi.,2026-08-13 11:54:37,Library,email,2
"Gym treadmill belt is slipping, safety hazard!! kindly look into this matter.",2026-08-13 12:16:21,Cafeteria,survey,4
"street lights near basketball court are flickering, feels unsafe at night",2026-08-13 12:43:08,Security,feedback form,2
cricket nets require replacement as the netting has torn at several places,2026-08-13 12:44:45,Sports,email,2
cricket nets require replacement as the netting has torn at several places,2026-08-13 13:11:09,Sports,support ticket,2
"Hostel Block D has zero Wi-Fi signal in corner rooms, forced to use mobile hotspot.",2026-08-13 13:23:21,Hostel,support ticket,1
dustbins in cafeteria annex area overflow during lunch rush hours,2026-08-13 13:29:26,Cleanliness,support ticket,2
professors are approachable during designated office consultation hours,2026-08-13 13:48:50,Academics,review,5
need more copies of the latest edition algorithms reference book,2026-08-13 13:58:46,Library,email,3
Water pressure in 4th floor hostel showers is almost zero in the morning.,2026-08-13 14:07:58,Hostel,email,2
mess cutlery is often greasy and not cleaned thoroughly,2026-08-13 14:15:36,Cafeteria,feedback form,1
cultural fest organization was seamless and guest lectures were inspiring,2026-08-13 15:52:31,Events,feedback form,5
acoustics in the main auditorium were distorted during the musical evening,2026-08-13 16:02:02,Events,review,3
coffee machine in main canteen was broken for two days,2026-08-13 16:05:02,Cafeteria,review,2
cricket nets require replacement as the netting has torn at several places,2026-08-13 16:06:11,Sports,review,2
long queues at student welfare window due to single staff member operating,2026-08-13 16:11:00,Administration,review,2
elevator in engineering block was under maintenance during morning rush,2026-08-13 16:12:15,Facilities,feedback form,2
dustbins in cafeteria annex area overflow during lunch rush hours,2026-08-13 16:19:40,Cleanliness,review,2
elevator in engineering block was under maintenance during morning rush,2026-08-13 16:33:16,Facilities,feedback form,2
"Hostel bathroom cleanliness is substandard, cleaning staff does not show up daily.",2026-08-13 17:26:34,Hostel,review,1
Wi-Fi in hostel common room has been down for three days straight.,2026-08-13 18:52:49,Hostel,survey,1
"driver on route 7 drives aggressively on speed breakers, please check",2026-08-13 19:56:16,Transportation,review,2
elevator in engineering block was under maintenance during morning rush,2026-08-13 20:00:48,Facilities,survey,2
weekend transit schedule should include an extra night service from metro station,2026-08-13 20:37:50,Transportation,review,3
restrooms in ground floor management block need more frequent checks,2026-08-13 20:52:35,Cleanliness,review,2
restrooms in ground floor management block need more frequent checks,2026-08-13 21:26:18,Cleanliness,review,2
long queues at student welfare window due to single staff member operating,2026-08-13 21:27:11,Administration,survey,2
cultural fest organization was seamless and guest lectures were inspiring,2026-08-13 21:33:25,Events,support ticket,5
Internet in common areas is completely unusable after the recent router update.,2026-08-13 21:43:35,Wi-Fi/Internet,review,1
mess cutlery is often greasy and not cleaned thoroughly,2026-08-13 21:49:13,Cafeteria,review,1
restrooms in ground floor management block need more frequent checks,2026-08-13 22:29:51,Cleanliness,email,2
acoustics in the main auditorium were distorted during the musical evening,2026-08-13 22:39:38,Events,review,3
cultural fest organization was seamless and guest lectures were inspiring,2026-08-13 22:40:01,Events,support ticket,5
"driver on route 7 drives aggressively on speed breakers, please check",2026-08-13 22:50:13,Transportation,survey,2
wfi in cafetaria is totally not working yaar... plz do the needful ASAP!!,2026-08-13 22:56:08,Administration,support ticket,5
need more copies of the latest edition algorithms reference book,2026-08-13 23:00:16,Library,feedback form,3
elevator in engineering block was under maintenance during morning rush,2026-08-13 23:06:19,Facilities,support ticket,2
badminton court wooden flooring has been maintained in top shape,2026-08-13 23:11:09,Sports,review,5
restrooms in ground floor management block need more frequent checks,2026-08-13 23:11:41,Cleanliness,feedback form,2
campus security personnel are vigilant and polite at main vehicle checkpost,2026-08-13 23:22:30,Security,feedback form,5
"food quality is mediocre, especially dinner menu is repetitive",2026-08-13 23:27:50,Cafeteria,feedback form,2
coffee machine in main canteen was broken for two days,2026-08-13 23:32:50,Cafeteria,support ticket,2
need more copies of the latest edition algorithms reference book,2026-08-14 00:08:43,Library,feedback form,3
acoustics in the main auditorium were distorted during the musical evening,2026-08-14 00:11:32,Events,support ticket,3
acoustics in the main auditorium were distorted during the musical evening,2026-08-14 00:19:56,Events,support ticket,3
late fee penalty policy is too rigid when bank server transactions fail,2026-08-14 00:28:12,Fees,review,2
"street lights near basketball court are flickering, feels unsafe at night",2026-08-14 00:33:39,Security,survey,2
morning breakfast poha and upma are quite decent and fresh,2026-08-14 01:00:16,Cafeteria,support ticket,4
classroom projectors in block 2 have low lamp brightness,2026-08-14 01:03:11,Facilities,survey,2
"street lights near basketball court are flickering, feels unsafe at night",2026-08-14 01:29:37,Security,survey,2
Library reading room Wi-Fi fails every time more than 20 students join.,2026-08-14 01:41:55,Library,support ticket,1
"Gym treadmill belt is slipping, safety hazard!! kindly look into this matter.",2026-08-14 02:00:43,Events,survey,5
Hostel geysers in block C are still leaking despite repeated complaints.,2026-08-14 02:02:56,Hostel,email,2
Library reading room Wi-Fi fails every time more than 20 students join.,2026-08-14 02:27:51,Library,email,2
late fee penalty policy is too rigid when bank server transactions fail,2026-08-14 02:29:32,Fees,feedback form,2
cultural fest organization was seamless and guest lectures were inspiring,2026-08-14 02:45:37,Events,review,5
"street lights near basketball court are flickering, feels unsafe at night",2026-08-14 02:55:35,Security,survey,2
professors are approachable during designated office consultation hours,2026-08-14 03:34:20,Academics,support ticket,5
water coolers on third floor are functioning smoothly and chilled,2026-08-14 03:51:26,Facilities,support ticket,4
"street lights near basketball court are flickering, feels unsafe at night",2026-08-14 04:00:24,Security,review,2
classroom projectors in block 2 have low lamp brightness,2026-08-14 04:25:50,Facilities,review,2
"food quality is mediocre, especially dinner menu is repetitive",2026-08-14 05:10:00,Cafeteria,support ticket,2
badminton court wooden flooring has been maintained in top shape,2026-08-14 05:16:52,Sports,review,5
coffee machine in main canteen was broken for two days,2026-08-14 05:23:16,Cafeteria,survey,2
cultural fest organization was seamless and guest lectures were inspiring,2026-08-14 05:55:07,Events,support ticket,5
Bathroom flush in hostel room 304 not working properly since two weeks.,2026-08-14 05:56:51,Hostel,email,2
"hostle mess food is so cold by 7pm, not even eatable seriously :(",2026-08-14 06:03:19,Security,support ticket,4
campus security personnel are vigilant and polite at main vehicle checkpost,2026-08-14 06:07:30,Security,email,5
mess cutlery is often greasy and not cleaned thoroughly,2026-08-14 06:07:40,Cafeteria,feedback form,1
faculty feedback process is transparent and taken seriously by HOD,2026-08-14 06:30:31,Academics,feedback form,4
cricket nets require replacement as the netting has torn at several places,2026-08-14 06:30:47,Sports,feedback form,2
cultural fest organization was seamless and guest lectures were inspiring,2026-08-14 06:38:26,Events,survey,5
morning breakfast poha and upma are quite decent and fresh,2026-08-14 06:52:43,Cafeteria,support ticket,4
"driver on route 7 drives aggressively on speed breakers, please check",2026-08-14 07:01:40,Transportation,feedback form,2
bus frequency during peak evening hours between 5pm-6pm is adequate,2026-08-14 07:31:21,Transportation,review,4
Drainage in ground floor washroom gets clogged every few days.,2026-08-14 07:34:17,Hostel,feedback form,2
acoustics in the main auditorium were distorted during the musical evening,2026-08-14 07:39:09,Events,feedback form,3
schedule for end semester practical exams overlaps with elective test,2026-08-14 07:58:49,Academics,feedback form,2
online fee receipt generation is instant and hassle-free,2026-08-14 08:00:11,Fees,survey,4
"street lights near basketball court are flickering, feels unsafe at night",2026-08-14 08:09:24,Security,review,2
juice bar offers great healthy options at subsidized student rates,2026-08-14 08:17:29,Cafeteria,survey,5
badminton court wooden flooring has been maintained in top shape,2026-08-14 08:28:18,Sports,support ticket,5
badminton court wooden flooring has been maintained in top shape,2026-08-14 08:28:21,Sports,review,5
cultural fest organization was seamless and guest lectures were inspiring,2026-08-14 08:46:30,Events,survey,5
campus security personnel are vigilant and polite at main vehicle checkpost,2026-08-14 08:49:44,Security,review,5
Library reading room Wi-Fi fails every time more than 20 students join.,2026-08-14 08:49:54,Library,review,2
online fee receipt generation is instant and hassle-free,2026-08-14 08:51:36,Fees,feedback form,4
weekend transit schedule should include an extra night service from metro station,2026-08-14 08:55:59,Transportation,survey,3
water coolers on third floor are functioning smoothly and chilled,2026-08-14 08:57:48,Facilities,feedback form,4
"food quality is mediocre, especially dinner menu is repetitive",2026-08-14 09:08:23,Cafeteria,review,2
Department lab computers cannot access intranet because academic Wi-Fi is failing.,2026-08-14 09:21:13,Academics,support ticket,2
classroom projectors in block 2 have low lamp brightness,2026-08-14 09:35:14,Facilities,feedback form,2
online fee receipt generation is instant and hassle-free,2026-08-14 09:37:02,Fees,feedback form,4
late fee penalty policy is too rigid when bank server transactions fail,2026-08-14 10:08:02,Fees,email,2
need more copies of the latest edition algorithms reference book,2026-08-14 10:17:44,Library,review,3
acoustics in the main auditorium were distorted during the musical evening,2026-08-14 10:38:24,Events,survey,3
morning breakfast poha and upma are quite decent and fresh,2026-08-14 10:59:19,Cafeteria,feedback form,4
morning breakfast poha and upma are quite decent and fresh,2026-08-14 11:04:04,Cafeteria,feedback form,4
campus security personnel are vigilant and polite at main vehicle checkpost,2026-08-14 11:04:16,Security,review,5
Hot water is rarely available in block A bathrooms during morning hours.,2026-08-14 11:23:12,Hostel,feedback form,1
acoustics in the main auditorium were distorted during the musical evening,2026-08-14 11:35:58,Events,review,3
"driver on route 7 drives aggressively on speed breakers, please check",2026-08-14 11:44:49,Transportation,feedback form,2
"Cannot connect to library internet, frequent disconnects experienced",2026-08-14 12:24:24,Library,review,1
Submission portal timed out during class quiz due to poor lecture hall Wi-Fi.,2026-08-14 12:33:21,Academics,feedback form,2
weekend transit schedule should include an extra night service from metro station,2026-08-14 12:50:37,Transportation,feedback form,3
"Hostel Block D has zero Wi-Fi signal in corner rooms, forced to use mobile hotspot.",2026-08-14 13:11:31,Hostel,survey,1
acoustics in the main auditorium were distorted during the musical evening,2026-08-14 13:16:41,Events,feedback form,3
Bathroom flush in hostel room 304 not working properly since two weeks.,2026-08-14 13:49:12,Hostel,email,1
cricket nets require replacement as the netting has torn at several places,2026-08-14 14:35:54,Sports,email,2
Water pressure in 4th floor hostel showers is almost zero in the morning.,2026-08-14 14:44:04,Hostel,feedback form,1
campus grounds are kept remarkably green and litter-free,2026-08-14 14:58:45,Cleanliness,survey,5
water coolers on third floor are functioning smoothly and chilled,2026-08-14 15:11:47,Facilities,survey,4
classroom projectors in block 2 have low lamp brightness,2026-08-14 15:18:46,Facilities,review,2
morning breakfast poha and upma are quite decent and fresh,2026-08-14 15:53:14,Cafeteria,email,4
acoustics in the main auditorium were distorted during the musical evening,2026-08-14 15:53:34,Events,survey,3
weekend transit schedule should include an extra night service from metro station,2026-08-14 16:08:24,Transportation,email,3
online fee receipt generation is instant and hassle-free,2026-08-14 16:20:03,Fees,email,4
online fee receipt generation is instant and hassle-free,2026-08-14 16:31:04,Fees,feedback form,4
elevator in engineering block was under maintenance during morning rush,2026-08-14 16:36:17,Facilities,email,2
badminton court wooden flooring has been maintained in top shape,2026-08-14 16:38:38,Sports,survey,5
"driver on route 7 drives aggressively on speed breakers, please check",2026-08-14 17:15:19,Transportation,survey,2
Bathroom flush in hostel room 304 not working properly since two weeks.,2026-08-14 17:34:13,Hostel,support ticket,1
restrooms in ground floor management block need more frequent checks,2026-08-14 17:53:28,Cleanliness,review,2
profesor did not upload slides before midsem exam... vry frustrating.,2026-08-14 18:11:28,Hostel,survey,2
water coolers on third floor are functioning smoothly and chilled,2026-08-14 19:11:54,Facilities,review,4
"driver on route 7 drives aggressively on speed breakers, please check",2026-08-14 20:27:22,Transportation,survey,2
"driver on route 7 drives aggressively on speed breakers, please check",2026-08-14 20:39:51,Transportation,email,2
"Terrible network latency on campus Wi-Fi, even Google searches fail to load.",2026-08-14 20:45:35,Wi-Fi/Internet,support ticket,1
digital library terminal mice are sticky and need replacement,2026-08-14 21:11:42,Library,survey,2
late fee penalty policy is too rigid when bank server transactions fail,2026-08-14 21:20:43,Fees,survey,2
campus security personnel are vigilant and polite at main vehicle checkpost,2026-08-14 21:30:24,Security,review,5
classroom projectors in block 2 have low lamp brightness,2026-08-14 22:01:01,Facilities,support ticket,2
campus security personnel are vigilant and polite at main vehicle checkpost,2026-08-14 22:32:42,Security,feedback form,5
weekend transit schedule should include an extra night service from metro station,2026-08-14 22:55:08,Transportation,feedback form,3
cultural fest organization was seamless and guest lectures were inspiring,2026-08-14 23:00:14,Events,review,5
campus security personnel are vigilant and polite at main vehicle checkpost,2026-08-14 23:31:00,Security,support ticket,5
"transcript request was processed within 2 working days, very impressed",2026-08-14 23:46:24,Administration,review,5
weekend transit schedule should include an extra night service from metro station,2026-08-14 23:49:38,Transportation,support ticket,3
study desks in quiet section are comfortable and well-lit,2026-08-15 00:15:15,Library,survey,5
cricket nets require replacement as the netting has torn at several places,2026-08-15 00:18:50,Sports,email,2
mess cutlery is often greasy and not cleaned thoroughly,2026-08-15 01:01:51,Cafeteria,feedback form,1
Water pressure in 4th floor hostel showers is almost zero in the morning.,2026-08-15 01:36:37,Hostel,support ticket,2
elevator in engineering block was under maintenance during morning rush,2026-08-15 01:59:23,Facilities,support ticket,2
Hostel room switchboards are loose and maintenance hasn't fixed them yet.,2026-08-15 02:06:10,Hostel,feedback form,1
long queues at student welfare window due to single staff member operating,2026-08-15 02:29:50,Administration,review,2
"driver on route 7 drives aggressively on speed breakers, please check",2026-08-15 02:52:14,Transportation,review,2
campus security personnel are vigilant and polite at main vehicle checkpost,2026-08-15 02:55:38,Security,review,5
lab equipment for digital electronics is outdated and some kits are faulty,2026-08-15 03:13:46,Academics,email,2
need more copies of the latest edition algorithms reference book,2026-08-15 03:44:18,Library,feedback form,3
long queues at student welfare window due to single staff member operating,2026-08-15 04:14:07,Administration,feedback form,2
"food quality is mediocre, especially dinner menu is repetitive",2026-08-15 04:38:36,Cafeteria,review,2
badminton court wooden flooring has been maintained in top shape,2026-08-15 04:54:45,Sports,support ticket,5
classroom projectors in block 2 have low lamp brightness,2026-08-15 05:11:41,Facilities,feedback form,2
restrooms in ground floor management block need more frequent checks,2026-08-15 05:20:28,Cleanliness,support ticket,2
need more copies of the latest edition algorithms reference book,2026-08-15 05:43:30,Library,support ticket,3
Drainage in ground floor washroom gets clogged every few days.,2026-08-15 05:44:55,Hostel,feedback form,2
"transcript request was processed within 2 working days, very impressed",2026-08-15 06:22:26,Administration,feedback form,5
Wi-Fi is constantly dropping in the central library reading room,2026-08-15 06:28:13,Library,support ticket,2
badminton court wooden flooring has been maintained in top shape,2026-08-15 06:34:28,Sports,review,5
lab equipment for digital electronics is outdated and some kits are faulty,2026-08-15 06:37:49,Academics,survey,2
study desks in quiet section are comfortable and well-lit,2026-08-15 06:44:43,Library,survey,5
cultural fest organization was seamless and guest lectures were inspiring,2026-08-15 07:05:42,Events,review,5
restrooms in ground floor management block need more frequent checks,2026-08-15 07:32:13,Cleanliness,survey,2
"street lights near basketball court are flickering, feels unsafe at night",2026-08-15 07:36:25,Security,survey,2
campus grounds are kept remarkably green and litter-free,2026-08-15 07:49:21,Cleanliness,support ticket,5
weekend transit schedule should include an extra night service from metro station,2026-08-15 07:56:25,Transportation,feedback form,3
elevator in engineering block was under maintenance during morning rush,2026-08-15 07:59:33,Facilities,email,2
Unable to attend online lab sessions because the Wi-Fi signal drops constantly.,2026-08-15 09:19:41,Wi-Fi/Internet,email,1
Hostel block A washroom flush is broken and leaking.,2026-08-15 10:30:00,Hostel,survey,1
Hostel block A washroom flush is broken and leaking.,2026-08-15 10:30:00,Hostel,survey,1
Hostel block A washroom flush is broken and leaking.,2026-08-15 10:30:00,Hostel,survey,1
Hostel block A washroom flush is broken and leaking.,2026-08-15 10:30:00,Hostel,survey,1
Hostel block A washroom flush is broken and leaking.,2026-08-15 10:30:00,Hostel,survey,1
Hostel block A washroom flush is broken and leaking.,2026-08-15 10:30:00,Hostel,survey,1
Hostel block A washroom flush is broken and leaking.,2026-08-15 10:30:00,Hostel,survey,1
Hostel block A washroom flush is broken and leaking.,2026-08-15 10:30:00,Hostel,survey,1
Hostel block A washroom flush is broken and leaking.,2026-08-15 10:30:00,Hostel,survey,1
Hostel block A washroom flush is broken and leaking.,2026-08-15 10:30:00,Hostel,survey,1
Hostel block A washroom flush is broken and leaking.,2026-08-15 10:30:00,Hostel,survey,1
Hostel block A washroom flush is broken and leaking.,2026-08-15 10:30:00,Hostel,survey,1
juice bar offers great healthy options at subsidized student rates,2026-08-15 10:34:51,Cafeteria,review,5
Fees payment portal debited my account twice!! Kindly revert the amount quickly.,2026-08-15 10:35:14,Sports,email,3
need more copies of the latest edition algorithms reference book,2026-08-15 10:57:45,Library,survey,3
professors are approachable during designated office consultation hours,2026-08-15 11:21:02,Academics,review,5
badminton court wooden flooring has been maintained in top shape,2026-08-15 11:28:58,Sports,review,5
Fees payment portal debited my account twice!! Kindly revert the amount quickly.,2026-08-15 11:30:54,Facilities,review,3
elevator in engineering block was under maintenance during morning rush,2026-08-15 11:41:57,Facilities,survey,2
morning breakfast poha and upma are quite decent and fresh,2026-08-15 12:22:36,Cafeteria,email,4
campus grounds are kept remarkably green and litter-free,2026-08-15 13:01:11,Cleanliness,feedback form,5
Hot water is rarely available in block A bathrooms during morning hours.,2026-08-15 14:08:01,Hostel,survey,2
"driver on route 7 drives aggressively on speed breakers, please check",2026-08-15 14:11:48,Transportation,feedback form,2
cultural fest organization was seamless and guest lectures were inspiring,2026-08-15 14:26:15,Events,email,5
campus security personnel are vigilant and polite at main vehicle checkpost,2026-08-15 14:28:55,Security,support ticket,5
late fee penalty policy is too rigid when bank server transactions fail,2026-08-15 14:42:42,Fees,feedback form,2
"Hostel Block D has zero Wi-Fi signal in corner rooms, forced to use mobile hotspot.",2026-08-15 14:54:18,Hostel,email,1
"driver on route 7 drives aggressively on speed breakers, please check",2026-08-15 15:04:25,Transportation,support ticket,2
morning breakfast poha and upma are quite decent and fresh,2026-08-15 15:33:06,Cafeteria,support ticket,4
late fee penalty policy is too rigid when bank server transactions fail,2026-08-15 15:42:36,Fees,review,2
"Cafeteria dosa counter service has improved significantly this semester, kudos!",2026-08-15 16:40:50,Wi-Fi/Internet,feedback form,2
,2026-08-15 16:45:00,Administration,email,2
Hot water is rarely available in block A bathrooms during morning hours.,2026-08-15 17:01:49,Hostel,survey,1
juice bar offers great healthy options at subsidized student rates,2026-08-15 17:08:40,Cafeteria,feedback form,5
wifi keeps disconnecting in library,2026-08-15 17:46:25,Library,email,1
classroom projectors in block 2 have low lamp brightness,2026-08-15 17:47:17,Facilities,survey,2
Department lab computers cannot access intranet because academic Wi-Fi is failing.,2026-08-15 17:48:16,Academics,survey,2
mess cutlery is often greasy and not cleaned thoroughly,2026-08-15 18:18:02,Cafeteria,review,1
"driver on route 7 drives aggressively on speed breakers, please check",2026-08-15 18:30:49,Transportation,feedback form,2
study desks in quiet section are comfortable and well-lit,2026-08-15 19:18:21,Library,email,5
badminton court wooden flooring has been maintained in top shape,2026-08-15 19:27:52,Sports,email,5
bus frequency during peak evening hours between 5pm-6pm is adequate,2026-08-15 19:35:15,Transportation,survey,4
badminton court wooden flooring has been maintained in top shape,2026-08-15 19:36:30,Sports,survey,5
Bathroom flush in hostel room 304 not working properly since two weeks.,2026-08-15 20:16:18,Hostel,survey,1
"food quality is mediocre, especially dinner menu is repetitive",2026-08-15 20:19:05,Cafeteria,support ticket,2
"Gym treadmill belt is slipping, safety hazard!! kindly look into this matter.",2026-08-15 20:34:35,Security,survey,2
campus grounds are kept remarkably green and litter-free,2026-08-15 20:56:54,Cleanliness,feedback form,5
long queues at student welfare window due to single staff member operating,2026-08-15 21:04:55,Administration,support ticket,2
long queues at student welfare window due to single staff member operating,2026-08-15 21:43:36,Administration,survey,2
"street lights near basketball court are flickering, feels unsafe at night",2026-08-15 22:13:04,Security,review,2
online fee receipt generation is instant and hassle-free,2026-08-15 22:22:10,Fees,feedback form,4
digital library terminal mice are sticky and need replacement,2026-08-15 22:22:38,Library,feedback form,2
morning breakfast poha and upma are quite decent and fresh,2026-08-15 22:59:11,Cafeteria,review,4
badminton court wooden flooring has been maintained in top shape,2026-08-15 23:14:42,Sports,email,5
need more copies of the latest edition algorithms reference book,2026-08-15 23:36:55,Library,feedback form,3
classroom projectors in block 2 have low lamp brightness,2026-08-15 23:53:01,Facilities,support ticket,2
online fee receipt generation is instant and hassle-free,2026-08-15 23:54:39,Fees,feedback form,4
Hostel room switchboards are loose and maintenance hasn't fixed them yet.,2026-08-16 00:29:34,Hostel,support ticket,1
restrooms in ground floor management block need more frequent checks,2026-08-16 00:30:19,Cleanliness,survey,2
online fee receipt generation is instant and hassle-free,2026-08-16 00:33:06,Fees,support ticket,4
digital library terminal mice are sticky and need replacement,2026-08-16 00:58:11,Library,support ticket,2
water coolers on third floor are functioning smoothly and chilled,2026-08-16 00:59:26,Facilities,support ticket,4
water coolers on third floor are functioning smoothly and chilled,2026-08-16 01:24:27,Facilities,review,4
digital library terminal mice are sticky and need replacement,2026-08-16 01:27:53,Library,email,2
faculty feedback process is transparent and taken seriously by HOD,2026-08-16 01:32:40,Academics,review,4
professors are approachable during designated office consultation hours,2026-08-16 02:00:07,Academics,support ticket,5
cricket nets require replacement as the netting has torn at several places,2026-08-16 02:17:41,Sports,support ticket,2
schedule for end semester practical exams overlaps with elective test,2026-08-16 02:23:26,Academics,feedback form,2
restrooms in ground floor management block need more frequent checks,2026-08-16 03:43:10,Cleanliness,support ticket,2
Security at night gate is stopping day-scholars unnecessarily without reason.,2026-08-16 04:39:02,Library,feedback form,4
professors are approachable during designated office consultation hours,2026-08-16 04:47:09,Academics,support ticket,5
Water pressure in 4th floor hostel showers is almost zero in the morning.,2026-08-16 05:42:57,Hostel,survey,1
Wi-Fi is constantly dropping in the central library reading room,2026-08-16 06:13:21,Library,feedback form,2
mess cutlery is often greasy and not cleaned thoroughly,2026-08-16 07:03:27,Cafeteria,review,1
lab equipment for digital electronics is outdated and some kits are faulty,2026-08-16 07:07:31,Academics,email,2
long queues at student welfare window due to single staff member operating,2026-08-16 07:41:45,Administration,review,2
need more copies of the latest edition algorithms reference book,2026-08-16 07:54:51,Library,survey,3
"street lights near basketball court are flickering, feels unsafe at night",2026-08-16 08:12:48,Security,support ticket,2
late fee penalty policy is too rigid when bank server transactions fail,2026-08-16 08:37:11,Fees,survey,2
morning breakfast poha and upma are quite decent and fresh,2026-08-16 08:37:54,Cafeteria,review,4
late fee penalty policy is too rigid when bank server transactions fail,2026-08-16 08:44:04,Fees,support ticket,2
weekend transit schedule should include an extra night service from metro station,2026-08-16 08:47:29,Transportation,survey,3
late fee penalty policy is too rigid when bank server transactions fail,2026-08-16 09:03:10,Fees,survey,2
Drainage in ground floor washroom gets clogged every few days.,2026-08-16 09:39:39,Hostel,email,1
schedule for end semester practical exams overlaps with elective test,2026-08-16 09:54:10,Academics,survey,2
Drainage in ground floor washroom gets clogged every few days.,2026-08-16 09:54:46,Hostel,email,2
Hostel room switchboards are loose and maintenance hasn't fixed them yet.,2026-08-16 10:10:32,Hostel,survey,1
badminton court wooden flooring has been maintained in top shape,2026-08-16 10:15:51,Sports,feedback form,5
acoustics in the main auditorium were distorted during the musical evening,2026-08-16 10:29:02,Events,support ticket,3
juice bar offers great healthy options at subsidized student rates,2026-08-16 10:37:01,Cafeteria,email,5
juice bar offers great healthy options at subsidized student rates,2026-08-16 10:54:50,Cafeteria,survey,5
restrooms in ground floor management block need more frequent checks,2026-08-16 11:34:08,Cleanliness,review,2
cricket nets require replacement as the netting has torn at several places,2026-08-16 11:37:16,Sports,feedback form,2
classroom projectors in block 2 have low lamp brightness,2026-08-16 11:41:00,Facilities,email,2
Fees payment portal debited my account twice!! Kindly revert the amount quickly.,2026-08-16 11:42:12,Hostel,feedback form,4
"Hostel Block D has zero Wi-Fi signal in corner rooms, forced to use mobile hotspot.",2026-08-16 11:58:14,Hostel,review,1
Admin staff was extremely rude when I went for fee concession verification.,2026-08-16 12:04:57,Wi-Fi/Internet,email,5
cricket nets require replacement as the netting has torn at several places,2026-08-16 13:18:32,Sports,support ticket,2
bus frequency during peak evening hours between 5pm-6pm is adequate,2026-08-16 13:22:27,Transportation,survey,4
bus frequency during peak evening hours between 5pm-6pm is adequate,2026-08-16 13:24:10,Transportation,support ticket,4
Hot water is rarely available in block A bathrooms during morning hours.,2026-08-16 13:47:46,Hostel,email,2
dustbins in cafeteria annex area overflow during lunch rush hours,2026-08-16 13:56:34,Cleanliness,survey,2
schedule for end semester practical exams overlaps with elective test,2026-08-16 14:03:42,Academics,feedback form,2
Cannot download research papers from library digital section due to no Wi-Fi.,2026-08-16 14:18:07,Library,email,1
"driver on route 7 drives aggressively on speed breakers, please check",2026-08-16 14:33:59,Transportation,survey,2
acoustics in the main auditorium were distorted during the musical evening,2026-08-16 14:36:04,Events,email,3
need more copies of the latest edition algorithms reference book,2026-08-16 15:29:16,Library,survey,3
late fee penalty policy is too rigid when bank server transactions fail,2026-08-16 15:42:20,Fees,review,2
"Cannot connect to library internet, frequent disconnects experienced",2026-08-16 15:49:44,Library,review,2
schedule for end semester practical exams overlaps with elective test,2026-08-16 16:54:06,Academics,email,2
badminton court wooden flooring has been maintained in top shape,2026-08-16 17:14:56,Sports,feedback form,5
faculty feedback process is transparent and taken seriously by HOD,2026-08-16 17:34:04,Academics,email,4
"transcript request was processed within 2 working days, very impressed",2026-08-16 18:01:19,Administration,support ticket,5
dustbins in cafeteria annex area overflow during lunch rush hours,2026-08-16 18:07:28,Cleanliness,email,2
classroom projectors in block 2 have low lamp brightness,2026-08-16 18:56:58,Facilities,survey,2
Water pressure in 4th floor hostel showers is almost zero in the morning.,2026-08-16 19:02:46,Hostel,email,1
"Hostel Block D has zero Wi-Fi signal in corner rooms, forced to use mobile hotspot.",2026-08-16 19:14:34,Hostel,email,2
professors are approachable during designated office consultation hours,2026-08-16 19:52:08,Academics,survey,5
campus security personnel are vigilant and polite at main vehicle checkpost,2026-08-16 20:23:40,Security,feedback form,5
Bathroom flush in hostel room 304 not working properly since two weeks.,2026-08-16 20:31:06,Hostel,survey,1
lab equipment for digital electronics is outdated and some kits are faulty,2026-08-16 20:33:24,Academics,survey,2
"transcript request was processed within 2 working days, very impressed",2026-08-16 20:41:32,Administration,email,5
"transcript request was processed within 2 working days, very impressed",2026-08-16 20:50:20,Administration,survey,5
"transcript request was processed within 2 working days, very impressed",2026-08-16 21:02:47,Administration,email,5
long queues at student welfare window due to single staff member operating,2026-08-16 21:04:16,Administration,review,2
online fee receipt generation is instant and hassle-free,2026-08-16 21:31:45,Fees,survey,4
professors are approachable during designated office consultation hours,2026-08-16 21:43:31,Academics,survey,5
Admin staff was extremely rude when I went for fee concession verification.,2026-08-16 21:51:11,Facilities,feedback form,4
acoustics in the main auditorium were distorted during the musical evening,2026-08-16 23:30:28,Events,support ticket,3
classroom projectors in block 2 have low lamp brightness,2026-08-16 23:35:02,Facilities,survey,2
mess cutlery is often greasy and not cleaned thoroughly,2026-08-16 23:41:58,Cafeteria,review,1
restrooms in ground floor management block need more frequent checks,2026-08-16 23:52:49,Cleanliness,review,2
cricket nets require replacement as the netting has torn at several places,2026-08-16 23:57:16,Sports,review,2
faculty feedback process is transparent and taken seriously by HOD,2026-08-17 00:09:11,Academics,support ticket,4
badminton court wooden flooring has been maintained in top shape,2026-08-17 00:33:19,Sports,review,5
Internet keeps shutting off while researching in the university library,2026-08-17 01:21:07,Library,feedback form,2
Department lab computers cannot access intranet because academic Wi-Fi is failing.,2026-08-17 02:13:15,Academics,survey,1
cricket nets require replacement as the netting has torn at several places,2026-08-17 02:44:44,Sports,support ticket,2
wifi keeps disconnecting in library,2026-08-17 03:27:12,Library,review,2
acoustics in the main auditorium were distorted during the musical evening,2026-08-17 03:47:48,Events,email,3
badminton court wooden flooring has been maintained in top shape,2026-08-17 03:58:18,Sports,email,5
weekend transit schedule should include an extra night service from metro station,2026-08-17 04:03:13,Transportation,survey,3
weekend transit schedule should include an extra night service from metro station,2026-08-17 04:06:44,Transportation,review,3
"street lights near basketball court are flickering, feels unsafe at night",2026-08-17 04:16:14,Security,email,2
acoustics in the main auditorium were distorted during the musical evening,2026-08-17 05:18:44,Events,support ticket,3
campus grounds are kept remarkably green and litter-free,2026-08-17 05:26:11,Cleanliness,review,5
classroom projectors in block 2 have low lamp brightness,2026-08-17 05:55:30,Facilities,feedback form,2
online fee receipt generation is instant and hassle-free,2026-08-17 06:00:50,Fees,survey,4
dustbins in cafeteria annex area overflow during lunch rush hours,2026-08-17 06:13:59,Cleanliness,feedback form,2
lab equipment for digital electronics is outdated and some kits are faulty,2026-08-17 06:21:03,Academics,email,2
elevator in engineering block was under maintenance during morning rush,2026-08-17 06:57:21,Facilities,email,2
Water pressure in 4th floor hostel showers is almost zero in the morning.,2026-08-17 07:12:09,Hostel,support ticket,2
long queues at student welfare window due to single staff member operating,2026-08-17 07:19:17,Administration,review,2
Internet keeps shutting off while researching in the university library,2026-08-17 07:21:12,Library,review,1
campus security personnel are vigilant and polite at main vehicle checkpost,2026-08-17 07:51:55,Security,review,5
faculty feedback process is transparent and taken seriously by HOD,2026-08-17 08:09:10,Academics,survey,4
late fee penalty policy is too rigid when bank server transactions fail,2026-08-17 08:49:46,Fees,support ticket,2
weekend transit schedule should include an extra night service from metro station,2026-08-17 10:27:44,Transportation,review,3
online fee receipt generation is instant and hassle-free,2026-08-17 10:39:17,Fees,survey,4
Air conditioning in seminar hall 2 is leaking water on the front row seats.,2026-08-17 10:53:29,Sports,email,4
Hot water is rarely available in block A bathrooms during morning hours.,2026-08-17 10:56:11,Hostel,review,2
late fee penalty policy is too rigid when bank server transactions fail,2026-08-17 11:02:40,Fees,survey,2
weekend transit schedule should include an extra night service from metro station,2026-08-17 11:16:50,Transportation,review,3
professors are approachable during designated office consultation hours,2026-08-17 11:18:07,Academics,review,5
weekend transit schedule should include an extra night service from metro station,2026-08-17 11:23:22,Transportation,review,3
"street lights near basketball court are flickering, feels unsafe at night",2026-08-17 11:39:46,Security,survey,2
digital library terminal mice are sticky and need replacement,2026-08-17 12:01:03,Library,review,2
lab equipment for digital electronics is outdated and some kits are faulty,2026-08-17 12:05:45,Academics,survey,2
digital library terminal mice are sticky and need replacement,2026-08-17 13:53:15,Library,feedback form,2
"transcript request was processed within 2 working days, very impressed",2026-08-17 13:54:54,Administration,feedback form,5
late fee penalty policy is too rigid when bank server transactions fail,2026-08-17 14:46:18,Fees,survey,2
long queues at student welfare window due to single staff member operating,2026-08-17 15:11:56,Administration,review,2
study desks in quiet section are comfortable and well-lit,2026-08-17 15:41:00,Library,review,5
"Plumbing maintenance in block B is very slow, taps are constantly dripping.",2026-08-17 16:11:32,Hostel,review,1
mess cutlery is often greasy and not cleaned thoroughly,2026-08-17 16:15:49,Cafeteria,feedback form,1
morning breakfast poha and upma are quite decent and fresh,2026-08-17 16:46:02,Cafeteria,feedback form,4
cricket nets require replacement as the netting has torn at several places,2026-08-17 17:00:48,Sports,email,2
dustbins in cafeteria annex area overflow during lunch rush hours,2026-08-17 17:05:16,Cleanliness,support ticket,2
cultural fest organization was seamless and guest lectures were inspiring,2026-08-17 17:54:35,Events,email,5
study desks in quiet section are comfortable and well-lit,2026-08-17 18:03:22,Library,feedback form,5
badminton court wooden flooring has been maintained in top shape,2026-08-17 18:09:18,Sports,support ticket,5
water coolers on third floor are functioning smoothly and chilled,2026-08-17 19:28:07,Facilities,support ticket,4
classroom projectors in block 2 have low lamp brightness,2026-08-17 19:53:21,Facilities,email,2
badminton court wooden flooring has been maintained in top shape,2026-08-17 20:00:02,Sports,feedback form,5
faculty feedback process is transparent and taken seriously by HOD,2026-08-17 20:25:04,Academics,review,4
"Cafeteria dosa counter service has improved significantly this semester, kudos!",2026-08-17 20:47:38,Cleanliness,email,3
online fee receipt generation is instant and hassle-free,2026-08-17 20:48:55,Fees,support ticket,4
"driver on route 7 drives aggressively on speed breakers, please check",2026-08-17 21:16:59,Transportation,feedback form,2
Drainage in ground floor washroom gets clogged every few days.,2026-08-17 21:17:50,Hostel,survey,2
need more copies of the latest edition algorithms reference book,2026-08-17 21:24:05,Library,support ticket,3
"driver on route 7 drives aggressively on speed breakers, please check",2026-08-17 21:56:23,Transportation,support ticket,2
campus grounds are kept remarkably green and litter-free,2026-08-17 22:21:14,Cleanliness,support ticket,5
need more copies of the latest edition algorithms reference book,2026-08-17 22:46:54,Library,review,3
classroom projectors in block 2 have low lamp brightness,2026-08-17 23:28:06,Facilities,feedback form,2
juice bar offers great healthy options at subsidized student rates,2026-08-17 23:50:30,Cafeteria,review,5
weekend transit schedule should include an extra night service from metro station,2026-08-17 23:59:30,Transportation,review,3
Hostel room switchboards are loose and maintenance hasn't fixed them yet.,2026-08-18 00:51:53,Hostel,support ticket,1
study desks in quiet section are comfortable and well-lit,2026-08-18 00:53:52,Library,email,5
elevator in engineering block was under maintenance during morning rush,2026-08-18 01:41:46,Facilities,feedback form,2
cricket nets require replacement as the netting has torn at several places,2026-08-18 01:43:29,Sports,review,2
morning breakfast poha and upma are quite decent and fresh,2026-08-18 01:43:56,Cafeteria,support ticket,4
Wi-Fi in hostel common room has been down for three days straight.,2026-08-18 01:51:46,Hostel,feedback form,2
"transcript request was processed within 2 working days, very impressed",2026-08-18 02:01:22,Administration,support ticket,5
need more copies of the latest edition algorithms reference book,2026-08-18 02:12:15,Library,email,3
Internet keeps shutting off while researching in the university library,2026-08-18 02:14:30,Library,survey,1
"Gym treadmill belt is slipping, safety hazard!! kindly look into this matter.",2026-08-18 04:15:53,Wi-Fi/Internet,email,4
"Cafeteria dosa counter service has improved significantly this semester, kudos!",2026-08-18 04:42:05,Hostel,email,3
cricket nets require replacement as the netting has torn at several places,2026-08-18 05:01:02,Sports,review,2
campus security personnel are vigilant and polite at main vehicle checkpost,2026-08-18 05:07:51,Security,review,5
bus frequency during peak evening hours between 5pm-6pm is adequate,2026-08-18 05:10:49,Transportation,review,4
cricket nets require replacement as the netting has torn at several places,2026-08-18 05:13:23,Sports,review,2
professors are approachable during designated office consultation hours,2026-08-18 05:59:14,Academics,feedback form,5
late fee penalty policy is too rigid when bank server transactions fail,2026-08-18 06:28:29,Fees,email,2
"Cafeteria dosa counter service has improved significantly this semester, kudos!",2026-08-18 06:43:30,Sports,review,1
mess cutlery is often greasy and not cleaned thoroughly,2026-08-18 06:45:53,Cafeteria,support ticket,1
professors are approachable during designated office consultation hours,2026-08-18 07:21:58,Academics,support ticket,5
"Cannot connect to library internet, frequent disconnects experienced",2026-08-18 08:03:46,Library,feedback form,1
"Hostel warden resolved the water cooler issue promptly, thank you.",2026-08-18 08:13:53,Wi-Fi/Internet,email,1
classroom projectors in block 2 have low lamp brightness,2026-08-18 08:24:29,Facilities,survey,2
acoustics in the main auditorium were distorted during the musical evening,2026-08-18 08:26:00,Events,support ticket,3
campus grounds are kept remarkably green and litter-free,2026-08-18 08:33:57,Cleanliness,review,5
long queues at student welfare window due to single staff member operating,2026-08-18 08:57:21,Administration,review,2
cricket nets require replacement as the netting has torn at several places,2026-08-18 09:00:51,Sports,review,2
late fee penalty policy is too rigid when bank server transactions fail,2026-08-18 09:17:24,Fees,review,2
bus frequency during peak evening hours between 5pm-6pm is adequate,2026-08-18 09:21:22,Transportation,survey,4
water coolers on third floor are functioning smoothly and chilled,2026-08-18 09:29:46,Facilities,survey,4
Water pressure in 4th floor hostel showers is almost zero in the morning.,2026-08-18 09:40:43,Hostel,review,1
campus security personnel are vigilant and polite at main vehicle checkpost,2026-08-18 10:02:50,Security,support ticket,5
badminton court wooden flooring has been maintained in top shape,2026-08-18 10:04:16,Sports,email,5
study desks in quiet section are comfortable and well-lit,2026-08-18 10:16:35,Library,survey,5
acoustics in the main auditorium were distorted during the musical evening,2026-08-18 10:20:21,Events,survey,3
"Hostel Block D has zero Wi-Fi signal in corner rooms, forced to use mobile hotspot.",2026-08-18 10:32:06,Hostel,feedback form,1
Continuous wi-fi dropouts while studying on 2nd floor of library,2026-08-18 11:00:06,Library,survey,1
"street lights near basketball court are flickering, feels unsafe at night",2026-08-18 11:17:20,Security,review,2
acoustics in the main auditorium were distorted during the musical evening,2026-08-18 11:22:46,Events,support ticket,3
long queues at student welfare window due to single staff member operating,2026-08-18 11:24:53,Administration,survey,2
"transcript request was processed within 2 working days, very impressed",2026-08-18 11:32:16,Administration,email,5
online fee receipt generation is instant and hassle-free,2026-08-18 11:38:15,Fees,email,4
online fee receipt generation is instant and hassle-free,2026-08-18 11:57:12,Fees,feedback form,4
weekend transit schedule should include an extra night service from metro station,2026-08-18 12:12:20,Transportation,review,3
lab equipment for digital electronics is outdated and some kits are faulty,2026-08-18 12:18:45,Academics,support ticket,2
badminton court wooden flooring has been maintained in top shape,2026-08-18 12:24:58,Sports,email,5
water coolers on third floor are functioning smoothly and chilled,2026-08-18 12:39:09,Facilities,review,4
schedule for end semester practical exams overlaps with elective test,2026-08-18 14:00:28,Academics,feedback form,2
digital library terminal mice are sticky and need replacement,2026-08-18 14:03:24,Library,feedback form,2
need more copies of the latest edition algorithms reference book,2026-08-18 14:03:28,Library,review,3
campus grounds are kept remarkably green and litter-free,2026-08-18 14:07:12,Cleanliness,feedback form,5
long queues at student welfare window due to single staff member operating,2026-08-18 14:16:21,Administration,review,2
Hostel geysers in block C are still leaking despite repeated complaints.,2026-08-18 14:38:44,Hostel,email,1
Wi-Fi is constantly dropping in the central library reading room,2026-08-18 14:40:56,Library,review,2
profesor did not upload slides before midsem exam... vry frustrating.,2026-08-18 15:27:43,Library,feedback form,2
need more copies of the latest edition algorithms reference book,2026-08-18 15:58:45,Library,support ticket,3
long queues at student welfare window due to single staff member operating,2026-08-18 16:18:01,Administration,survey,2
restrooms in ground floor management block need more frequent checks,2026-08-18 16:26:18,Cleanliness,support ticket,2
cultural fest organization was seamless and guest lectures were inspiring,2026-08-18 16:26:36,Events,feedback form,5
schedule for end semester practical exams overlaps with elective test,2026-08-18 16:32:39,Academics,review,2
faculty feedback process is transparent and taken seriously by HOD,2026-08-18 16:41:30,Academics,email,4
cultural fest organization was seamless and guest lectures were inspiring,2026-08-18 17:06:55,Events,feedback form,5
cricket nets require replacement as the netting has torn at several places,2026-08-18 17:14:04,Sports,survey,2
campus grounds are kept remarkably green and litter-free,2026-08-18 17:44:13,Cleanliness,email,5
long queues at student welfare window due to single staff member operating,2026-08-18 18:46:33,Administration,review,2
coffee machine in main canteen was broken for two days,2026-08-18 19:19:51,Cafeteria,email,2
"Hostel Block D has zero Wi-Fi signal in corner rooms, forced to use mobile hotspot.",2026-08-18 20:23:38,Hostel,support ticket,2
campus grounds are kept remarkably green and litter-free,2026-08-18 21:39:57,Cleanliness,support ticket,5
weekend transit schedule should include an extra night service from metro station,2026-08-18 22:28:20,Transportation,survey,3
acoustics in the main auditorium were distorted during the musical evening,2026-08-18 22:31:58,Events,email,3
long queues at student welfare window due to single staff member operating,2026-08-18 22:46:35,Administration,email,2
dustbins in cafeteria annex area overflow during lunch rush hours,2026-08-18 23:13:46,Cleanliness,feedback form,2
cultural fest organization was seamless and guest lectures were inspiring,2026-08-18 23:38:11,Events,email,5
need more copies of the latest edition algorithms reference book,2026-08-19 00:32:37,Library,review,3
Cannot download research papers from library digital section due to no Wi-Fi.,2026-08-19 00:35:49,Library,feedback form,2
professors are approachable during designated office consultation hours,2026-08-19 00:48:31,Academics,review,5
bus frequency during peak evening hours between 5pm-6pm is adequate,2026-08-19 01:30:45,Transportation,review,4
acoustics in the main auditorium were distorted during the musical evening,2026-08-19 01:52:54,Events,email,3
"food quality is mediocre, especially dinner menu is repetitive",2026-08-19 01:59:51,Cafeteria,support ticket,2
Water pressure in 4th floor hostel showers is almost zero in the morning.,2026-08-19 02:08:08,Hostel,review,2
elevator in engineering block was under maintenance during morning rush,2026-08-19 02:10:23,Facilities,email,2
lab equipment for digital electronics is outdated and some kits are faulty,2026-08-19 02:55:10,Academics,feedback form,2
schedule for end semester practical exams overlaps with elective test,2026-08-19 03:25:06,Academics,survey,2
bus frequency during peak evening hours between 5pm-6pm is adequate,2026-08-19 04:02:39,Transportation,support ticket,4
elevator in engineering block was under maintenance during morning rush,2026-08-19 04:10:43,Facilities,feedback form,2
study desks in quiet section are comfortable and well-lit,2026-08-19 04:11:07,Library,support ticket,5
Hostel room switchboards are loose and maintenance hasn't fixed them yet.,2026-08-19 04:25:19,Hostel,feedback form,2
restrooms in ground floor management block need more frequent checks,2026-08-19 04:38:55,Cleanliness,support ticket,2
morning breakfast poha and upma are quite decent and fresh,2026-08-19 04:52:46,Cafeteria,survey,4
bus frequency during peak evening hours between 5pm-6pm is adequate,2026-08-19 05:24:23,Transportation,feedback form,4
campus grounds are kept remarkably green and litter-free,2026-08-19 05:32:22,Cleanliness,support ticket,5
water coolers on third floor are functioning smoothly and chilled,2026-08-19 06:01:08,Facilities,survey,4
online fee receipt generation is instant and hassle-free,2026-08-19 06:09:38,Fees,review,4
Hostel geysers in block C are still leaking despite repeated complaints.,2026-08-19 06:20:42,Hostel,support ticket,1
elevator in engineering block was under maintenance during morning rush,2026-08-19 06:28:59,Facilities,review,2
Hostel room switchboards are loose and maintenance hasn't fixed them yet.,2026-08-19 06:41:59,Hostel,email,2
cultural fest organization was seamless and guest lectures were inspiring,2026-08-19 06:45:04,Events,support ticket,5
classroom projectors in block 2 have low lamp brightness,2026-08-19 07:28:05,Facilities,email,2
lab equipment for digital electronics is outdated and some kits are faulty,2026-08-19 07:34:07,Academics,review,2
cricket nets require replacement as the netting has torn at several places,2026-08-19 07:46:08,Sports,review,2
Hostel room switchboards are loose and maintenance hasn't fixed them yet.,2026-08-19 10:10:57,Hostel,feedback form,1
Submission portal timed out during class quiz due to poor lecture hall Wi-Fi.,2026-08-19 10:30:47,Academics,review,2
Hostel geysers in block C are still leaking despite repeated complaints.,2026-08-19 11:13:36,Hostel,survey,2
late fee penalty policy is too rigid when bank server transactions fail,2026-08-19 11:53:53,Fees,feedback form,2
campus grounds are kept remarkably green and litter-free,2026-08-19 12:00:09,Cleanliness,review,5
cricket nets require replacement as the netting has torn at several places,2026-08-19 12:03:31,Sports,support ticket,2
Wi-Fi is constantly dropping in the central library reading room,2026-08-19 12:25:12,Library,feedback form,1
study desks in quiet section are comfortable and well-lit,2026-08-19 12:26:15,Library,feedback form,5
weekend transit schedule should include an extra night service from metro station,2026-08-19 12:44:03,Transportation,review,3
mess cutlery is often greasy and not cleaned thoroughly,2026-08-19 13:00:15,Cafeteria,feedback form,1
Submission portal timed out during class quiz due to poor lecture hall Wi-Fi.,2026-08-19 13:35:00,Academics,review,1
need more copies of the latest edition algorithms reference book,2026-08-19 13:52:26,Library,survey,3
acoustics in the main auditorium were distorted during the musical evening,2026-08-19 14:04:25,Events,feedback form,3
long queues at student welfare window due to single staff member operating,2026-08-19 14:25:34,Administration,review,2
juice bar offers great healthy options at subsidized student rates,2026-08-19 14:29:18,Cafeteria,survey,5
"Plumbing maintenance in block B is very slow, taps are constantly dripping.",2026-08-19 14:45:30,Hostel,email,2
late fee penalty policy is too rigid when bank server transactions fail,2026-08-19 15:31:31,Fees,email,2
dustbins in cafeteria annex area overflow during lunch rush hours,2026-08-19 15:39:54,Cleanliness,feedback form,2
Hot water is rarely available in block A bathrooms during morning hours.,2026-08-19 16:05:15,Hostel,email,1
restrooms in ground floor management block need more frequent checks,2026-08-19 16:05:16,Cleanliness,survey,2
morning breakfast poha and upma are quite decent and fresh,2026-08-19 16:29:22,Cafeteria,support ticket,4
long queues at student welfare window due to single staff member operating,2026-08-19 17:02:10,Administration,review,2
long queues at student welfare window due to single staff member operating,2026-08-19 17:28:08,Administration,support ticket,2
study desks in quiet section are comfortable and well-lit,2026-08-19 17:39:59,Library,review,5
study desks in quiet section are comfortable and well-lit,2026-08-19 17:50:18,Library,support ticket,5
Submission portal timed out during class quiz due to poor lecture hall Wi-Fi.,2026-08-19 17:58:37,Academics,feedback form,2
classroom projectors in block 2 have low lamp brightness,2026-08-19 18:09:25,Facilities,review,2
bus frequency during peak evening hours between 5pm-6pm is adequate,2026-08-19 18:11:45,Transportation,support ticket,4
long queues at student welfare window due to single staff member operating,2026-08-19 19:26:56,Administration,email,2
long queues at student welfare window due to single staff member operating,2026-08-19 20:01:10,Administration,email,2
Hostel geysers in block C are still leaking despite repeated complaints.,2026-08-19 20:03:07,Hostel,email,1
badminton court wooden flooring has been maintained in top shape,2026-08-19 20:12:36,Sports,survey,5
cricket nets require replacement as the netting has torn at several places,2026-08-19 20:18:47,Sports,survey,2
need more copies of the latest edition algorithms reference book,2026-08-19 20:52:00,Library,email,3
profesor did not upload slides before midsem exam... vry frustrating.,2026-08-19 20:59:36,Events,feedback form,3
campus grounds are kept remarkably green and litter-free,2026-08-19 21:53:17,Cleanliness,review,5
need more copies of the latest edition algorithms reference book,2026-08-19 21:54:33,Library,survey,3
late fee penalty policy is too rigid when bank server transactions fail,2026-08-19 21:56:49,Fees,review,2
late fee penalty policy is too rigid when bank server transactions fail,2026-08-19 22:35:05,Fees,feedback form,2
restrooms in ground floor management block need more frequent checks,2026-08-19 22:39:36,Cleanliness,feedback form,2
online fee receipt generation is instant and hassle-free,2026-08-19 22:59:04,Fees,feedback form,4
Hostel geysers in block C are still leaking despite repeated complaints.,2026-08-19 23:18:06,Hostel,feedback form,2
elevator in engineering block was under maintenance during morning rush,2026-08-20 00:03:13,Facilities,feedback form,2
lab equipment for digital electronics is outdated and some kits are faulty,2026-08-20 00:11:39,Academics,review,2
Hostel geysers in block C are still leaking despite repeated complaints.,2026-08-20 00:43:17,Hostel,feedback form,2
coffee machine in main canteen was broken for two days,2026-08-20 01:03:46,Cafeteria,survey,2
campus grounds are kept remarkably green and litter-free,2026-08-20 01:22:51,Cleanliness,survey,5
Central library Wi-Fi connectivity is extremely unstable this week,2026-08-20 01:30:21,Library,review,1
need more copies of the latest edition algorithms reference book,2026-08-20 02:17:54,Library,support ticket,3
Hostel room switchboards are loose and maintenance hasn't fixed them yet.,2026-08-20 02:22:00,Hostel,review,1
schedule for end semester practical exams overlaps with elective test,2026-08-20 02:30:37,Academics,email,2
lab equipment for digital electronics is outdated and some kits are faulty,2026-08-20 02:36:49,Academics,review,2
Hot water is rarely available in block A bathrooms during morning hours.,2026-08-20 03:11:32,Hostel,email,2
classroom projectors in block 2 have low lamp brightness,2026-08-20 03:45:11,Facilities,feedback form,2
cricket nets require replacement as the netting has torn at several places,2026-08-20 05:06:42,Sports,survey,2
Bathroom flush in hostel room 304 not working properly since two weeks.,2026-08-20 06:18:25,Hostel,email,2
"Hostel bathroom cleanliness is substandard, cleaning staff does not show up daily.",2026-08-20 07:16:14,Hostel,email,2
study desks in quiet section are comfortable and well-lit,2026-08-20 07:16:59,Library,email,5
acoustics in the main auditorium were distorted during the musical evening,2026-08-20 07:33:14,Events,feedback form,3
weekend transit schedule should include an extra night service from metro station,2026-08-20 08:01:40,Transportation,email,3
late fee penalty policy is too rigid when bank server transactions fail,2026-08-20 08:16:30,Fees,review,2
online fee receipt generation is instant and hassle-free,2026-08-20 08:38:19,Fees,review,4
mess cutlery is often greasy and not cleaned thoroughly,2026-08-20 09:11:39,Cafeteria,email,1
Wi-Fi in hostel common room has been down for three days straight.,2026-08-20 09:16:11,Hostel,survey,2
bus frequency during peak evening hours between 5pm-6pm is adequate,2026-08-20 09:47:12,Transportation,feedback form,4
online fee receipt generation is instant and hassle-free,2026-08-20 10:16:07,Fees,support ticket,4
dustbins in cafeteria annex area overflow during lunch rush hours,2026-08-20 11:06:30,Cleanliness,support ticket,2
professors are approachable during designated office consultation hours,2026-08-20 11:07:46,Academics,feedback form,5
need more copies of the latest edition algorithms reference book,2026-08-20 11:21:18,Library,support ticket,3
morning breakfast poha and upma are quite decent and fresh,2026-08-20 11:56:27,Cafeteria,survey,4
faculty feedback process is transparent and taken seriously by HOD,2026-08-20 12:08:52,Academics,review,4
"street lights near basketball court are flickering, feels unsafe at night",2026-08-20 12:41:18,Security,feedback form,2
campus security personnel are vigilant and polite at main vehicle checkpost,2026-08-20 13:12:02,Security,survey,5
online fee receipt generation is instant and hassle-free,2026-08-20 13:59:33,Fees,email,4
"transcript request was processed within 2 working days, very impressed",2026-08-20 14:16:02,Administration,review,5
bus frequency during peak evening hours between 5pm-6pm is adequate,2026-08-20 14:53:00,Transportation,support ticket,4
"food quality is mediocre, especially dinner menu is repetitive",2026-08-20 15:05:48,Cafeteria,support ticket,2
weekend transit schedule should include an extra night service from metro station,2026-08-20 15:23:08,Transportation,feedback form,3
late fee penalty policy is too rigid when bank server transactions fail,2026-08-20 15:29:35,Fees,email,2
professors are approachable during designated office consultation hours,2026-08-20 15:38:15,Academics,email,5
online fee receipt generation is instant and hassle-free,2026-08-20 15:41:45,Fees,email,4
profesor did not upload slides before midsem exam... vry frustrating.,2026-08-20 15:46:08,Cafeteria,email,5
cultural fest organization was seamless and guest lectures were inspiring,2026-08-20 16:19:05,Events,survey,5
cultural fest organization was seamless and guest lectures were inspiring,2026-08-20 16:43:47,Events,review,5
campus security personnel are vigilant and polite at main vehicle checkpost,2026-08-20 16:46:38,Security,support ticket,5
badminton court wooden flooring has been maintained in top shape,2026-08-20 16:52:32,Sports,survey,5
acoustics in the main auditorium were distorted during the musical evening,2026-08-20 17:25:32,Events,feedback form,3
schedule for end semester practical exams overlaps with elective test,2026-08-20 19:21:33,Academics,email,2
"driver on route 7 drives aggressively on speed breakers, please check",2026-08-20 19:41:35,Transportation,feedback form,2
online fee receipt generation is instant and hassle-free,2026-08-20 20:32:51,Fees,support ticket,4
Hostel room switchboards are loose and maintenance hasn't fixed them yet.,2026-08-20 20:33:25,Hostel,email,1
dustbins in cafeteria annex area overflow during lunch rush hours,2026-08-20 20:45:05,Cleanliness,email,2
study desks in quiet section are comfortable and well-lit,2026-08-20 21:04:35,Library,support ticket,5
digital library terminal mice are sticky and need replacement,2026-08-20 21:26:06,Library,email,2
classroom projectors in block 2 have low lamp brightness,2026-08-20 21:37:57,Facilities,survey,2
campus security personnel are vigilant and polite at main vehicle checkpost,2026-08-20 21:55:23,Security,feedback form,5
study desks in quiet section are comfortable and well-lit,2026-08-20 22:03:35,Library,survey,5
digital library terminal mice are sticky and need replacement,2026-08-20 22:25:11,Library,support ticket,2
digital library terminal mice are sticky and need replacement,2026-08-20 22:32:40,Library,review,2
"driver on route 7 drives aggressively on speed breakers, please check",2026-08-20 22:49:41,Transportation,survey,2
weekend transit schedule should include an extra night service from metro station,2026-08-20 23:02:42,Transportation,support ticket,3
study desks in quiet section are comfortable and well-lit,2026-08-20 23:18:29,Library,feedback form,5
campus grounds are kept remarkably green and litter-free,2026-08-20 23:22:32,Cleanliness,support ticket,5
campus grounds are kept remarkably green and litter-free,2026-08-20 23:26:00,Cleanliness,email,5
Continuous wi-fi dropouts while studying on 2nd floor of library,2026-08-20 23:35:08,Library,feedback form,1
online fee receipt generation is instant and hassle-free,2026-08-20 23:48:51,Fees,survey,4
elevator in engineering block was under maintenance during morning rush,2026-08-20 23:53:43,Facilities,email,2
dustbins in cafeteria annex area overflow during lunch rush hours,2026-08-21 00:00:07,Cleanliness,feedback form,2
cultural fest organization was seamless and guest lectures were inspiring,2026-08-21 00:26:13,Events,support ticket,5
dustbins in cafeteria annex area overflow during lunch rush hours,2026-08-21 00:40:57,Cleanliness,review,2
Water pressure in 4th floor hostel showers is almost zero in the morning.,2026-08-21 01:46:29,Hostel,support ticket,2
Campus internet speed has plummeted drastically this week.,2026-08-21 01:47:41,Wi-Fi/Internet,support ticket,1
digital library terminal mice are sticky and need replacement,2026-08-21 01:52:42,Library,feedback form,2
digital library terminal mice are sticky and need replacement,2026-08-21 02:16:28,Library,review,2
cricket nets require replacement as the netting has torn at several places,2026-08-21 03:15:30,Sports,feedback form,2
"street lights near basketball court are flickering, feels unsafe at night",2026-08-21 04:00:35,Security,support ticket,2
badminton court wooden flooring has been maintained in top shape,2026-08-21 04:02:51,Sports,support ticket,5
Hot water is rarely available in block A bathrooms during morning hours.,2026-08-21 05:02:08,Hostel,survey,2
Wi-Fi is constantly dropping in the central library reading room,2026-08-21 05:13:01,Library,survey,2
Bathroom flush in hostel room 304 not working properly since two weeks.,2026-08-21 05:14:56,Hostel,email,1
badminton court wooden flooring has been maintained in top shape,2026-08-21 06:15:53,Sports,survey,5
restrooms in ground floor management block need more frequent checks,2026-08-21 06:33:08,Cleanliness,survey,2
classroom projectors in block 2 have low lamp brightness,2026-08-21 07:01:26,Facilities,email,2
digital library terminal mice are sticky and need replacement,2026-08-21 07:03:56,Library,support ticket,2
"Hostel warden resolved the water cooler issue promptly, thank you.",2026-08-21 07:12:25,Cafeteria,review,4
bus frequency during peak evening hours between 5pm-6pm is adequate,2026-08-21 07:21:19,Transportation,email,4
long queues at student welfare window due to single staff member operating,2026-08-21 07:30:24,Administration,feedback form,2
campus security personnel are vigilant and polite at main vehicle checkpost,2026-08-21 07:48:15,Security,review,5
campus security personnel are vigilant and polite at main vehicle checkpost,2026-08-21 07:54:33,Security,email,5
badminton court wooden flooring has been maintained in top shape,2026-08-21 08:13:33,Sports,survey,5
Hostel room switchboards are loose and maintenance hasn't fixed them yet.,2026-08-21 09:04:16,Hostel,review,2
professors are approachable during designated office consultation hours,2026-08-21 09:08:36,Academics,support ticket,5
schedule for end semester practical exams overlaps with elective test,2026-08-21 09:16:39,Academics,support ticket,2
faculty feedback process is transparent and taken seriously by HOD,2026-08-21 09:20:39,Academics,feedback form,4
coffee machine in main canteen was broken for two days,2026-08-21 09:43:28,Cafeteria,survey,2
long queues at student welfare window due to single staff member operating,2026-08-21 09:58:39,Administration,email,2
morning breakfast poha and upma are quite decent and fresh,2026-08-21 10:03:28,Cafeteria,survey,4
long queues at student welfare window due to single staff member operating,2026-08-21 10:04:31,Administration,email,2
schedule for end semester practical exams overlaps with elective test,2026-08-21 10:37:05,Academics,feedback form,2
"street lights near basketball court are flickering, feels unsafe at night",2026-08-21 10:53:47,Security,review,2
badminton court wooden flooring has been maintained in top shape,2026-08-21 11:15:08,Sports,support ticket,5
restrooms in ground floor management block need more frequent checks,2026-08-21 11:29:44,Cleanliness,support ticket,2
Hostel room switchboards are loose and maintenance hasn't fixed them yet.,2026-08-21 11:31:34,Hostel,support ticket,2
long queues at student welfare window due to single staff member operating,2026-08-21 11:40:08,Administration,email,2
campus security personnel are vigilant and polite at main vehicle checkpost,2026-08-21 11:46:44,Security,support ticket,5
badminton court wooden flooring has been maintained in top shape,2026-08-21 12:11:24,Sports,feedback form,5
campus grounds are kept remarkably green and litter-free,2026-08-21 12:12:07,Cleanliness,feedback form,5
"Hostel bathroom cleanliness is substandard, cleaning staff does not show up daily.",2026-08-21 13:11:47,Hostel,email,1
badminton court wooden flooring has been maintained in top shape,2026-08-21 13:14:03,Sports,review,5
classroom projectors in block 2 have low lamp brightness,2026-08-21 13:35:17,Facilities,feedback form,2
professors are approachable during designated office consultation hours,2026-08-21 14:42:53,Academics,feedback form,5
"driver on route 7 drives aggressively on speed breakers, please check",2026-08-21 15:01:53,Transportation,support ticket,2
"street lights near basketball court are flickering, feels unsafe at night",2026-08-21 15:16:17,Security,feedback form,2
mess cutlery is often greasy and not cleaned thoroughly,2026-08-21 15:34:25,Cafeteria,support ticket,1
elevator in engineering block was under maintenance during morning rush,2026-08-21 16:00:32,Facilities,support ticket,2
Drainage in ground floor washroom gets clogged every few days.,2026-08-21 16:30:16,Hostel,review,2
water coolers on third floor are functioning smoothly and chilled,2026-08-21 16:37:48,Facilities,review,4
restrooms in ground floor management block need more frequent checks,2026-08-21 16:41:56,Cleanliness,review,2
campus grounds are kept remarkably green and litter-free,2026-08-21 17:18:36,Cleanliness,feedback form,5
lab equipment for digital electronics is outdated and some kits are faulty,2026-08-21 17:20:38,Academics,support ticket,2
faculty feedback process is transparent and taken seriously by HOD,2026-08-21 17:53:49,Academics,email,4
online fee receipt generation is instant and hassle-free,2026-08-21 18:07:40,Fees,email,4
online fee receipt generation is instant and hassle-free,2026-08-21 18:38:33,Fees,email,4
"Cannot connect to library internet, frequent disconnects experienced",2026-08-21 18:53:32,Library,support ticket,1
faculty feedback process is transparent and taken seriously by HOD,2026-08-21 18:55:26,Academics,feedback form,4
restrooms in ground floor management block need more frequent checks,2026-08-21 18:56:52,Cleanliness,review,2
campus security personnel are vigilant and polite at main vehicle checkpost,2026-08-21 19:18:44,Security,survey,5
badminton court wooden flooring has been maintained in top shape,2026-08-21 19:46:52,Sports,support ticket,5
water coolers on third floor are functioning smoothly and chilled,2026-08-21 20:01:59,Facilities,review,4
online fee receipt generation is instant and hassle-free,2026-08-21 20:04:49,Fees,email,4
long queues at student welfare window due to single staff member operating,2026-08-21 20:57:33,Administration,review,2
water coolers on third floor are functioning smoothly and chilled,2026-08-21 21:26:45,Facilities,survey,4
Library reading room Wi-Fi fails every time more than 20 students join.,2026-08-21 21:32:34,Library,review,2
classroom projectors in block 2 have low lamp brightness,2026-08-21 23:02:14,Facilities,review,2
restrooms in ground floor management block need more frequent checks,2026-08-21 23:43:09,Cleanliness,email,2
restrooms in ground floor management block need more frequent checks,2026-08-22 00:15:27,Cleanliness,email,2
professors are approachable during designated office consultation hours,2026-08-22 00:22:41,Academics,review,5
campus security personnel are vigilant and polite at main vehicle checkpost,2026-08-22 00:27:42,Security,email,5
"street lights near basketball court are flickering, feels unsafe at night",2026-08-22 00:33:20,Security,support ticket,2
dustbins in cafeteria annex area overflow during lunch rush hours,2026-08-22 00:40:51,Cleanliness,review,2
schedule for end semester practical exams overlaps with elective test,2026-08-22 00:41:28,Academics,support ticket,2
faculty feedback process is transparent and taken seriously by HOD,2026-08-22 01:01:21,Academics,review,4
cricket nets require replacement as the netting has torn at several places,2026-08-22 01:13:57,Sports,feedback form,2
morning breakfast poha and upma are quite decent and fresh,2026-08-22 01:14:49,Cafeteria,review,4
acoustics in the main auditorium were distorted during the musical evening,2026-08-22 01:22:43,Events,email,3
need more copies of the latest edition algorithms reference book,2026-08-22 02:18:37,Library,review,3
badminton court wooden flooring has been maintained in top shape,2026-08-22 02:37:34,Sports,email,5
need more copies of the latest edition algorithms reference book,2026-08-22 02:46:15,Library,support ticket,3
badminton court wooden flooring has been maintained in top shape,2026-08-22 04:24:56,Sports,email,5
late fee penalty policy is too rigid when bank server transactions fail,2026-08-22 04:53:08,Fees,review,2
"food quality is mediocre, especially dinner menu is repetitive",2026-08-22 04:55:41,Cafeteria,feedback form,2
online fee receipt generation is instant and hassle-free,2026-08-22 05:11:13,Fees,support ticket,4
"driver on route 7 drives aggressively on speed breakers, please check",2026-08-22 05:31:41,Transportation,review,2
study desks in quiet section are comfortable and well-lit,2026-08-22 05:40:19,Library,review,5
Bathroom flush in hostel room 304 not working properly since two weeks.,2026-08-22 06:00:05,Hostel,survey,2
cultural fest organization was seamless and guest lectures were inspiring,2026-08-22 06:08:48,Events,survey,5
long queues at student welfare window due to single staff member operating,2026-08-22 06:25:13,Administration,survey,2
Security at night gate is stopping day-scholars unnecessarily without reason.,2026-08-22 06:30:53,Transportation,support ticket,4
study desks in quiet section are comfortable and well-lit,2026-08-22 06:35:10,Library,feedback form,5
"Cannot connect to library internet, frequent disconnects experienced",2026-08-22 07:00:55,Library,support ticket,1
schedule for end semester practical exams overlaps with elective test,2026-08-22 07:55:45,Academics,email,2
bus frequency during peak evening hours between 5pm-6pm is adequate,2026-08-22 07:59:45,Transportation,feedback form,4
"street lights near basketball court are flickering, feels unsafe at night",2026-08-22 08:04:23,Security,support ticket,2
study desks in quiet section are comfortable and well-lit,2026-08-22 08:13:31,Library,survey,5
online fee receipt generation is instant and hassle-free,2026-08-22 08:37:14,Fees,review,4
"Hostel Block D has zero Wi-Fi signal in corner rooms, forced to use mobile hotspot.",2026-08-22 08:38:26,Hostel,feedback form,1
digital library terminal mice are sticky and need replacement,2026-08-22 08:38:26,Library,feedback form,2
Central library Wi-Fi connectivity is extremely unstable this week,2026-08-22 09:01:39,Library,email,2
dustbins in cafeteria annex area overflow during lunch rush hours,2026-08-22 09:06:49,Cleanliness,review,2
online fee receipt generation is instant and hassle-free,2026-08-22 09:14:54,Fees,survey,4
"Hostel bathroom cleanliness is substandard, cleaning staff does not show up daily.",2026-08-22 10:50:57,Hostel,support ticket,1
online fee receipt generation is instant and hassle-free,2026-08-22 11:15:43,Fees,review,4
Drainage in ground floor washroom gets clogged every few days.,2026-08-22 11:36:27,Hostel,support ticket,1
restrooms in ground floor management block need more frequent checks,2026-08-22 11:44:12,Cleanliness,feedback form,2
long queues at student welfare window due to single staff member operating,2026-08-22 12:07:05,Administration,feedback form,2
cricket nets require replacement as the netting has torn at several places,2026-08-22 13:34:24,Sports,survey,2
schedule for end semester practical exams overlaps with elective test,2026-08-22 13:37:46,Academics,feedback form,2
faculty feedback process is transparent and taken seriously by HOD,2026-08-22 14:54:26,Academics,email,4
need more copies of the latest edition algorithms reference book,2026-08-22 15:43:47,Library,survey,3
Hot water is rarely available in block A bathrooms during morning hours.,2026-08-22 16:14:46,Hostel,survey,1
"Plumbing maintenance in block B is very slow, taps are constantly dripping.",2026-08-22 17:05:52,Hostel,email,1
acoustics in the main auditorium were distorted during the musical evening,2026-08-22 17:07:35,Events,email,3
water coolers on third floor are functioning smoothly and chilled,2026-08-22 17:47:32,Facilities,survey,4
cricket nets require replacement as the netting has torn at several places,2026-08-22 17:53:04,Sports,feedback form,2
campus security personnel are vigilant and polite at main vehicle checkpost,2026-08-22 18:31:43,Security,support ticket,5
campus grounds are kept remarkably green and litter-free,2026-08-22 19:01:47,Cleanliness,feedback form,5
digital library terminal mice are sticky and need replacement,2026-08-22 19:14:00,Library,feedback form,2
"driver on route 7 drives aggressively on speed breakers, please check",2026-08-22 19:16:46,Transportation,support ticket,2
cultural fest organization was seamless and guest lectures were inspiring,2026-08-22 19:33:36,Events,survey,5
weekend transit schedule should include an extra night service from metro station,2026-08-22 19:52:11,Transportation,review,3
"transcript request was processed within 2 working days, very impressed",2026-08-22 21:18:37,Administration,feedback form,5
bus frequency during peak evening hours between 5pm-6pm is adequate,2026-08-22 21:27:05,Transportation,review,4
classroom projectors in block 2 have low lamp brightness,2026-08-22 22:04:10,Facilities,support ticket,2
Security at night gate is stopping day-scholars unnecessarily without reason.,2026-08-22 22:25:12,Wi-Fi/Internet,survey,3
juice bar offers great healthy options at subsidized student rates,2026-08-22 22:30:38,Cafeteria,review,5
lab equipment for digital electronics is outdated and some kits are faulty,2026-08-22 22:55:51,Academics,support ticket,2
long queues at student welfare window due to single staff member operating,2026-08-22 22:58:26,Administration,feedback form,2
Hostel room switchboards are loose and maintenance hasn't fixed them yet.,2026-08-22 23:12:12,Hostel,feedback form,2
schedule for end semester practical exams overlaps with elective test,2026-08-22 23:24:16,Academics,email,2
study desks in quiet section are comfortable and well-lit,2026-08-22 23:31:17,Library,support ticket,5
lab equipment for digital electronics is outdated and some kits are faulty,2026-08-22 23:43:15,Academics,support ticket,2
Hot water is rarely available in block A bathrooms during morning hours.,2026-08-22 23:53:39,Hostel,email,1
bus frequency during peak evening hours between 5pm-6pm is adequate,2026-08-23 00:27:04,Transportation,review,4
"transcript request was processed within 2 working days, very impressed",2026-08-23 00:42:00,Administration,feedback form,5
classroom projectors in block 2 have low lamp brightness,2026-08-23 00:46:32,Facilities,survey,2
Wi-Fi in hostel common room has been down for three days straight.,2026-08-23 00:59:56,Hostel,support ticket,1
Cannot download research papers from library digital section due to no Wi-Fi.,2026-08-23 01:22:48,Library,support ticket,1
dustbins in cafeteria annex area overflow during lunch rush hours,2026-08-23 01:43:20,Cleanliness,feedback form,2
mess cutlery is often greasy and not cleaned thoroughly,2026-08-23 01:57:10,Cafeteria,review,1
weekend transit schedule should include an extra night service from metro station,2026-08-23 02:24:14,Transportation,support ticket,3
dustbins in cafeteria annex area overflow during lunch rush hours,2026-08-23 02:26:32,Cleanliness,feedback form,2
"street lights near basketball court are flickering, feels unsafe at night",2026-08-23 03:06:54,Security,email,2
cultural fest organization was seamless and guest lectures were inspiring,2026-08-23 03:15:45,Events,email,5
online fee receipt generation is instant and hassle-free,2026-08-23 03:38:17,Fees,support ticket,4
elevator in engineering block was under maintenance during morning rush,2026-08-23 03:47:49,Facilities,review,2
Wi-Fi in hostel common room has been down for three days straight.,2026-08-23 04:21:05,Hostel,email,1
Bathroom flush in hostel room 304 not working properly since two weeks.,2026-08-23 04:21:06,Hostel,feedback form,1
digital library terminal mice are sticky and need replacement,2026-08-23 04:35:47,Library,review,2
late fee penalty policy is too rigid when bank server transactions fail,2026-08-23 04:36:24,Fees,support ticket,2
cricket nets require replacement as the netting has torn at several places,2026-08-23 05:22:42,Sports,email,2
dustbins in cafeteria annex area overflow during lunch rush hours,2026-08-23 05:44:03,Cleanliness,review,2
"Hostel bathroom cleanliness is substandard, cleaning staff does not show up daily.",2026-08-23 06:06:52,Hostel,feedback form,1
morning breakfast poha and upma are quite decent and fresh,2026-08-23 06:08:22,Cafeteria,feedback form,4
Library staff was very helpful with issuing reference textbooks today.,2026-08-23 06:28:52,Fees,support ticket,4
cultural fest organization was seamless and guest lectures were inspiring,2026-08-23 06:32:38,Events,email,5
online fee receipt generation is instant and hassle-free,2026-08-23 06:42:06,Fees,support ticket,4
Hostel room switchboards are loose and maintenance hasn't fixed them yet.,2026-08-23 06:46:36,Hostel,feedback form,2
bus frequency during peak evening hours between 5pm-6pm is adequate,2026-08-23 07:07:04,Transportation,survey,4
bus frequency during peak evening hours between 5pm-6pm is adequate,2026-08-23 07:07:27,Transportation,review,4
"street lights near basketball court are flickering, feels unsafe at night",2026-08-23 07:09:08,Security,feedback form,2
faculty feedback process is transparent and taken seriously by HOD,2026-08-23 07:23:19,Academics,feedback form,4
Hostel geysers in block C are still leaking despite repeated complaints.,2026-08-23 07:28:38,Hostel,email,1
"Hostel Block D has zero Wi-Fi signal in corner rooms, forced to use mobile hotspot.",2026-08-23 07:29:58,Hostel,support ticket,2
"driver on route 7 drives aggressively on speed breakers, please check",2026-08-23 07:30:10,Transportation,support ticket,2
mess cutlery is often greasy and not cleaned thoroughly,2026-08-23 07:42:11,Cafeteria,feedback form,1
long queues at student welfare window due to single staff member operating,2026-08-23 07:52:39,Administration,support ticket,2
classroom projectors in block 2 have low lamp brightness,2026-08-23 07:56:11,Facilities,feedback form,2
classroom projectors in block 2 have low lamp brightness,2026-08-23 08:17:30,Facilities,review,2
Wi-Fi in hostel common room has been down for three days straight.,2026-08-23 08:43:35,Hostel,review,1
weekend transit schedule should include an extra night service from metro station,2026-08-23 08:57:45,Transportation,review,3
"street lights near basketball court are flickering, feels unsafe at night",2026-08-23 09:13:00,Security,survey,2
weekend transit schedule should include an extra night service from metro station,2026-08-23 09:31:16,Transportation,email,3
dustbins in cafeteria annex area overflow during lunch rush hours,2026-08-23 09:42:21,Cleanliness,email,2
water coolers on third floor are functioning smoothly and chilled,2026-08-23 09:52:25,Facilities,email,4
restrooms in ground floor management block need more frequent checks,2026-08-23 09:57:27,Cleanliness,review,2
digital library terminal mice are sticky and need replacement,2026-08-23 10:19:03,Library,email,2
classroom projectors in block 2 have low lamp brightness,2026-08-23 10:31:53,Facilities,survey,2
"food quality is mediocre, especially dinner menu is repetitive",2026-08-23 10:50:17,Cafeteria,survey,2
"street lights near basketball court are flickering, feels unsafe at night",2026-08-23 11:20:49,Security,survey,2
cricket nets require replacement as the netting has torn at several places,2026-08-23 11:29:38,Sports,review,2
professors are approachable during designated office consultation hours,2026-08-23 11:36:33,Academics,feedback form,5
Unable to attend online lab sessions because the Wi-Fi signal drops constantly.,2026-08-23 12:17:45,Wi-Fi/Internet,survey,1
cricket nets require replacement as the netting has torn at several places,2026-08-23 12:29:21,Sports,feedback form,2
long queues at student welfare window due to single staff member operating,2026-08-23 12:32:57,Administration,survey,2
"transcript request was processed within 2 working days, very impressed",2026-08-23 12:49:26,Administration,review,5
study desks in quiet section are comfortable and well-lit,2026-08-23 13:11:22,Library,review,5
professors are approachable during designated office consultation hours,2026-08-23 13:15:18,Academics,email,5
Water pressure in 4th floor hostel showers is almost zero in the morning.,2026-08-23 13:22:38,Hostel,feedback form,1
elevator in engineering block was under maintenance during morning rush,2026-08-23 13:42:03,Facilities,email,2
cricket nets require replacement as the netting has torn at several places,2026-08-23 13:43:39,Sports,review,2
Library reading room Wi-Fi fails every time more than 20 students join.,2026-08-23 13:46:17,Library,survey,2
acoustics in the main auditorium were distorted during the musical evening,2026-08-23 14:09:29,Events,support ticket,3
study desks in quiet section are comfortable and well-lit,2026-08-23 14:37:12,Library,support ticket,5
acoustics in the main auditorium were distorted during the musical evening,2026-08-23 14:47:31,Events,review,3
dustbins in cafeteria annex area overflow during lunch rush hours,2026-08-23 15:06:23,Cleanliness,review,2
online fee receipt generation is instant and hassle-free,2026-08-23 15:13:37,Fees,feedback form,4
cultural fest organization was seamless and guest lectures were inspiring,2026-08-23 15:22:52,Events,support ticket,5
coffee machine in main canteen was broken for two days,2026-08-23 15:26:13,Cafeteria,support ticket,2
water coolers on third floor are functioning smoothly and chilled,2026-08-23 15:38:48,Facilities,feedback form,4
water coolers on third floor are functioning smoothly and chilled,2026-08-23 16:52:17,Facilities,survey,4
weekend transit schedule should include an extra night service from metro station,2026-08-23 16:53:31,Transportation,review,3
"transcript request was processed within 2 working days, very impressed",2026-08-23 17:05:40,Administration,email,5
late fee penalty policy is too rigid when bank server transactions fail,2026-08-23 17:39:00,Fees,support ticket,2
lab equipment for digital electronics is outdated and some kits are faulty,2026-08-23 18:24:21,Academics,review,2
online fee receipt generation is instant and hassle-free,2026-08-23 18:28:46,Fees,feedback form,4
cultural fest organization was seamless and guest lectures were inspiring,2026-08-23 18:58:14,Events,review,5
bus frequency during peak evening hours between 5pm-6pm is adequate,2026-08-23 19:31:54,Transportation,review,4
campus grounds are kept remarkably green and litter-free,2026-08-23 19:31:59,Cleanliness,support ticket,5
need more copies of the latest edition algorithms reference book,2026-08-23 19:37:06,Library,survey,3
study desks in quiet section are comfortable and well-lit,2026-08-23 19:56:14,Library,survey,5
morning breakfast poha and upma are quite decent and fresh,2026-08-23 20:06:25,Cafeteria,email,4
acoustics in the main auditorium were distorted during the musical evening,2026-08-23 21:00:11,Events,review,3
professors are approachable during designated office consultation hours,2026-08-23 21:13:09,Academics,support ticket,5
Department lab computers cannot access intranet because academic Wi-Fi is failing.,2026-08-23 21:44:44,Academics,feedback form,2
cricket nets require replacement as the netting has torn at several places,2026-08-23 22:08:36,Sports,email,2
"food quality is mediocre, especially dinner menu is repetitive",2026-08-23 22:09:55,Cafeteria,review,2
"driver on route 7 drives aggressively on speed breakers, please check",2026-08-23 23:17:50,Transportation,review,2
"street lights near basketball court are flickering, feels unsafe at night",2026-08-23 23:31:36,Security,support ticket,2
elevator in engineering block was under maintenance during morning rush,2026-08-23 23:34:04,Facilities,survey,2
acoustics in the main auditorium were distorted during the musical evening,2026-08-23 23:36:47,Events,support ticket,3
"Gym treadmill belt is slipping, safety hazard!! kindly look into this matter.",2026-08-24 00:01:41,Academics,survey,1
mess cutlery is often greasy and not cleaned thoroughly,2026-08-24 00:21:46,Cafeteria,feedback form,1
professors are approachable during designated office consultation hours,2026-08-24 00:26:54,Academics,review,5
professors are approachable during designated office consultation hours,2026-08-24 01:12:32,Academics,feedback form,5
acoustics in the main auditorium were distorted during the musical evening,2026-08-24 01:19:03,Events,review,3
late fee penalty policy is too rigid when bank server transactions fail,2026-08-24 01:20:46,Fees,review,2
schedule for end semester practical exams overlaps with elective test,2026-08-24 02:03:10,Academics,email,2
coffee machine in main canteen was broken for two days,2026-08-24 03:08:35,Cafeteria,feedback form,2
professors are approachable during designated office consultation hours,2026-08-24 03:17:45,Academics,support ticket,5
professors are approachable during designated office consultation hours,2026-08-24 03:26:42,Academics,survey,5
online fee receipt generation is instant and hassle-free,2026-08-24 03:32:02,Fees,review,4
"street lights near basketball court are flickering, feels unsafe at night",2026-08-24 03:49:19,Security,feedback form,2
Wi-Fi is constantly dropping in the central library reading room,2026-08-24 04:56:17,Library,support ticket,2
elevator in engineering block was under maintenance during morning rush,2026-08-24 05:45:43,Facilities,review,2
Hostel geysers in block C are still leaking despite repeated complaints.,2026-08-24 05:57:23,Hostel,review,2
campus security personnel are vigilant and polite at main vehicle checkpost,2026-08-24 06:05:46,Security,email,5
need more copies of the latest edition algorithms reference book,2026-08-24 06:10:38,Library,feedback form,3
elevator in engineering block was under maintenance during morning rush,2026-08-24 06:23:39,Facilities,email,2
"food quality is mediocre, especially dinner menu is repetitive",2026-08-24 07:21:07,Cafeteria,support ticket,2
campus security personnel are vigilant and polite at main vehicle checkpost,2026-08-24 07:26:24,Security,email,5
cultural fest organization was seamless and guest lectures were inspiring,2026-08-24 08:09:42,Events,feedback form,5
late fee penalty policy is too rigid when bank server transactions fail,2026-08-24 08:14:52,Fees,support ticket,2
classroom projectors in block 2 have low lamp brightness,2026-08-24 08:36:06,Facilities,feedback form,2
coffee machine in main canteen was broken for two days,2026-08-24 08:45:06,Cafeteria,review,2
Department lab computers cannot access intranet because academic Wi-Fi is failing.,2026-08-24 08:52:27,Academics,support ticket,1
badminton court wooden flooring has been maintained in top shape,2026-08-24 09:34:15,Sports,survey,5
cultural fest organization was seamless and guest lectures were inspiring,2026-08-24 10:01:38,Events,survey,5
cricket nets require replacement as the netting has torn at several places,2026-08-24 10:10:54,Sports,review,2
badminton court wooden flooring has been maintained in top shape,2026-08-24 10:14:27,Sports,feedback form,5
online fee receipt generation is instant and hassle-free,2026-08-24 10:35:05,Fees,survey,4
long queues at student welfare window due to single staff member operating,2026-08-24 11:01:22,Administration,feedback form,2
late fee penalty policy is too rigid when bank server transactions fail,2026-08-24 11:01:53,Fees,feedback form,2
"driver on route 7 drives aggressively on speed breakers, please check",2026-08-24 11:18:34,Transportation,survey,2
Water pressure in 4th floor hostel showers is almost zero in the morning.,2026-08-24 11:37:33,Hostel,review,2
Water pressure in 4th floor hostel showers is almost zero in the morning.,2026-08-24 11:40:25,Hostel,feedback form,2
"food quality is mediocre, especially dinner menu is repetitive",2026-08-24 12:05:37,Cafeteria,survey,2
Security at night gate is stopping day-scholars unnecessarily without reason.,2026-08-24 12:08:19,Transportation,email,3
lab equipment for digital electronics is outdated and some kits are faulty,2026-08-24 12:17:49,Academics,review,2
long queues at student welfare window due to single staff member operating,2026-08-24 13:43:00,Administration,survey,2
badminton court wooden flooring has been maintained in top shape,2026-08-24 13:56:36,Sports,review,5
"Cannot connect to library internet, frequent disconnects experienced",2026-08-24 14:01:25,Library,email,1
campus security personnel are vigilant and polite at main vehicle checkpost,2026-08-24 14:03:29,Security,survey,5
classroom projectors in block 2 have low lamp brightness,2026-08-24 14:08:44,Facilities,email,2
water coolers on third floor are functioning smoothly and chilled,2026-08-24 14:23:02,Facilities,support ticket,4
faculty feedback process is transparent and taken seriously by HOD,2026-08-24 14:42:59,Academics,survey,4
digital library terminal mice are sticky and need replacement,2026-08-24 15:14:34,Library,email,2
classroom projectors in block 2 have low lamp brightness,2026-08-24 15:19:47,Facilities,survey,2
lab equipment for digital electronics is outdated and some kits are faulty,2026-08-24 15:51:08,Academics,email,2
dustbins in cafeteria annex area overflow during lunch rush hours,2026-08-24 15:56:57,Cleanliness,email,2
Library reading room Wi-Fi fails every time more than 20 students join.,2026-08-24 16:08:44,Library,review,2
Central library Wi-Fi connectivity is extremely unstable this week,2026-08-24 17:13:33,Library,email,1
"hostle mess food is so cold by 7pm, not even eatable seriously :(",2026-08-24 17:24:30,Administration,feedback form,1
mess cutlery is often greasy and not cleaned thoroughly,2026-08-24 17:58:30,Cafeteria,review,1
water coolers on third floor are functioning smoothly and chilled,2026-08-24 17:58:34,Facilities,feedback form,4
Hot water is rarely available in block A bathrooms during morning hours.,2026-08-24 18:32:01,Hostel,survey,2
"Cannot connect to library internet, frequent disconnects experienced",2026-08-24 18:45:08,Library,survey,1
online fee receipt generation is instant and hassle-free,2026-08-24 19:12:26,Fees,feedback form,4
campus security personnel are vigilant and polite at main vehicle checkpost,2026-08-24 19:39:22,Security,review,5
professors are approachable during designated office consultation hours,2026-08-24 19:52:19,Academics,support ticket,5
"Hostel bathroom cleanliness is substandard, cleaning staff does not show up daily.",2026-08-24 20:15:40,Hostel,support ticket,1
campus grounds are kept remarkably green and litter-free,2026-08-24 20:42:48,Cleanliness,review,5
"driver on route 7 drives aggressively on speed breakers, please check",2026-08-24 20:43:58,Transportation,support ticket,2
"Hostel Block D has zero Wi-Fi signal in corner rooms, forced to use mobile hotspot.",2026-08-24 20:47:50,Hostel,review,2
long queues at student welfare window due to single staff member operating,2026-08-24 20:55:31,Administration,feedback form,2
"wifi disconnect issue in reading hall again and again, plz fix ASAP",2026-08-24 20:56:55,Library,review,1
cultural fest organization was seamless and guest lectures were inspiring,2026-08-24 21:20:36,Events,survey,5
cricket nets require replacement as the netting has torn at several places,2026-08-24 21:34:50,Sports,feedback form,2
restrooms in ground floor management block need more frequent checks,2026-08-24 21:37:34,Cleanliness,review,2
weekend transit schedule should include an extra night service from metro station,2026-08-24 21:59:49,Transportation,review,3
Library reading room Wi-Fi fails every time more than 20 students join.,2026-08-24 22:11:56,Library,review,1
late fee penalty policy is too rigid when bank server transactions fail,2026-08-24 22:17:59,Fees,email,2
long queues at student welfare window due to single staff member operating,2026-08-24 22:37:05,Administration,survey,2
professors are approachable during designated office consultation hours,2026-08-24 22:37:18,Academics,email,5
"Hostel Block D has zero Wi-Fi signal in corner rooms, forced to use mobile hotspot.",2026-08-24 22:47:58,Hostel,survey,1
coffee machine in main canteen was broken for two days,2026-08-24 22:52:01,Cafeteria,survey,2
acoustics in the main auditorium were distorted during the musical evening,2026-08-24 23:05:35,Events,support ticket,3
"transcript request was processed within 2 working days, very impressed",2026-08-24 23:23:35,Administration,review,5
"driver on route 7 drives aggressively on speed breakers, please check",2026-08-24 23:34:21,Transportation,survey,2
cricket nets require replacement as the netting has torn at several places,2026-08-24 23:58:27,Sports,survey,2
need more copies of the latest edition algorithms reference book,2026-08-25 00:20:37,Library,support ticket,3
cricket nets require replacement as the netting has torn at several places,2026-08-25 00:21:10,Sports,review,2
"transcript request was processed within 2 working days, very impressed",2026-08-25 00:26:14,Administration,review,5
"street lights near basketball court are flickering, feels unsafe at night",2026-08-25 00:46:48,Security,support ticket,2
dustbins in cafeteria annex area overflow during lunch rush hours,2026-08-25 01:10:12,Cleanliness,feedback form,2
mess cutlery is often greasy and not cleaned thoroughly,2026-08-25 01:11:47,Cafeteria,survey,1
cultural fest organization was seamless and guest lectures were inspiring,2026-08-25 01:27:12,Events,survey,5
"Gym treadmill belt is slipping, safety hazard!! kindly look into this matter.",2026-08-25 01:37:22,Academics,support ticket,3
cricket nets require replacement as the netting has torn at several places,2026-08-25 01:42:09,Sports,review,2
professors are approachable during designated office consultation hours,2026-08-25 02:20:49,Academics,review,5
"driver on route 7 drives aggressively on speed breakers, please check",2026-08-25 02:26:01,Transportation,survey,2
lab equipment for digital electronics is outdated and some kits are faulty,2026-08-25 02:52:33,Academics,feedback form,2
Department lab computers cannot access intranet because academic Wi-Fi is failing.,2026-08-25 02:58:17,Academics,support ticket,1
restrooms in ground floor management block need more frequent checks,2026-08-25 03:30:17,Cleanliness,survey,2
online fee receipt generation is instant and hassle-free,2026-08-25 03:51:11,Fees,support ticket,4
professors are approachable during designated office consultation hours,2026-08-25 04:53:25,Academics,email,5
"driver on route 7 drives aggressively on speed breakers, please check",2026-08-25 05:07:26,Transportation,email,2
water coolers on third floor are functioning smoothly and chilled,2026-08-25 05:22:07,Facilities,review,4
elevator in engineering block was under maintenance during morning rush,2026-08-25 05:44:48,Facilities,support ticket,2
bus frequency during peak evening hours between 5pm-6pm is adequate,2026-08-25 05:51:39,Transportation,email,4
restrooms in ground floor management block need more frequent checks,2026-08-25 05:54:33,Cleanliness,survey,2
long queues at student welfare window due to single staff member operating,2026-08-25 07:20:15,Administration,review,2
Water pressure in 4th floor hostel showers is almost zero in the morning.,2026-08-25 07:22:34,Hostel,email,2
schedule for end semester practical exams overlaps with elective test,2026-08-25 07:27:02,Academics,review,2
dustbins in cafeteria annex area overflow during lunch rush hours,2026-08-25 07:35:04,Cleanliness,feedback form,2
Hostel room switchboards are loose and maintenance hasn't fixed them yet.,2026-08-25 07:49:03,Hostel,review,2
dustbins in cafeteria annex area overflow during lunch rush hours,2026-08-25 08:20:33,Cleanliness,survey,2
juice bar offers great healthy options at subsidized student rates,2026-08-25 08:51:02,Cafeteria,email,5
acoustics in the main auditorium were distorted during the musical evening,2026-08-25 09:11:47,Events,feedback form,3
coffee machine in main canteen was broken for two days,2026-08-25 09:13:32,Cafeteria,support ticket,2
weekend transit schedule should include an extra night service from metro station,2026-08-25 09:22:40,Transportation,feedback form,3
online fee receipt generation is instant and hassle-free,2026-08-25 09:29:38,Fees,review,4
bus frequency during peak evening hours between 5pm-6pm is adequate,2026-08-25 09:50:00,Transportation,review,4
"transcript request was processed within 2 working days, very impressed",2026-08-25 10:11:04,Administration,support ticket,5
Hot water is rarely available in block A bathrooms during morning hours.,2026-08-25 10:11:57,Hostel,review,2
acoustics in the main auditorium were distorted during the musical evening,2026-08-25 11:04:19,Events,survey,3
need more copies of the latest edition algorithms reference book,2026-08-25 11:40:23,Library,review,3
"Hostel Block D has zero Wi-Fi signal in corner rooms, forced to use mobile hotspot.",2026-08-25 12:03:29,Hostel,feedback form,2
morning breakfast poha and upma are quite decent and fresh,2026-08-25 12:10:10,Cafeteria,survey,4
bus frequency during peak evening hours between 5pm-6pm is adequate,2026-08-25 12:10:21,Transportation,email,4
Wi-Fi in hostel common room has been down for three days straight.,2026-08-25 12:11:41,Hostel,support ticket,1
study desks in quiet section are comfortable and well-lit,2026-08-25 12:31:47,Library,email,5
"food quality is mediocre, especially dinner menu is repetitive",2026-08-25 13:03:50,Cafeteria,review,2
campus security personnel are vigilant and polite at main vehicle checkpost,2026-08-25 13:59:26,Security,feedback form,5
dustbins in cafeteria annex area overflow during lunch rush hours,2026-08-25 14:10:30,Cleanliness,email,2
"driver on route 7 drives aggressively on speed breakers, please check",2026-08-25 14:13:14,Transportation,feedback form,2
long queues at student welfare window due to single staff member operating,2026-08-25 14:19:56,Administration,email,2
weekend transit schedule should include an extra night service from metro station,2026-08-25 14:43:54,Transportation,review,3
"Hostel bathroom cleanliness is substandard, cleaning staff does not show up daily.",2026-08-25 14:59:30,Hostel,review,1
study desks in quiet section are comfortable and well-lit,2026-08-25 15:17:36,Library,survey,5
"food quality is mediocre, especially dinner menu is repetitive",2026-08-25 15:40:19,Cafeteria,feedback form,2
schedule for end semester practical exams overlaps with elective test,2026-08-25 15:43:37,Academics,feedback form,2
"transcript request was processed within 2 working days, very impressed",2026-08-25 15:58:12,Administration,feedback form,5
online fee receipt generation is instant and hassle-free,2026-08-25 16:44:18,Fees,review,4
digital library terminal mice are sticky and need replacement,2026-08-25 16:53:35,Library,review,2
"street lights near basketball court are flickering, feels unsafe at night",2026-08-25 17:20:46,Security,survey,2
"transcript request was processed within 2 working days, very impressed",2026-08-25 17:55:14,Administration,email,5
bus frequency during peak evening hours between 5pm-6pm is adequate,2026-08-25 18:05:01,Transportation,email,4
campus grounds are kept remarkably green and litter-free,2026-08-25 18:13:06,Cleanliness,feedback form,5
online fee receipt generation is instant and hassle-free,2026-08-25 18:35:03,Fees,feedback form,4
bus frequency during peak evening hours between 5pm-6pm is adequate,2026-08-25 18:45:09,Transportation,review,4
classroom projectors in block 2 have low lamp brightness,2026-08-25 19:00:39,Facilities,email,2
late fee penalty policy is too rigid when bank server transactions fail,2026-08-25 19:03:31,Fees,feedback form,2
"driver on route 7 drives aggressively on speed breakers, please check",2026-08-25 20:06:58,Transportation,feedback form,2
restrooms in ground floor management block need more frequent checks,2026-08-25 20:08:07,Cleanliness,support ticket,2
digital library terminal mice are sticky and need replacement,2026-08-25 20:08:50,Library,email,2
online fee receipt generation is instant and hassle-free,2026-08-25 20:17:17,Fees,review,4
study desks in quiet section are comfortable and well-lit,2026-08-25 20:26:51,Library,review,5
late fee penalty policy is too rigid when bank server transactions fail,2026-08-25 20:37:08,Fees,support ticket,2
late fee penalty policy is too rigid when bank server transactions fail,2026-08-25 20:41:40,Fees,review,2
professors are approachable during designated office consultation hours,2026-08-25 20:42:11,Academics,support ticket,5
faculty feedback process is transparent and taken seriously by HOD,2026-08-25 20:46:13,Academics,review,4
"street lights near basketball court are flickering, feels unsafe at night",2026-08-25 21:04:20,Security,survey,2
online fee receipt generation is instant and hassle-free,2026-08-25 21:35:07,Fees,email,4
professors are approachable during designated office consultation hours,2026-08-25 21:39:48,Academics,feedback form,5
bus frequency during peak evening hours between 5pm-6pm is adequate,2026-08-25 22:05:31,Transportation,support ticket,4
"Plumbing maintenance in block B is very slow, taps are constantly dripping.",2026-08-25 22:27:00,Hostel,email,1
cultural fest organization was seamless and guest lectures were inspiring,2026-08-25 22:33:45,Events,email,5
long queues at student welfare window due to single staff member operating,2026-08-25 22:35:29,Administration,email,2
badminton court wooden flooring has been maintained in top shape,2026-08-25 22:36:03,Sports,survey,5
"transcript request was processed within 2 working days, very impressed",2026-08-25 23:20:39,Administration,support ticket,5
"transcript request was processed within 2 working days, very impressed",2026-08-26 00:27:48,Administration,feedback form,5
long queues at student welfare window due to single staff member operating,2026-08-26 00:51:32,Administration,feedback form,2
late fee penalty policy is too rigid when bank server transactions fail,2026-08-26 01:09:59,Fees,email,2
online fee receipt generation is instant and hassle-free,2026-08-26 01:43:44,Fees,survey,4
need more copies of the latest edition algorithms reference book,2026-08-26 01:49:02,Library,email,3
need more copies of the latest edition algorithms reference book,2026-08-26 01:54:50,Library,support ticket,3
restrooms in ground floor management block need more frequent checks,2026-08-26 02:11:18,Cleanliness,support ticket,2
elevator in engineering block was under maintenance during morning rush,2026-08-26 02:16:44,Facilities,feedback form,2
acoustics in the main auditorium were distorted during the musical evening,2026-08-26 02:30:04,Events,support ticket,3
bus frequency during peak evening hours between 5pm-6pm is adequate,2026-08-26 02:40:50,Transportation,survey,4
cultural fest organization was seamless and guest lectures were inspiring,2026-08-26 02:59:11,Events,support ticket,5
"hostle mess food is so cold by 7pm, not even eatable seriously :(",2026-08-26 03:41:42,Library,support ticket,5
"Plumbing maintenance in block B is very slow, taps are constantly dripping.",2026-08-26 03:43:34,Hostel,survey,1
acoustics in the main auditorium were distorted during the musical evening,2026-08-26 04:38:04,Events,support ticket,3
bus frequency during peak evening hours between 5pm-6pm is adequate,2026-08-26 04:58:01,Transportation,email,4
faculty feedback process is transparent and taken seriously by HOD,2026-08-26 05:06:46,Academics,support ticket,4
long queues at student welfare window due to single staff member operating,2026-08-26 05:08:54,Administration,support ticket,2
"food quality is mediocre, especially dinner menu is repetitive",2026-08-26 05:11:27,Cafeteria,support ticket,2
late fee penalty policy is too rigid when bank server transactions fail,2026-08-26 05:58:27,Fees,feedback form,2
morning breakfast poha and upma are quite decent and fresh,2026-08-26 06:06:03,Cafeteria,email,4
late fee penalty policy is too rigid when bank server transactions fail,2026-08-26 06:27:06,Fees,support ticket,2
profesor did not upload slides before midsem exam... vry frustrating.,2026-08-26 06:51:55,Facilities,survey,5
campus grounds are kept remarkably green and litter-free,2026-08-26 07:23:12,Cleanliness,support ticket,5
campus grounds are kept remarkably green and litter-free,2026-08-26 07:35:33,Cleanliness,survey,5
lab equipment for digital electronics is outdated and some kits are faulty,2026-08-26 07:35:45,Academics,review,2
morning breakfast poha and upma are quite decent and fresh,2026-08-26 07:53:18,Cafeteria,feedback form,4
elevator in engineering block was under maintenance during morning rush,2026-08-26 07:53:43,Facilities,email,2
need more copies of the latest edition algorithms reference book,2026-08-26 08:00:18,Library,feedback form,3
need more copies of the latest edition algorithms reference book,2026-08-26 08:05:29,Library,email,3
late fee penalty policy is too rigid when bank server transactions fail,2026-08-26 08:11:06,Fees,feedback form,2
classroom projectors in block 2 have low lamp brightness,2026-08-26 08:15:25,Facilities,support ticket,2
Security at night gate is stopping day-scholars unnecessarily without reason.,2026-08-26 10:03:28,Facilities,review,1
schedule for end semester practical exams overlaps with elective test,2026-08-26 10:07:14,Academics,review,2
need more copies of the latest edition algorithms reference book,2026-08-26 10:33:59,Library,feedback form,3
cricket nets require replacement as the netting has torn at several places,2026-08-26 10:36:35,Sports,survey,2
cricket nets require replacement as the netting has torn at several places,2026-08-26 10:55:52,Sports,survey,2
schedule for end semester practical exams overlaps with elective test,2026-08-26 10:56:37,Academics,feedback form,2
late fee penalty policy is too rigid when bank server transactions fail,2026-08-26 11:20:36,Fees,email,2
professors are approachable during designated office consultation hours,2026-08-26 11:50:41,Academics,feedback form,5
"driver on route 7 drives aggressively on speed breakers, please check",2026-08-26 12:26:54,Transportation,survey,2
"wifi disconnect issue in reading hall again and again, plz fix ASAP",2026-08-26 12:29:17,Library,email,2
cricket nets require replacement as the netting has torn at several places,2026-08-26 12:44:28,Sports,survey,2
Cannot download research papers from library digital section due to no Wi-Fi.,2026-08-26 12:55:06,Library,review,1
"street lights near basketball court are flickering, feels unsafe at night",2026-08-26 13:02:29,Security,survey,2
late fee penalty policy is too rigid when bank server transactions fail,2026-08-26 13:20:58,Fees,review,2
Frequent packet drops on campus Wi-Fi make attending virtual lectures impossible.,2026-08-26 13:33:13,Wi-Fi/Internet,feedback form,1
Drainage in ground floor washroom gets clogged every few days.,2026-08-26 13:40:51,Hostel,feedback form,2
cricket nets require replacement as the netting has torn at several places,2026-08-26 14:04:41,Sports,support ticket,2
professors are approachable during designated office consultation hours,2026-08-26 14:21:58,Academics,email,5
badminton court wooden flooring has been maintained in top shape,2026-08-26 14:38:31,Sports,feedback form,5
elevator in engineering block was under maintenance during morning rush,2026-08-26 14:42:08,Facilities,support ticket,2
"Wi-Fi disconnects every 15 minutes during project work, unbearable!",2026-08-26 15:00:09,Wi-Fi/Internet,support ticket,1
Drainage in ground floor washroom gets clogged every few days.,2026-08-26 15:06:52,Hostel,survey,2
acoustics in the main auditorium were distorted during the musical evening,2026-08-26 16:09:01,Events,review,3
acoustics in the main auditorium were distorted during the musical evening,2026-08-26 16:21:13,Events,review,3
"Hostel warden resolved the water cooler issue promptly, thank you.",2026-08-26 16:30:05,Cafeteria,email,2
restrooms in ground floor management block need more frequent checks,2026-08-26 17:09:21,Cleanliness,email,2
acoustics in the main auditorium were distorted during the musical evening,2026-08-26 17:16:49,Events,survey,3
Security at night gate is stopping day-scholars unnecessarily without reason.,2026-08-26 17:26:23,Facilities,survey,3
Drainage in ground floor washroom gets clogged every few days.,2026-08-26 17:45:27,Hostel,feedback form,2
schedule for end semester practical exams overlaps with elective test,2026-08-26 18:55:38,Academics,survey,2
cricket nets require replacement as the netting has torn at several places,2026-08-26 19:28:24,Sports,survey,2
bus frequency during peak evening hours between 5pm-6pm is adequate,2026-08-26 19:48:00,Transportation,email,4
"street lights near basketball court are flickering, feels unsafe at night",2026-08-26 20:52:17,Security,email,2
water coolers on third floor are functioning smoothly and chilled,2026-08-26 21:09:05,Facilities,review,4
campus grounds are kept remarkably green and litter-free,2026-08-26 21:22:25,Cleanliness,support ticket,5
Central library Wi-Fi connectivity is extremely unstable this week,2026-08-26 22:12:28,Library,survey,2
cricket nets require replacement as the netting has torn at several places,2026-08-26 22:28:45,Sports,review,2
lab equipment for digital electronics is outdated and some kits are faulty,2026-08-26 22:37:27,Academics,review,2
online fee receipt generation is instant and hassle-free,2026-08-26 22:46:37,Fees,email,4
schedule for end semester practical exams overlaps with elective test,2026-08-26 22:47:56,Academics,review,2
mess cutlery is often greasy and not cleaned thoroughly,2026-08-26 22:56:52,Cafeteria,survey,1
elevator in engineering block was under maintenance during morning rush,2026-08-26 23:01:39,Facilities,review,2
"transcript request was processed within 2 working days, very impressed",2026-08-26 23:20:56,Administration,survey,5
"Library wifi keeps dropping connection every 10 minutes, cannot study",2026-08-26 23:25:34,Library,review,2
bus frequency during peak evening hours between 5pm-6pm is adequate,2026-08-26 23:29:52,Transportation,feedback form,4
classroom projectors in block 2 have low lamp brightness,2026-08-26 23:32:51,Facilities,feedback form,2
bus frequency during peak evening hours between 5pm-6pm is adequate,2026-08-26 23:36:14,Transportation,email,4
water coolers on third floor are functioning smoothly and chilled,2026-08-26 23:40:55,Facilities,feedback form,4
"transcript request was processed within 2 working days, very impressed",2026-08-27 01:31:32,Administration,survey,5
campus security personnel are vigilant and polite at main vehicle checkpost,2026-08-27 01:31:42,Security,email,5
long queues at student welfare window due to single staff member operating,2026-08-27 02:21:17,Administration,survey,2
professors are approachable during designated office consultation hours,2026-08-27 02:31:11,Academics,support ticket,5
"driver on route 7 drives aggressively on speed breakers, please check",2026-08-27 02:34:06,Transportation,feedback form,2
campus grounds are kept remarkably green and litter-free,2026-08-27 02:34:34,Cleanliness,support ticket,5
"transcript request was processed within 2 working days, very impressed",2026-08-27 02:53:22,Administration,support ticket,5
cricket nets require replacement as the netting has torn at several places,2026-08-27 02:54:01,Sports,support ticket,2
late fee penalty policy is too rigid when bank server transactions fail,2026-08-27 03:40:10,Fees,support ticket,2
weekend transit schedule should include an extra night service from metro station,2026-08-27 03:42:55,Transportation,feedback form,3
juice bar offers great healthy options at subsidized student rates,2026-08-27 03:56:58,Cafeteria,email,5
"driver on route 7 drives aggressively on speed breakers, please check",2026-08-27 04:00:41,Transportation,review,2
late fee penalty policy is too rigid when bank server transactions fail,2026-08-27 04:03:45,Fees,review,2
"driver on route 7 drives aggressively on speed breakers, please check",2026-08-27 04:35:00,Transportation,support ticket,2
digital library terminal mice are sticky and need replacement,2026-08-27 04:41:38,Library,review,2
"street lights near basketball court are flickering, feels unsafe at night",2026-08-27 05:32:14,Security,feedback form,2
juice bar offers great healthy options at subsidized student rates,2026-08-27 05:38:26,Cafeteria,email,5
long queues at student welfare window due to single staff member operating,2026-08-27 07:47:49,Administration,feedback form,2
Wi-Fi in hostel common room has been down for three days straight.,2026-08-27 08:39:55,Hostel,survey,2
digital library terminal mice are sticky and need replacement,2026-08-27 08:44:12,Library,support ticket,2
need more copies of the latest edition algorithms reference book,2026-08-27 08:46:07,Library,support ticket,3
"wifi disconnect issue in reading hall again and again, plz fix ASAP",2026-08-27 09:27:59,Library,support ticket,2
Library staff was very helpful with issuing reference textbooks today.,2026-08-27 09:55:58,Academics,email,2
late fee penalty policy is too rigid when bank server transactions fail,2026-08-27 10:43:44,Fees,survey,2
digital library terminal mice are sticky and need replacement,2026-08-27 10:58:56,Library,feedback form,2
"transcript request was processed within 2 working days, very impressed",2026-08-27 11:32:31,Administration,support ticket,5
Bathroom flush in hostel room 304 not working properly since two weeks.,2026-08-27 11:49:43,Hostel,survey,1
need more copies of the latest edition algorithms reference book,2026-08-27 12:37:35,Library,feedback form,3
online fee receipt generation is instant and hassle-free,2026-08-27 12:46:00,Fees,feedback form,4
water coolers on third floor are functioning smoothly and chilled,2026-08-27 13:16:21,Facilities,survey,4
need more copies of the latest edition algorithms reference book,2026-08-27 13:20:34,Library,review,3
campus grounds are kept remarkably green and litter-free,2026-08-27 13:51:51,Cleanliness,feedback form,5
,2026-08-27 14:25:40,Wi-Fi/Internet,survey,1
late fee penalty policy is too rigid when bank server transactions fail,2026-08-27 14:38:01,Fees,survey,2
digital library terminal mice are sticky and need replacement,2026-08-27 14:55:22,Library,feedback form,2
"transcript request was processed within 2 working days, very impressed",2026-08-27 15:00:56,Administration,review,5
"transcript request was processed within 2 working days, very impressed",2026-08-27 15:08:15,Administration,email,5
coffee machine in main canteen was broken for two days,2026-08-27 15:33:11,Cafeteria,feedback form,2
study desks in quiet section are comfortable and well-lit,2026-08-27 15:40:25,Library,support ticket,5
study desks in quiet section are comfortable and well-lit,2026-08-27 16:09:59,Library,feedback form,5
lab equipment for digital electronics is outdated and some kits are faulty,2026-08-27 16:36:54,Academics,review,2
bus frequency during peak evening hours between 5pm-6pm is adequate,2026-08-27 17:13:45,Transportation,review,4
Water pressure in 4th floor hostel showers is almost zero in the morning.,2026-08-27 17:16:24,Hostel,support ticket,1
late fee penalty policy is too rigid when bank server transactions fail,2026-08-27 17:16:48,Fees,survey,2
classroom projectors in block 2 have low lamp brightness,2026-08-27 17:40:19,Facilities,email,2
faculty feedback process is transparent and taken seriously by HOD,2026-08-27 18:29:18,Academics,review,4
late fee penalty policy is too rigid when bank server transactions fail,2026-08-27 18:48:12,Fees,feedback form,2
"street lights near basketball court are flickering, feels unsafe at night",2026-08-27 18:53:11,Security,support ticket,2
long queues at student welfare window due to single staff member operating,2026-08-27 18:56:33,Administration,survey,2
online fee receipt generation is instant and hassle-free,2026-08-27 19:06:30,Fees,survey,4
Cannot download research papers from library digital section due to no Wi-Fi.,2026-08-27 19:07:36,Library,support ticket,2
cricket nets require replacement as the netting has torn at several places,2026-08-27 19:08:45,Sports,survey,2
cricket nets require replacement as the netting has torn at several places,2026-08-27 19:34:07,Sports,review,2
late fee penalty policy is too rigid when bank server transactions fail,2026-08-27 19:48:01,Fees,email,2
"transcript request was processed within 2 working days, very impressed",2026-08-27 20:53:09,Administration,email,5
"driver on route 7 drives aggressively on speed breakers, please check",2026-08-27 21:04:24,Transportation,survey,2
classroom projectors in block 2 have low lamp brightness,2026-08-27 21:07:59,Facilities,survey,2
need more copies of the latest edition algorithms reference book,2026-08-27 21:46:14,Library,support ticket,3
classroom projectors in block 2 have low lamp brightness,2026-08-27 22:11:19,Facilities,support ticket,2
Internet keeps shutting off while researching in the university library,2026-08-27 22:17:08,Library,support ticket,2
Drainage in ground floor washroom gets clogged every few days.,2026-08-27 23:04:09,Hostel,feedback form,1
water coolers on third floor are functioning smoothly and chilled,2026-08-27 23:45:44,Facilities,review,4
"driver on route 7 drives aggressively on speed breakers, please check",2026-08-27 23:46:28,Transportation,email,2
"transcript request was processed within 2 working days, very impressed",2026-08-27 23:47:51,Administration,email,5
weekend transit schedule should include an extra night service from metro station,2026-08-27 23:54:00,Transportation,feedback form,3
"Gym treadmill belt is slipping, safety hazard!! kindly look into this matter.",2026-08-28 00:18:48,Cleanliness,survey,1
classroom projectors in block 2 have low lamp brightness,2026-08-28 00:24:50,Facilities,survey,2
"transcript request was processed within 2 working days, very impressed",2026-08-28 00:33:00,Administration,feedback form,5
water coolers on third floor are functioning smoothly and chilled,2026-08-28 00:50:35,Facilities,email,4
"street lights near basketball court are flickering, feels unsafe at night",2026-08-28 01:28:00,Security,email,2
"hostle mess food is so cold by 7pm, not even eatable seriously :(",2026-08-28 01:36:28,Security,survey,4
"Terrible network latency on campus Wi-Fi, even Google searches fail to load.",2026-08-28 01:59:21,Wi-Fi/Internet,feedback form,1
Air conditioning in seminar hall 2 is leaking water on the front row seats.,2026-08-28 02:00:20,Fees,feedback form,2
digital library terminal mice are sticky and need replacement,2026-08-28 02:10:01,Library,review,2
online fee receipt generation is instant and hassle-free,2026-08-28 02:23:08,Fees,feedback form,4
Wi-Fi authentication gateway times out repeatedly when submitting assignments.,2026-08-28 02:39:45,Wi-Fi/Internet,email,2
water coolers on third floor are functioning smoothly and chilled,2026-08-28 02:51:52,Facilities,survey,4
campus security personnel are vigilant and polite at main vehicle checkpost,2026-08-28 02:57:37,Security,support ticket,5
classroom projectors in block 2 have low lamp brightness,2026-08-28 03:17:52,Facilities,feedback form,2
need more copies of the latest edition algorithms reference book,2026-08-28 03:24:54,Library,support ticket,3
cultural fest organization was seamless and guest lectures were inspiring,2026-08-28 03:37:24,Events,survey,5
campus grounds are kept remarkably green and litter-free,2026-08-28 03:46:28,Cleanliness,email,5
Internet in common areas is completely unusable after the recent router update.,2026-08-28 04:06:08,Wi-Fi/Internet,support ticket,1
badminton court wooden flooring has been maintained in top shape,2026-08-28 04:21:30,Sports,email,5
Wi-Fi authentication gateway times out repeatedly when submitting assignments.,2026-08-28 04:27:58,Wi-Fi/Internet,review,1
morning breakfast poha and upma are quite decent and fresh,2026-08-28 04:42:17,Cafeteria,feedback form,4
Hostel geysers in block C are still leaking despite repeated complaints.,2026-08-28 04:55:16,Hostel,feedback form,2
digital library terminal mice are sticky and need replacement,2026-08-28 04:58:20,Library,support ticket,2
Frequent packet drops on campus Wi-Fi make attending virtual lectures impossible.,2026-08-28 04:59:35,Wi-Fi/Internet,review,1
bus frequency during peak evening hours between 5pm-6pm is adequate,2026-08-28 05:35:09,Transportation,survey,4
badminton court wooden flooring has been maintained in top shape,2026-08-28 05:53:25,Sports,support ticket,5
restrooms in ground floor management block need more frequent checks,2026-08-28 06:35:29,Cleanliness,feedback form,2
acoustics in the main auditorium were distorted during the musical evening,2026-08-28 06:51:13,Events,feedback form,3
need more copies of the latest edition algorithms reference book,2026-08-28 06:54:38,Library,survey,3
"Hostel warden resolved the water cooler issue promptly, thank you.",2026-08-28 06:54:51,Cleanliness,email,5
restrooms in ground floor management block need more frequent checks,2026-08-28 07:15:00,Cleanliness,support ticket,2
restrooms in ground floor management block need more frequent checks,2026-08-28 07:28:06,Cleanliness,survey,2
Unable to attend online lab sessions because the Wi-Fi signal drops constantly.,2026-08-28 07:32:52,Wi-Fi/Internet,feedback form,2
Internet in common areas is completely unusable after the recent router update.,2026-08-28 07:39:20,Wi-Fi/Internet,email,2
badminton court wooden flooring has been maintained in top shape,2026-08-28 07:53:26,Sports,feedback form,5
elevator in engineering block was under maintenance during morning rush,2026-08-28 07:55:48,Facilities,review,2
lab equipment for digital electronics is outdated and some kits are faulty,2026-08-28 07:57:16,Academics,support ticket,2
cultural fest organization was seamless and guest lectures were inspiring,2026-08-28 08:40:40,Events,email,5
Unable to attend online lab sessions because the Wi-Fi signal drops constantly.,2026-08-28 09:04:13,Wi-Fi/Internet,email,2
Campus internet speed has plummeted drastically this week.,2026-08-28 09:11:44,Wi-Fi/Internet,review,1
acoustics in the main auditorium were distorted during the musical evening,2026-08-28 09:15:09,Events,survey,3
cultural fest organization was seamless and guest lectures were inspiring,2026-08-28 09:42:17,Events,feedback form,5
Hostel geysers in block C are still leaking despite repeated complaints.,2026-08-28 09:52:05,Hostel,survey,2
online fee receipt generation is instant and hassle-free,2026-08-28 10:06:58,Fees,email,4
Unable to attend online lab sessions because the Wi-Fi signal drops constantly.,2026-08-28 10:08:09,Wi-Fi/Internet,survey,1
Library reading room Wi-Fi fails every time more than 20 students join.,2026-08-28 10:21:21,Library,survey,2
Cannot download research papers from library digital section due to no Wi-Fi.,2026-08-28 10:42:50,Library,survey,2
"Terrible network latency on campus Wi-Fi, even Google searches fail to load.",2026-08-28 11:09:23,Wi-Fi/Internet,feedback form,1
digital library terminal mice are sticky and need replacement,2026-08-28 11:19:16,Library,email,2
study desks in quiet section are comfortable and well-lit,2026-08-28 11:23:54,Library,survey,5
long queues at student welfare window due to single staff member operating,2026-08-28 11:29:36,Administration,feedback form,2
elevator in engineering block was under maintenance during morning rush,2026-08-28 11:38:09,Facilities,email,2
Drainage in ground floor washroom gets clogged every few days.,2026-08-28 11:50:43,Hostel,survey,1
acoustics in the main auditorium were distorted during the musical evening,2026-08-28 12:47:07,Events,email,3
elevator in engineering block was under maintenance during morning rush,2026-08-28 13:02:51,Facilities,feedback form,2
Frequent packet drops on campus Wi-Fi make attending virtual lectures impossible.,2026-08-28 13:10:40,Wi-Fi/Internet,survey,1
"Terrible network latency on campus Wi-Fi, even Google searches fail to load.",2026-08-28 13:14:30,Wi-Fi/Internet,review,2
Internet in common areas is completely unusable after the recent router update.,2026-08-28 13:39:21,Wi-Fi/Internet,feedback form,2
campus grounds are kept remarkably green and litter-free,2026-08-28 13:39:45,Cleanliness,feedback form,5
elevator in engineering block was under maintenance during morning rush,2026-08-28 13:49:09,Facilities,review,2
"Wi-Fi disconnects every 15 minutes during project work, unbearable!",2026-08-28 14:10:21,Wi-Fi/Internet,support ticket,2
online fee receipt generation is instant and hassle-free,2026-08-28 14:35:19,Fees,email,4
wifi keeps disconnecting in library,2026-08-28 14:59:48,Library,support ticket,2
"Terrible network latency on campus Wi-Fi, even Google searches fail to load.",2026-08-28 15:00:40,Wi-Fi/Internet,feedback form,1
morning breakfast poha and upma are quite decent and fresh,2026-08-28 15:05:34,Cafeteria,survey,4
"street lights near basketball court are flickering, feels unsafe at night",2026-08-28 15:30:18,Security,survey,2
classroom projectors in block 2 have low lamp brightness,2026-08-28 15:37:34,Facilities,review,2
Campus internet speed has plummeted drastically this week.,2026-08-28 15:38:24,Wi-Fi/Internet,feedback form,1
"Wi-Fi disconnects every 15 minutes during project work, unbearable!",2026-08-28 16:20:40,Wi-Fi/Internet,review,1
cricket nets require replacement as the netting has torn at several places,2026-08-28 16:24:36,Sports,email,2
mess cutlery is often greasy and not cleaned thoroughly,2026-08-28 17:20:03,Cafeteria,support ticket,1
online fee receipt generation is instant and hassle-free,2026-08-28 18:05:10,Fees,email,4
campus grounds are kept remarkably green and litter-free,2026-08-28 18:10:28,Cleanliness,review,5
Campus internet speed has plummeted drastically this week.,2026-08-28 18:17:38,Wi-Fi/Internet,feedback form,1
"Terrible network latency on campus Wi-Fi, even Google searches fail to load.",2026-08-28 19:09:01,Wi-Fi/Internet,feedback form,2
badminton court wooden flooring has been maintained in top shape,2026-08-28 19:11:37,Sports,email,5
Campus internet speed has plummeted drastically this week.,2026-08-28 19:35:59,Wi-Fi/Internet,email,1
online fee receipt generation is instant and hassle-free,2026-08-28 20:03:50,Fees,support ticket,4
Wi-Fi keeps kicking devices off the network every few minutes.,2026-08-28 20:06:11,Wi-Fi/Internet,survey,2
Bathroom flush in hostel room 304 not working properly since two weeks.,2026-08-28 20:06:51,Hostel,feedback form,2
Security at night gate is stopping day-scholars unnecessarily without reason.,2026-08-28 20:09:07,Security,survey,1
mess cutlery is often greasy and not cleaned thoroughly,2026-08-28 20:11:58,Cafeteria,review,1
"transcript request was processed within 2 working days, very impressed",2026-08-28 20:17:52,Administration,email,5
schedule for end semester practical exams overlaps with elective test,2026-08-28 20:35:12,Academics,review,2
bus frequency during peak evening hours between 5pm-6pm is adequate,2026-08-28 20:43:13,Transportation,review,4
cricket nets require replacement as the netting has torn at several places,2026-08-28 21:03:09,Sports,support ticket,2
mess cutlery is often greasy and not cleaned thoroughly,2026-08-28 21:08:02,Cafeteria,feedback form,1
Wi-Fi authentication gateway times out repeatedly when submitting assignments.,2026-08-28 21:11:59,Wi-Fi/Internet,email,1
campus security personnel are vigilant and polite at main vehicle checkpost,2026-08-28 21:13:54,Security,feedback form,5
"Wi-Fi disconnects every 15 minutes during project work, unbearable!",2026-08-28 21:15:17,Wi-Fi/Internet,review,2
classroom projectors in block 2 have low lamp brightness,2026-08-28 21:23:01,Facilities,survey,2
online fee receipt generation is instant and hassle-free,2026-08-28 21:25:46,Fees,support ticket,4
dustbins in cafeteria annex area overflow during lunch rush hours,2026-08-28 21:36:11,Cleanliness,survey,2
need more copies of the latest edition algorithms reference book,2026-08-28 21:38:23,Library,support ticket,3
"Terrible network latency on campus Wi-Fi, even Google searches fail to load.",2026-08-28 21:39:19,Wi-Fi/Internet,email,1
"Hostel bathroom cleanliness is substandard, cleaning staff does not show up daily.",2026-08-28 21:42:26,Hostel,email,1
Frequent packet drops on campus Wi-Fi make attending virtual lectures impossible.,2026-08-28 21:51:26,Wi-Fi/Internet,support ticket,1
Internet in common areas is completely unusable after the recent router update.,2026-08-28 22:08:30,Wi-Fi/Internet,email,2
schedule for end semester practical exams overlaps with elective test,2026-08-28 22:37:33,Academics,review,2
Campus internet speed has plummeted drastically this week.,2026-08-28 22:44:56,Wi-Fi/Internet,survey,1
campus grounds are kept remarkably green and litter-free,2026-08-28 22:51:36,Cleanliness,review,5
long queues at student welfare window due to single staff member operating,2026-08-28 22:55:53,Administration,feedback form,2
restrooms in ground floor management block need more frequent checks,2026-08-28 22:58:40,Cleanliness,survey,2
Frequent packet drops on campus Wi-Fi make attending virtual lectures impossible.,2026-08-28 22:59:20,Wi-Fi/Internet,email,1
"Wi-Fi disconnects every 15 minutes during project work, unbearable!",2026-08-28 23:04:34,Wi-Fi/Internet,support ticket,1
Internet in common areas is completely unusable after the recent router update.,2026-08-28 23:19:18,Wi-Fi/Internet,support ticket,2
late fee penalty policy is too rigid when bank server transactions fail,2026-08-28 23:25:38,Fees,feedback form,2
elevator in engineering block was under maintenance during morning rush,2026-08-28 23:31:11,Facilities,review,2
professors are approachable during designated office consultation hours,2026-08-28 23:57:24,Academics,review,5
"driver on route 7 drives aggressively on speed breakers, please check",2026-08-29 00:20:46,Transportation,survey,2
need more copies of the latest edition algorithms reference book,2026-08-29 00:50:43,Library,feedback form,3
Frequent packet drops on campus Wi-Fi make attending virtual lectures impossible.,2026-08-29 01:15:51,Wi-Fi/Internet,survey,1
"transcript request was processed within 2 working days, very impressed",2026-08-29 01:22:19,Administration,support ticket,5
cricket nets require replacement as the netting has torn at several places,2026-08-29 01:23:13,Sports,email,2
acoustics in the main auditorium were distorted during the musical evening,2026-08-29 01:50:37,Events,email,3
Internet in common areas is completely unusable after the recent router update.,2026-08-29 02:06:12,Wi-Fi/Internet,email,1
Frequent packet drops on campus Wi-Fi make attending virtual lectures impossible.,2026-08-29 02:13:43,Wi-Fi/Internet,email,2
Fees payment portal debited my account twice!! Kindly revert the amount quickly.,2026-08-29 03:04:11,Cafeteria,feedback form,5
lab equipment for digital electronics is outdated and some kits are faulty,2026-08-29 03:06:35,Academics,email,2
"Hostel bathroom cleanliness is substandard, cleaning staff does not show up daily.",2026-08-29 03:25:48,Hostel,support ticket,2
Submission portal timed out during class quiz due to poor lecture hall Wi-Fi.,2026-08-29 03:35:12,Academics,survey,1
elevator in engineering block was under maintenance during morning rush,2026-08-29 03:48:25,Facilities,feedback form,2
Unable to attend online lab sessions because the Wi-Fi signal drops constantly.,2026-08-29 04:03:12,Wi-Fi/Internet,review,1
acoustics in the main auditorium were distorted during the musical evening,2026-08-29 04:04:41,Events,support ticket,3
badminton court wooden flooring has been maintained in top shape,2026-08-29 04:10:13,Sports,survey,5
"Wi-Fi disconnects every 15 minutes during project work, unbearable!",2026-08-29 04:11:54,Wi-Fi/Internet,support ticket,2
"street lights near basketball court are flickering, feels unsafe at night",2026-08-29 04:16:10,Security,support ticket,2
cultural fest organization was seamless and guest lectures were inspiring,2026-08-29 04:31:05,Events,support ticket,5
schedule for end semester practical exams overlaps with elective test,2026-08-29 04:44:01,Academics,feedback form,2
"food quality is mediocre, especially dinner menu is repetitive",2026-08-29 05:11:10,Cafeteria,feedback form,2
cultural fest organization was seamless and guest lectures were inspiring,2026-08-29 05:17:51,Events,email,5
Continuous wi-fi dropouts while studying on 2nd floor of library,2026-08-29 05:17:57,Library,review,2
restrooms in ground floor management block need more frequent checks,2026-08-29 05:45:35,Cleanliness,email,2
"transcript request was processed within 2 working days, very impressed",2026-08-29 06:04:00,Administration,survey,5
cricket nets require replacement as the netting has torn at several places,2026-08-29 06:05:03,Sports,email,2
Campus internet speed has plummeted drastically this week.,2026-08-29 07:02:06,Wi-Fi/Internet,survey,2
long queues at student welfare window due to single staff member operating,2026-08-29 07:14:26,Administration,survey,2
Frequent packet drops on campus Wi-Fi make attending virtual lectures impossible.,2026-08-29 07:18:38,Wi-Fi/Internet,review,2
acoustics in the main auditorium were distorted during the musical evening,2026-08-29 07:19:05,Events,support ticket,3
digital library terminal mice are sticky and need replacement,2026-08-29 07:49:12,Library,feedback form,2
Submission portal timed out during class quiz due to poor lecture hall Wi-Fi.,2026-08-29 07:50:20,Academics,feedback form,1
Library reading room Wi-Fi fails every time more than 20 students join.,2026-08-29 08:06:59,Library,feedback form,2
restrooms in ground floor management block need more frequent checks,2026-08-29 08:16:07,Cleanliness,review,2
"driver on route 7 drives aggressively on speed breakers, please check",2026-08-29 09:27:56,Transportation,survey,2
Hostel room switchboards are loose and maintenance hasn't fixed them yet.,2026-08-29 09:28:23,Hostel,survey,1
campus security personnel are vigilant and polite at main vehicle checkpost,2026-08-29 10:01:47,Security,review,5
Hostel geysers in block C are still leaking despite repeated complaints.,2026-08-29 10:18:14,Hostel,feedback form,2
mess cutlery is often greasy and not cleaned thoroughly,2026-08-29 11:08:45,Cafeteria,survey,1
campus security personnel are vigilant and polite at main vehicle checkpost,2026-08-29 11:09:36,Security,support ticket,5
Air conditioning in seminar hall 2 is leaking water on the front row seats.,2026-08-29 11:39:17,Hostel,support ticket,2
Unable to attend online lab sessions because the Wi-Fi signal drops constantly.,2026-08-29 12:09:52,Wi-Fi/Internet,support ticket,1
campus security personnel are vigilant and polite at main vehicle checkpost,2026-08-29 12:15:10,Security,support ticket,5
Internet in common areas is completely unusable after the recent router update.,2026-08-29 12:15:21,Wi-Fi/Internet,feedback form,2
long queues at student welfare window due to single staff member operating,2026-08-29 12:28:12,Administration,email,2
Internet in common areas is completely unusable after the recent router update.,2026-08-29 12:30:14,Wi-Fi/Internet,survey,2
"food quality is mediocre, especially dinner menu is repetitive",2026-08-29 12:36:06,Cafeteria,support ticket,2
professors are approachable during designated office consultation hours,2026-08-29 12:37:14,Academics,support ticket,5
need more copies of the latest edition algorithms reference book,2026-08-29 12:40:54,Library,email,3
elevator in engineering block was under maintenance during morning rush,2026-08-29 12:42:29,Facilities,email,2
"driver on route 7 drives aggressively on speed breakers, please check",2026-08-29 12:44:09,Transportation,email,2
coffee machine in main canteen was broken for two days,2026-08-29 13:04:48,Cafeteria,email,2
"street lights near basketball court are flickering, feels unsafe at night",2026-08-29 13:23:16,Security,support ticket,2
bus frequency during peak evening hours between 5pm-6pm is adequate,2026-08-29 13:38:36,Transportation,email,4
Bathroom flush in hostel room 304 not working properly since two weeks.,2026-08-29 14:08:41,Hostel,feedback form,1
need more copies of the latest edition algorithms reference book,2026-08-29 14:13:24,Library,email,3
Campus internet speed has plummeted drastically this week.,2026-08-29 14:35:43,Wi-Fi/Internet,review,2
campus security personnel are vigilant and polite at main vehicle checkpost,2026-08-29 14:36:07,Security,feedback form,5
need more copies of the latest edition algorithms reference book,2026-08-29 14:39:07,Library,support ticket,3
"Wi-Fi disconnects every 15 minutes during project work, unbearable!",2026-08-29 14:51:30,Wi-Fi/Internet,support ticket,2
Water pressure in 4th floor hostel showers is almost zero in the morning.,2026-08-29 14:59:01,Hostel,support ticket,2
study desks in quiet section are comfortable and well-lit,2026-08-29 15:00:21,Library,survey,5
Campus internet speed has plummeted drastically this week.,2026-08-29 15:32:01,Wi-Fi/Internet,feedback form,1
cricket nets require replacement as the netting has torn at several places,2026-08-29 15:45:45,Sports,support ticket,2
Internet in common areas is completely unusable after the recent router update.,2026-08-29 15:54:53,Wi-Fi/Internet,feedback form,2
Campus internet speed has plummeted drastically this week.,2026-08-29 15:59:01,Wi-Fi/Internet,email,1
study desks in quiet section are comfortable and well-lit,2026-08-29 16:11:36,Library,survey,5
professors are approachable during designated office consultation hours,2026-08-29 16:14:23,Academics,support ticket,5
online fee receipt generation is instant and hassle-free,2026-08-29 16:27:16,Fees,survey,4
water coolers on third floor are functioning smoothly and chilled,2026-08-29 16:29:43,Facilities,review,4
wfi in cafetaria is totally not working yaar... plz do the needful ASAP!!,2026-08-29 16:37:38,Sports,feedback form,5
acoustics in the main auditorium were distorted during the musical evening,2026-08-29 16:52:31,Events,feedback form,3
Hostel room switchboards are loose and maintenance hasn't fixed them yet.,2026-08-29 16:54:40,Hostel,email,2
Wi-Fi keeps kicking devices off the network every few minutes.,2026-08-29 16:57:22,Wi-Fi/Internet,support ticket,1
restrooms in ground floor management block need more frequent checks,2026-08-29 17:04:03,Cleanliness,email,2
late fee penalty policy is too rigid when bank server transactions fail,2026-08-29 17:23:18,Fees,survey,2
bus frequency during peak evening hours between 5pm-6pm is adequate,2026-08-29 17:31:04,Transportation,feedback form,4
Security at night gate is stopping day-scholars unnecessarily without reason.,2026-08-29 17:32:19,Fees,review,3
"transcript request was processed within 2 working days, very impressed",2026-08-29 17:53:40,Administration,survey,5
cultural fest organization was seamless and guest lectures were inspiring,2026-08-29 18:07:38,Events,support ticket,5
Campus internet speed has plummeted drastically this week.,2026-08-29 18:30:23,Wi-Fi/Internet,review,2
bus frequency during peak evening hours between 5pm-6pm is adequate,2026-08-29 18:35:28,Transportation,feedback form,4
study desks in quiet section are comfortable and well-lit,2026-08-29 19:18:57,Library,email,5
Unable to attend online lab sessions because the Wi-Fi signal drops constantly.,2026-08-29 19:22:55,Wi-Fi/Internet,support ticket,2
"transcript request was processed within 2 working days, very impressed",2026-08-29 19:31:25,Administration,survey,5
campus security personnel are vigilant and polite at main vehicle checkpost,2026-08-29 19:32:41,Security,review,5
Frequent packet drops on campus Wi-Fi make attending virtual lectures impossible.,2026-08-29 19:33:02,Wi-Fi/Internet,survey,2
classroom projectors in block 2 have low lamp brightness,2026-08-29 19:39:08,Facilities,feedback form,2
acoustics in the main auditorium were distorted during the musical evening,2026-08-29 20:12:20,Events,review,3
Hot water is rarely available in block A bathrooms during morning hours.,2026-08-29 20:39:31,Hostel,email,1
digital library terminal mice are sticky and need replacement,2026-08-29 20:47:47,Library,survey,2
Unable to attend online lab sessions because the Wi-Fi signal drops constantly.,2026-08-29 20:55:45,Wi-Fi/Internet,review,1
wfi in cafetaria is totally not working yaar... plz do the needful ASAP!!,2026-08-29 21:01:20,Transportation,feedback form,1
water coolers on third floor are functioning smoothly and chilled,2026-08-29 21:14:16,Facilities,feedback form,4
study desks in quiet section are comfortable and well-lit,2026-08-29 21:42:43,Library,email,5
restrooms in ground floor management block need more frequent checks,2026-08-29 21:42:50,Cleanliness,feedback form,2
campus security personnel are vigilant and polite at main vehicle checkpost,2026-08-29 21:54:03,Security,email,5
cultural fest organization was seamless and guest lectures were inspiring,2026-08-29 22:14:51,Events,survey,5
need more copies of the latest edition algorithms reference book,2026-08-29 22:26:13,Library,review,3
digital library terminal mice are sticky and need replacement,2026-08-29 22:53:50,Library,email,2
cultural fest organization was seamless and guest lectures were inspiring,2026-08-29 22:56:52,Events,survey,5
wifi keeps disconnecting in library,2026-08-29 23:03:09,Library,feedback form,1
Internet in common areas is completely unusable after the recent router update.,2026-08-29 23:10:34,Wi-Fi/Internet,review,2
Wi-Fi authentication gateway times out repeatedly when submitting assignments.,2026-08-29 23:12:10,Wi-Fi/Internet,email,1
Wi-Fi keeps kicking devices off the network every few minutes.,2026-08-29 23:19:47,Wi-Fi/Internet,support ticket,1
Frequent packet drops on campus Wi-Fi make attending virtual lectures impossible.,2026-08-29 23:19:55,Wi-Fi/Internet,email,2
long queues at student welfare window due to single staff member operating,2026-08-29 23:26:21,Administration,feedback form,2
dustbins in cafeteria annex area overflow during lunch rush hours,2026-08-29 23:34:38,Cleanliness,feedback form,2
restrooms in ground floor management block need more frequent checks,2026-08-29 23:36:33,Cleanliness,email,2
cultural fest organization was seamless and guest lectures were inspiring,2026-08-29 23:48:39,Events,email,5
Library staff was very helpful with issuing reference textbooks today.,2026-08-30 00:05:48,Fees,support ticket,1
"street lights near basketball court are flickering, feels unsafe at night",2026-08-30 00:11:00,Security,support ticket,2
Water pressure in 4th floor hostel showers is almost zero in the morning.,2026-08-30 00:22:32,Hostel,feedback form,1
"transcript request was processed within 2 working days, very impressed",2026-08-30 00:23:43,Administration,survey,5
long queues at student welfare window due to single staff member operating,2026-08-30 00:45:34,Administration,review,2
digital library terminal mice are sticky and need replacement,2026-08-30 00:47:07,Library,support ticket,2
Internet in common areas is completely unusable after the recent router update.,2026-08-30 01:00:05,Wi-Fi/Internet,review,1
Frequent packet drops on campus Wi-Fi make attending virtual lectures impossible.,2026-08-30 01:39:54,Wi-Fi/Internet,review,1
Drainage in ground floor washroom gets clogged every few days.,2026-08-30 01:47:22,Hostel,email,1
acoustics in the main auditorium were distorted during the musical evening,2026-08-30 01:54:35,Events,survey,3
study desks in quiet section are comfortable and well-lit,2026-08-30 02:01:28,Library,review,5
schedule for end semester practical exams overlaps with elective test,2026-08-30 02:07:53,Academics,review,2
classroom projectors in block 2 have low lamp brightness,2026-08-30 02:30:30,Facilities,email,2
"street lights near basketball court are flickering, feels unsafe at night",2026-08-30 02:43:39,Security,feedback form,2
"Hostel Block D has zero Wi-Fi signal in corner rooms, forced to use mobile hotspot.",2026-08-30 02:48:42,Hostel,feedback form,2
schedule for end semester practical exams overlaps with elective test,2026-08-30 02:50:38,Academics,email,2
Frequent packet drops on campus Wi-Fi make attending virtual lectures impossible.,2026-08-30 03:06:59,Wi-Fi/Internet,feedback form,2
"Wi-Fi disconnects every 15 minutes during project work, unbearable!",2026-08-30 03:12:07,Wi-Fi/Internet,feedback form,2
dustbins in cafeteria annex area overflow during lunch rush hours,2026-08-30 03:32:21,Cleanliness,feedback form,2
juice bar offers great healthy options at subsidized student rates,2026-08-30 03:36:15,Cafeteria,survey,5
Cannot download research papers from library digital section due to no Wi-Fi.,2026-08-30 03:54:19,Library,review,2
Internet in common areas is completely unusable after the recent router update.,2026-08-30 04:14:26,Wi-Fi/Internet,survey,1
need more copies of the latest edition algorithms reference book,2026-08-30 04:36:25,Library,survey,3
Hostel room switchboards are loose and maintenance hasn't fixed them yet.,2026-08-30 04:41:50,Hostel,survey,2
bus frequency during peak evening hours between 5pm-6pm is adequate,2026-08-30 04:50:22,Transportation,survey,4
need more copies of the latest edition algorithms reference book,2026-08-30 04:59:18,Library,support ticket,3
water coolers on third floor are functioning smoothly and chilled,2026-08-30 05:06:29,Facilities,email,4
lab equipment for digital electronics is outdated and some kits are faulty,2026-08-30 05:19:17,Academics,email,2
online fee receipt generation is instant and hassle-free,2026-08-30 06:05:21,Fees,survey,4
need more copies of the latest edition algorithms reference book,2026-08-30 06:07:52,Library,review,3
"Terrible network latency on campus Wi-Fi, even Google searches fail to load.",2026-08-30 06:16:01,Wi-Fi/Internet,survey,1
Wi-Fi keeps kicking devices off the network every few minutes.,2026-08-30 06:24:52,Wi-Fi/Internet,feedback form,2
Campus internet speed has plummeted drastically this week.,2026-08-30 06:53:56,Wi-Fi/Internet,survey,2
Unable to attend online lab sessions because the Wi-Fi signal drops constantly.,2026-08-30 07:17:35,Wi-Fi/Internet,feedback form,2
cricket nets require replacement as the netting has torn at several places,2026-08-30 07:18:50,Sports,review,2
Wi-Fi authentication gateway times out repeatedly when submitting assignments.,2026-08-30 08:00:03,Wi-Fi/Internet,support ticket,2
long queues at student welfare window due to single staff member operating,2026-08-30 08:36:41,Administration,support ticket,2
Internet in common areas is completely unusable after the recent router update.,2026-08-30 09:08:41,Wi-Fi/Internet,review,2
"Terrible network latency on campus Wi-Fi, even Google searches fail to load.",2026-08-30 09:10:37,Wi-Fi/Internet,review,2
acoustics in the main auditorium were distorted during the musical evening,2026-08-30 09:37:17,Events,support ticket,3
"Plumbing maintenance in block B is very slow, taps are constantly dripping.",2026-08-30 09:39:57,Hostel,survey,2
study desks in quiet section are comfortable and well-lit,2026-08-30 10:05:07,Library,feedback form,5
"Wi-Fi disconnects every 15 minutes during project work, unbearable!",2026-08-30 10:43:03,Wi-Fi/Internet,review,1
"Terrible network latency on campus Wi-Fi, even Google searches fail to load.",2026-08-30 10:51:23,Wi-Fi/Internet,email,2
lab equipment for digital electronics is outdated and some kits are faulty,2026-08-30 10:55:09,Academics,survey,2
classroom projectors in block 2 have low lamp brightness,2026-08-30 11:23:54,Facilities,email,2
bus frequency during peak evening hours between 5pm-6pm is adequate,2026-08-30 11:54:57,Transportation,feedback form,4
"Gym treadmill belt is slipping, safety hazard!! kindly look into this matter.",2026-08-30 12:28:49,Cleanliness,email,2
dustbins in cafeteria annex area overflow during lunch rush hours,2026-08-30 12:47:58,Cleanliness,feedback form,2
need more copies of the latest edition algorithms reference book,2026-08-30 12:48:49,Library,feedback form,3
bus frequency during peak evening hours between 5pm-6pm is adequate,2026-08-30 12:53:05,Transportation,survey,4
digital library terminal mice are sticky and need replacement,2026-08-30 12:54:09,Library,support ticket,2
campus security personnel are vigilant and polite at main vehicle checkpost,2026-08-30 13:25:37,Security,feedback form,5
online fee receipt generation is instant and hassle-free,2026-08-30 13:55:52,Fees,feedback form,4
restrooms in ground floor management block need more frequent checks,2026-08-30 13:58:57,Cleanliness,feedback form,2
long queues at student welfare window due to single staff member operating,2026-08-30 14:04:33,Administration,review,2
bus frequency during peak evening hours between 5pm-6pm is adequate,2026-08-30 14:54:23,Transportation,email,4
Security at night gate is stopping day-scholars unnecessarily without reason.,2026-08-30 14:54:56,Fees,email,1
study desks in quiet section are comfortable and well-lit,2026-08-30 16:31:56,Library,feedback form,5
"transcript request was processed within 2 working days, very impressed",2026-08-30 16:36:50,Administration,support ticket,5
,2026-08-30 16:38:37,Library,email,5
Wi-Fi keeps kicking devices off the network every few minutes.,2026-08-30 16:40:23,Wi-Fi/Internet,support ticket,1
"Plumbing maintenance in block B is very slow, taps are constantly dripping.",2026-08-30 17:08:06,Hostel,support ticket,2
"Wi-Fi disconnects every 15 minutes during project work, unbearable!",2026-08-30 17:24:05,Wi-Fi/Internet,support ticket,1
"Terrible network latency on campus Wi-Fi, even Google searches fail to load.",2026-08-30 17:29:50,Wi-Fi/Internet,support ticket,1
Hot water is rarely available in block A bathrooms during morning hours.,2026-08-30 17:49:04,Hostel,feedback form,1
Hostel geysers in block C are still leaking despite repeated complaints.,2026-08-30 18:21:03,Hostel,survey,1
classroom projectors in block 2 have low lamp brightness,2026-08-30 18:44:52,Facilities,support ticket,2
digital library terminal mice are sticky and need replacement,2026-08-30 19:14:17,Library,survey,2
Hot water is rarely available in block A bathrooms during morning hours.,2026-08-30 19:32:52,Hostel,email,2
"transcript request was processed within 2 working days, very impressed",2026-08-30 19:58:44,Administration,support ticket,5
Internet in common areas is completely unusable after the recent router update.,2026-08-30 20:12:16,Wi-Fi/Internet,email,2
Frequent packet drops on campus Wi-Fi make attending virtual lectures impossible.,2026-08-30 20:40:31,Wi-Fi/Internet,survey,2
"Terrible network latency on campus Wi-Fi, even Google searches fail to load.",2026-08-30 21:00:11,Wi-Fi/Internet,review,1
digital library terminal mice are sticky and need replacement,2026-08-30 21:00:47,Library,support ticket,2
"Terrible network latency on campus Wi-Fi, even Google searches fail to load.",2026-08-30 21:13:03,Wi-Fi/Internet,survey,1
campus security personnel are vigilant and polite at main vehicle checkpost,2026-08-30 21:19:54,Security,email,5
Frequent packet drops on campus Wi-Fi make attending virtual lectures impossible.,2026-08-30 21:27:01,Wi-Fi/Internet,email,2
"hostle mess food is so cold by 7pm, not even eatable seriously :(",2026-08-30 21:29:18,Cafeteria,email,1
"Hostel bathroom cleanliness is substandard, cleaning staff does not show up daily.",2026-08-30 21:30:30,Hostel,email,1
weekend transit schedule should include an extra night service from metro station,2026-08-30 21:45:09,Transportation,email,3
"Hostel bathroom cleanliness is substandard, cleaning staff does not show up daily.",2026-08-30 22:03:38,Hostel,feedback form,2
Frequent packet drops on campus Wi-Fi make attending virtual lectures impossible.,2026-08-30 22:04:09,Wi-Fi/Internet,review,1
Wi-Fi authentication gateway times out repeatedly when submitting assignments.,2026-08-30 22:07:02,Wi-Fi/Internet,email,2
Wi-Fi authentication gateway times out repeatedly when submitting assignments.,2026-08-30 22:11:13,Wi-Fi/Internet,support ticket,1
professors are approachable during designated office consultation hours,2026-08-30 22:20:02,Academics,email,5
Library reading room Wi-Fi fails every time more than 20 students join.,2026-08-30 22:22:46,Library,support ticket,2
wfi in cafetaria is totally not working yaar... plz do the needful ASAP!!,2026-08-30 22:32:36,Wi-Fi/Internet,support ticket,2
schedule for end semester practical exams overlaps with elective test,2026-08-30 22:36:17,Academics,review,2
"Wi-Fi disconnects every 15 minutes during project work, unbearable!",2026-08-30 22:37:15,Wi-Fi/Internet,email,1
professors are approachable during designated office consultation hours,2026-08-30 22:53:57,Academics,email,5
late fee penalty policy is too rigid when bank server transactions fail,2026-08-30 23:00:06,Fees,support ticket,2
water coolers on third floor are functioning smoothly and chilled,2026-08-30 23:05:25,Facilities,review,4
"driver on route 7 drives aggressively on speed breakers, please check",2026-08-30 23:08:41,Transportation,support ticket,2
badminton court wooden flooring has been maintained in top shape,2026-08-30 23:24:32,Sports,feedback form,5
cricket nets require replacement as the netting has torn at several places,2026-08-30 23:35:36,Sports,review,2
cricket nets require replacement as the netting has torn at several places,2026-08-30 23:41:12,Sports,support ticket,2
Wi-Fi keeps kicking devices off the network every few minutes.,2026-08-30 23:49:28,Wi-Fi/Internet,email,1
late fee penalty policy is too rigid when bank server transactions fail,2026-08-30 23:52:51,Fees,survey,2
cricket nets require replacement as the netting has torn at several places,2026-08-30 23:59:29,Sports,survey,2
mess cutlery is often greasy and not cleaned thoroughly,2026-08-31 00:10:24,Cafeteria,survey,1
Continuous wi-fi dropouts while studying on 2nd floor of library,2026-08-31 00:16:05,Library,review,2
faculty feedback process is transparent and taken seriously by HOD,2026-08-31 00:20:12,Academics,email,4
need more copies of the latest edition algorithms reference book,2026-08-31 00:21:47,Library,review,3
"Wi-Fi disconnects every 15 minutes during project work, unbearable!",2026-08-31 00:49:07,Wi-Fi/Internet,feedback form,2
"transcript request was processed within 2 working days, very impressed",2026-08-31 00:54:04,Administration,review,5
"transcript request was processed within 2 working days, very impressed",2026-08-31 01:04:33,Administration,support ticket,5
Hot water is rarely available in block A bathrooms during morning hours.,2026-08-31 01:06:35,Hostel,survey,2
"wifi disconnect issue in reading hall again and again, plz fix ASAP",2026-08-31 01:30:27,Library,survey,2
need more copies of the latest edition algorithms reference book,2026-08-31 01:32:00,Library,review,3
bus frequency during peak evening hours between 5pm-6pm is adequate,2026-08-31 01:32:00,Transportation,support ticket,4
"Hostel Block D has zero Wi-Fi signal in corner rooms, forced to use mobile hotspot.",2026-08-31 01:59:09,Hostel,feedback form,2
acoustics in the main auditorium were distorted during the musical evening,2026-08-31 02:14:18,Events,review,3
Wi-Fi authentication gateway times out repeatedly when submitting assignments.,2026-08-31 02:16:22,Wi-Fi/Internet,support ticket,1
weekend transit schedule should include an extra night service from metro station,2026-08-31 02:26:49,Transportation,survey,3
dustbins in cafeteria annex area overflow during lunch rush hours,2026-08-31 02:43:03,Cleanliness,feedback form,2
Wi-Fi keeps kicking devices off the network every few minutes.,2026-08-31 02:57:06,Wi-Fi/Internet,feedback form,2
"driver on route 7 drives aggressively on speed breakers, please check",2026-08-31 03:04:59,Transportation,support ticket,2
classroom projectors in block 2 have low lamp brightness,2026-08-31 03:16:36,Facilities,email,2
Frequent packet drops on campus Wi-Fi make attending virtual lectures impossible.,2026-08-31 03:57:21,Wi-Fi/Internet,support ticket,1
juice bar offers great healthy options at subsidized student rates,2026-08-31 04:09:00,Cafeteria,feedback form,5
Drainage in ground floor washroom gets clogged every few days.,2026-08-31 04:19:01,Hostel,survey,1
online fee receipt generation is instant and hassle-free,2026-08-31 04:33:43,Fees,support ticket,4
badminton court wooden flooring has been maintained in top shape,2026-08-31 04:39:40,Sports,review,5
faculty feedback process is transparent and taken seriously by HOD,2026-08-31 04:47:40,Academics,feedback form,4
Wi-Fi authentication gateway times out repeatedly when submitting assignments.,2026-08-31 05:20:28,Wi-Fi/Internet,survey,2
"transcript request was processed within 2 working days, very impressed",2026-08-31 05:39:23,Administration,review,5
Wi-Fi keeps kicking devices off the network every few minutes.,2026-08-31 05:54:24,Wi-Fi/Internet,review,1
Unable to attend online lab sessions because the Wi-Fi signal drops constantly.,2026-08-31 06:03:09,Wi-Fi/Internet,feedback form,1
lab equipment for digital electronics is outdated and some kits are faulty,2026-08-31 06:19:33,Academics,feedback form,2
"Terrible network latency on campus Wi-Fi, even Google searches fail to load.",2026-08-31 06:19:41,Wi-Fi/Internet,support ticket,2
digital library terminal mice are sticky and need replacement,2026-08-31 06:30:58,Library,survey,2
late fee penalty policy is too rigid when bank server transactions fail,2026-08-31 06:48:57,Fees,survey,2
cricket nets require replacement as the netting has torn at several places,2026-08-31 07:05:09,Sports,email,2
elevator in engineering block was under maintenance during morning rush,2026-08-31 07:26:37,Facilities,feedback form,2
Wi-Fi authentication gateway times out repeatedly when submitting assignments.,2026-08-31 07:28:10,Wi-Fi/Internet,survey,2
Frequent packet drops on campus Wi-Fi make attending virtual lectures impossible.,2026-08-31 08:22:46,Wi-Fi/Internet,support ticket,2
Hot water is rarely available in block A bathrooms during morning hours.,2026-08-31 08:26:16,Hostel,email,2
badminton court wooden flooring has been maintained in top shape,2026-08-31 08:35:52,Sports,feedback form,5
bus frequency during peak evening hours between 5pm-6pm is adequate,2026-08-31 08:39:53,Transportation,support ticket,4
Bathroom flush in hostel room 304 not working properly since two weeks.,2026-08-31 09:47:13,Hostel,support ticket,1
mess cutlery is often greasy and not cleaned thoroughly,2026-08-31 10:12:11,Cafeteria,survey,1
campus grounds are kept remarkably green and litter-free,2026-08-31 10:33:36,Cleanliness,survey,5
cricket nets require replacement as the netting has torn at several places,2026-08-31 10:58:14,Sports,support ticket,2
Campus internet speed has plummeted drastically this week.,2026-08-31 11:01:50,Wi-Fi/Internet,review,2
mess cutlery is often greasy and not cleaned thoroughly,2026-08-31 11:26:07,Cafeteria,support ticket,1
restrooms in ground floor management block need more frequent checks,2026-08-31 11:32:14,Cleanliness,survey,2
Campus internet speed has plummeted drastically this week.,2026-08-31 11:46:42,Wi-Fi/Internet,support ticket,2
restrooms in ground floor management block need more frequent checks,2026-08-31 12:00:47,Cleanliness,support ticket,2
dustbins in cafeteria annex area overflow during lunch rush hours,2026-08-31 12:16:50,Cleanliness,survey,2
"hostle mess food is so cold by 7pm, not even eatable seriously :(",2026-08-31 12:25:49,Events,review,3
online fee receipt generation is instant and hassle-free,2026-08-31 12:33:44,Fees,support ticket,4
Wi-Fi in hostel common room has been down for three days straight.,2026-08-31 12:48:44,Hostel,support ticket,1
Frequent packet drops on campus Wi-Fi make attending virtual lectures impossible.,2026-08-31 13:00:24,Wi-Fi/Internet,feedback form,1
Great workshop conducted by robotics club! Really learned a lot.,2026-08-31 13:02:10,Wi-Fi/Internet,survey,2
badminton court wooden flooring has been maintained in top shape,2026-08-31 13:06:24,Sports,survey,5
mess cutlery is often greasy and not cleaned thoroughly,2026-08-31 13:16:31,Cafeteria,review,1
coffee machine in main canteen was broken for two days,2026-08-31 13:22:08,Cafeteria,review,2
campus security personnel are vigilant and polite at main vehicle checkpost,2026-08-31 13:49:48,Security,email,5
online fee receipt generation is instant and hassle-free,2026-08-31 14:33:18,Fees,support ticket,4
campus security personnel are vigilant and polite at main vehicle checkpost,2026-08-31 14:37:35,Security,email,5
Wi-Fi keeps kicking devices off the network every few minutes.,2026-08-31 14:54:16,Wi-Fi/Internet,email,2
Campus internet speed has plummeted drastically this week.,2026-08-31 14:54:46,Wi-Fi/Internet,support ticket,2
"driver on route 7 drives aggressively on speed breakers, please check",2026-08-31 14:55:41,Transportation,survey,2
Unable to attend online lab sessions because the Wi-Fi signal drops constantly.,2026-08-31 15:10:14,Wi-Fi/Internet,email,1
"driver on route 7 drives aggressively on speed breakers, please check",2026-08-31 15:15:16,Transportation,feedback form,2
Frequent packet drops on campus Wi-Fi make attending virtual lectures impossible.,2026-08-31 15:20:55,Wi-Fi/Internet,review,2
Unable to attend online lab sessions because the Wi-Fi signal drops constantly.,2026-08-31 15:22:07,Wi-Fi/Internet,review,2
juice bar offers great healthy options at subsidized student rates,2026-08-31 15:52:12,Cafeteria,review,5
"transcript request was processed within 2 working days, very impressed",2026-08-31 16:01:21,Administration,review,5
"driver on route 7 drives aggressively on speed breakers, please check",2026-08-31 16:24:52,Transportation,support ticket,2
campus security personnel are vigilant and polite at main vehicle checkpost,2026-08-31 16:57:54,Security,support ticket,5
long queues at student welfare window due to single staff member operating,2026-08-31 17:42:36,Administration,support ticket,2
Wi-Fi keeps kicking devices off the network every few minutes.,2026-08-31 18:08:20,Wi-Fi/Internet,review,2
dustbins in cafeteria annex area overflow during lunch rush hours,2026-08-31 18:11:10,Cleanliness,review,2
morning breakfast poha and upma are quite decent and fresh,2026-08-31 18:45:34,Cafeteria,survey,4
campus security personnel are vigilant and polite at main vehicle checkpost,2026-08-31 18:50:09,Security,feedback form,5
cricket nets require replacement as the netting has torn at several places,2026-08-31 18:53:08,Sports,feedback form,2
cultural fest organization was seamless and guest lectures were inspiring,2026-08-31 19:00:41,Events,survey,5
Unable to attend online lab sessions because the Wi-Fi signal drops constantly.,2026-08-31 19:23:13,Wi-Fi/Internet,feedback form,2
Bathroom flush in hostel room 304 not working properly since two weeks.,2026-08-31 19:47:44,Hostel,email,2
mess cutlery is often greasy and not cleaned thoroughly,2026-08-31 19:49:32,Cafeteria,review,1
Admin staff was extremely rude when I went for fee concession verification.,2026-08-31 19:51:18,Academics,email,3
"Terrible network latency on campus Wi-Fi, even Google searches fail to load.",2026-08-31 19:55:26,Wi-Fi/Internet,email,2
Drainage in ground floor washroom gets clogged every few days.,2026-08-31 20:04:57,Hostel,email,2
online fee receipt generation is instant and hassle-free,2026-08-31 20:05:20,Fees,email,4
Submission portal timed out during class quiz due to poor lecture hall Wi-Fi.,2026-08-31 20:17:23,Academics,email,2
lab equipment for digital electronics is outdated and some kits are faulty,2026-08-31 20:43:02,Academics,support ticket,2
Wi-Fi authentication gateway times out repeatedly when submitting assignments.,2026-08-31 20:56:57,Wi-Fi/Internet,feedback form,1
lab equipment for digital electronics is outdated and some kits are faulty,2026-08-31 21:10:25,Academics,review,2
"driver on route 7 drives aggressively on speed breakers, please check",2026-08-31 21:30:42,Transportation,support ticket,2
late fee penalty policy is too rigid when bank server transactions fail,2026-08-31 21:39:04,Fees,feedback form,2
digital library terminal mice are sticky and need replacement,2026-08-31 22:09:00,Library,survey,2
mess cutlery is often greasy and not cleaned thoroughly,2026-08-31 22:41:24,Cafeteria,support ticket,1
water coolers on third floor are functioning smoothly and chilled,2026-08-31 22:42:40,Facilities,survey,4
cricket nets require replacement as the netting has torn at several places,2026-08-31 23:01:58,Sports,feedback form,2
coffee machine in main canteen was broken for two days,2026-08-31 23:21:03,Cafeteria,feedback form,2
"street lights near basketball court are flickering, feels unsafe at night",2026-09-01 00:13:45,Security,review,2
badminton court wooden flooring has been maintained in top shape,2026-09-01 00:34:46,Sports,support ticket,5
online fee receipt generation is instant and hassle-free,2026-09-01 01:22:53,Fees,feedback form,4
schedule for end semester practical exams overlaps with elective test,2026-09-01 01:25:20,Academics,email,2
restrooms in ground floor management block need more frequent checks,2026-09-01 01:40:40,Cleanliness,email,2
"wifi disconnect issue in reading hall again and again, plz fix ASAP",2026-09-01 01:45:53,Library,email,1
"transcript request was processed within 2 working days, very impressed",2026-09-01 02:01:03,Administration,feedback form,5
campus grounds are kept remarkably green and litter-free,2026-09-01 02:42:08,Cleanliness,email,5
Unable to attend online lab sessions because the Wi-Fi signal drops constantly.,2026-09-01 03:05:17,Wi-Fi/Internet,support ticket,2
Hostel room switchboards are loose and maintenance hasn't fixed them yet.,2026-09-01 03:21:40,Hostel,support ticket,1
Bathroom flush in hostel room 304 not working properly since two weeks.,2026-09-01 03:33:43,Hostel,survey,1
morning breakfast poha and upma are quite decent and fresh,2026-09-01 03:33:54,Cafeteria,email,4
Campus internet speed has plummeted drastically this week.,2026-09-01 04:21:04,Wi-Fi/Internet,email,1
restrooms in ground floor management block need more frequent checks,2026-09-01 04:39:42,Cleanliness,survey,2
campus grounds are kept remarkably green and litter-free,2026-09-01 04:51:04,Cleanliness,support ticket,5
cricket nets require replacement as the netting has torn at several places,2026-09-01 05:05:05,Sports,survey,2
faculty feedback process is transparent and taken seriously by HOD,2026-09-01 05:15:37,Academics,email,4
acoustics in the main auditorium were distorted during the musical evening,2026-09-01 05:16:23,Events,survey,3
cricket nets require replacement as the netting has torn at several places,2026-09-01 05:34:43,Sports,survey,2
"Terrible network latency on campus Wi-Fi, even Google searches fail to load.",2026-09-01 05:35:46,Wi-Fi/Internet,support ticket,1
online fee receipt generation is instant and hassle-free,2026-09-01 05:41:27,Fees,review,4
online fee receipt generation is instant and hassle-free,2026-09-01 05:56:13,Fees,support ticket,4
Internet keeps shutting off while researching in the university library,2026-09-01 06:03:39,Library,email,1
Department lab computers cannot access intranet because academic Wi-Fi is failing.,2026-09-01 06:03:45,Academics,support ticket,2
campus grounds are kept remarkably green and litter-free,2026-09-01 06:12:37,Cleanliness,email,5
Wi-Fi keeps kicking devices off the network every few minutes.,2026-09-01 06:23:43,Wi-Fi/Internet,survey,2
Hot water is rarely available in block A bathrooms during morning hours.,2026-09-01 06:43:06,Hostel,support ticket,2
"street lights near basketball court are flickering, feels unsafe at night",2026-09-01 07:06:05,Security,feedback form,2
Internet keeps shutting off while researching in the university library,2026-09-01 07:12:24,Library,support ticket,1
morning breakfast poha and upma are quite decent and fresh,2026-09-01 07:16:58,Cafeteria,feedback form,4
Frequent packet drops on campus Wi-Fi make attending virtual lectures impossible.,2026-09-01 07:38:15,Wi-Fi/Internet,feedback form,1
study desks in quiet section are comfortable and well-lit,2026-09-01 08:12:03,Library,review,5
Department lab computers cannot access intranet because academic Wi-Fi is failing.,2026-09-01 08:15:34,Academics,email,1
late fee penalty policy is too rigid when bank server transactions fail,2026-09-01 08:25:31,Fees,email,2
Wi-Fi keeps kicking devices off the network every few minutes.,2026-09-01 08:45:14,Wi-Fi/Internet,feedback form,1
"Cannot connect to library internet, frequent disconnects experienced",2026-09-01 08:56:25,Library,support ticket,1
study desks in quiet section are comfortable and well-lit,2026-09-01 09:02:33,Library,support ticket,5
cultural fest organization was seamless and guest lectures were inspiring,2026-09-01 09:18:22,Events,email,5
bus frequency during peak evening hours between 5pm-6pm is adequate,2026-09-01 09:25:13,Transportation,review,4
"Terrible network latency on campus Wi-Fi, even Google searches fail to load.",2026-09-01 09:35:33,Wi-Fi/Internet,survey,2
online fee receipt generation is instant and hassle-free,2026-09-01 09:53:25,Fees,survey,4
Hostel geysers in block C are still leaking despite repeated complaints.,2026-09-01 10:02:14,Hostel,survey,2
Wi-Fi authentication gateway times out repeatedly when submitting assignments.,2026-09-01 10:06:35,Wi-Fi/Internet,feedback form,2
campus grounds are kept remarkably green and litter-free,2026-09-01 10:15:46,Cleanliness,support ticket,5
"Hostel Block D has zero Wi-Fi signal in corner rooms, forced to use mobile hotspot.",2026-09-01 10:19:50,Hostel,review,2
Department lab computers cannot access intranet because academic Wi-Fi is failing.,2026-09-01 10:43:24,Academics,review,1
Wi-Fi authentication gateway times out repeatedly when submitting assignments.,2026-09-01 11:03:17,Wi-Fi/Internet,review,1
Internet in common areas is completely unusable after the recent router update.,2026-09-01 11:17:31,Wi-Fi/Internet,survey,2
study desks in quiet section are comfortable and well-lit,2026-09-01 11:20:27,Library,review,5
"food quality is mediocre, especially dinner menu is repetitive",2026-09-01 11:38:57,Cafeteria,review,2
lab equipment for digital electronics is outdated and some kits are faulty,2026-09-01 11:56:22,Academics,survey,2
Internet in common areas is completely unusable after the recent router update.,2026-09-01 11:58:32,Wi-Fi/Internet,feedback form,1
dustbins in cafeteria annex area overflow during lunch rush hours,2026-09-01 12:06:29,Cleanliness,survey,2
long queues at student welfare window due to single staff member operating,2026-09-01 12:14:31,Administration,review,2
weekend transit schedule should include an extra night service from metro station,2026-09-01 12:26:12,Transportation,email,3
lab equipment for digital electronics is outdated and some kits are faulty,2026-09-01 12:36:49,Academics,survey,2
elevator in engineering block was under maintenance during morning rush,2026-09-01 12:39:00,Facilities,support ticket,2
"Wi-Fi disconnects every 15 minutes during project work, unbearable!",2026-09-01 12:42:09,Wi-Fi/Internet,email,2
"Terrible network latency on campus Wi-Fi, even Google searches fail to load.",2026-09-01 12:43:55,Wi-Fi/Internet,survey,2
juice bar offers great healthy options at subsidized student rates,2026-09-01 12:47:03,Cafeteria,survey,5
Frequent packet drops on campus Wi-Fi make attending virtual lectures impossible.,2026-09-01 13:04:10,Wi-Fi/Internet,feedback form,2
mess cutlery is often greasy and not cleaned thoroughly,2026-09-01 13:05:14,Cafeteria,review,1
weekend transit schedule should include an extra night service from metro station,2026-09-01 13:11:36,Transportation,feedback form,3
badminton court wooden flooring has been maintained in top shape,2026-09-01 13:14:41,Sports,support ticket,5
Campus internet speed has plummeted drastically this week.,2026-09-01 13:24:52,Wi-Fi/Internet,email,1
"food quality is mediocre, especially dinner menu is repetitive",2026-09-01 14:19:01,Cafeteria,survey,2
cricket nets require replacement as the netting has torn at several places,2026-09-01 14:23:59,Sports,feedback form,2
Frequent packet drops on campus Wi-Fi make attending virtual lectures impossible.,2026-09-01 14:28:07,Wi-Fi/Internet,email,2
"driver on route 7 drives aggressively on speed breakers, please check",2026-09-01 14:33:11,Transportation,review,2
online fee receipt generation is instant and hassle-free,2026-09-01 14:49:00,Fees,email,4
campus grounds are kept remarkably green and litter-free,2026-09-01 14:52:08,Cleanliness,support ticket,5
Unable to attend online lab sessions because the Wi-Fi signal drops constantly.,2026-09-01 15:48:11,Wi-Fi/Internet,survey,2
faculty feedback process is transparent and taken seriously by HOD,2026-09-01 16:44:40,Academics,email,4
late fee penalty policy is too rigid when bank server transactions fail,2026-09-01 16:50:25,Fees,feedback form,2
campus grounds are kept remarkably green and litter-free,2026-09-01 17:33:31,Cleanliness,support ticket,5
need more copies of the latest edition algorithms reference book,2026-09-01 17:38:12,Library,email,3
Wi-Fi keeps kicking devices off the network every few minutes.,2026-09-01 17:43:40,Wi-Fi/Internet,survey,2
Water pressure in 4th floor hostel showers is almost zero in the morning.,2026-09-01 18:37:36,Hostel,review,2
Internet in common areas is completely unusable after the recent router update.,2026-09-01 18:43:57,Wi-Fi/Internet,support ticket,2
online fee receipt generation is instant and hassle-free,2026-09-01 18:51:54,Fees,survey,4
acoustics in the main auditorium were distorted during the musical evening,2026-09-01 19:05:10,Events,feedback form,3
weekend transit schedule should include an extra night service from metro station,2026-09-01 19:17:49,Transportation,email,3
"Terrible network latency on campus Wi-Fi, even Google searches fail to load.",2026-09-01 19:19:42,Wi-Fi/Internet,survey,1
study desks in quiet section are comfortable and well-lit,2026-09-01 19:30:44,Library,support ticket,5
Wi-Fi authentication gateway times out repeatedly when submitting assignments.,2026-09-01 19:31:38,Wi-Fi/Internet,email,2
juice bar offers great healthy options at subsidized student rates,2026-09-01 19:33:11,Cafeteria,feedback form,5
campus grounds are kept remarkably green and litter-free,2026-09-01 20:00:43,Cleanliness,survey,5
"street lights near basketball court are flickering, feels unsafe at night",2026-09-01 20:03:22,Security,feedback form,2
water coolers on third floor are functioning smoothly and chilled,2026-09-01 20:18:30,Facilities,email,4
"driver on route 7 drives aggressively on speed breakers, please check",2026-09-01 20:37:05,Transportation,email,2
weekend transit schedule should include an extra night service from metro station,2026-09-01 20:37:07,Transportation,survey,3
bus frequency during peak evening hours between 5pm-6pm is adequate,2026-09-01 20:38:38,Transportation,survey,4
Hostel room switchboards are loose and maintenance hasn't fixed them yet.,2026-09-01 20:40:35,Hostel,email,2
late fee penalty policy is too rigid when bank server transactions fail,2026-09-01 20:50:40,Fees,email,2
faculty feedback process is transparent and taken seriously by HOD,2026-09-01 20:51:00,Academics,review,4
Wi-Fi keeps kicking devices off the network every few minutes.,2026-09-01 21:10:05,Wi-Fi/Internet,review,1
campus grounds are kept remarkably green and litter-free,2026-09-01 21:17:36,Cleanliness,email,5
profesor did not upload slides before midsem exam... vry frustrating.,2026-09-01 21:29:02,Wi-Fi/Internet,review,3
weekend transit schedule should include an extra night service from metro station,2026-09-01 21:29:50,Transportation,email,3
badminton court wooden flooring has been maintained in top shape,2026-09-01 21:50:51,Sports,feedback form,5
digital library terminal mice are sticky and need replacement,2026-09-01 22:02:05,Library,review,2
lab equipment for digital electronics is outdated and some kits are faulty,2026-09-01 22:06:42,Academics,survey,2
Wi-Fi keeps kicking devices off the network every few minutes.,2026-09-01 22:15:50,Wi-Fi/Internet,email,1
acoustics in the main auditorium were distorted during the musical evening,2026-09-01 22:24:29,Events,survey,3
Wi-Fi is constantly dropping in the central library reading room,2026-09-01 22:31:13,Library,support ticket,2
Wi-Fi keeps kicking devices off the network every few minutes.,2026-09-01 22:31:13,Wi-Fi/Internet,feedback form,1
restrooms in ground floor management block need more frequent checks,2026-09-01 22:31:23,Cleanliness,support ticket,2
campus security personnel are vigilant and polite at main vehicle checkpost,2026-09-01 22:48:41,Security,support ticket,5
Unable to attend online lab sessions because the Wi-Fi signal drops constantly.,2026-09-01 23:05:28,Wi-Fi/Internet,review,2
acoustics in the main auditorium were distorted during the musical evening,2026-09-01 23:08:40,Events,support ticket,3
Security at night gate is stopping day-scholars unnecessarily without reason.,2026-09-01 23:16:05,Hostel,feedback form,4
"transcript request was processed within 2 working days, very impressed",2026-09-01 23:59:25,Administration,feedback form,5
Wi-Fi authentication gateway times out repeatedly when submitting assignments.,2026-09-02 00:17:00,Wi-Fi/Internet,feedback form,2
Internet in common areas is completely unusable after the recent router update.,2026-09-02 00:22:57,Wi-Fi/Internet,feedback form,1
"Terrible network latency on campus Wi-Fi, even Google searches fail to load.",2026-09-02 00:27:29,Wi-Fi/Internet,support ticket,1
"Wi-Fi disconnects every 15 minutes during project work, unbearable!",2026-09-02 00:50:50,Wi-Fi/Internet,feedback form,2
Wi-Fi keeps kicking devices off the network every few minutes.,2026-09-02 01:03:30,Wi-Fi/Internet,feedback form,1
Wi-Fi keeps kicking devices off the network every few minutes.,2026-09-02 01:07:25,Wi-Fi/Internet,email,1
Unable to attend online lab sessions because the Wi-Fi signal drops constantly.,2026-09-02 01:19:00,Wi-Fi/Internet,feedback form,1
late fee penalty policy is too rigid when bank server transactions fail,2026-09-02 01:31:25,Fees,feedback form,2
Drainage in ground floor washroom gets clogged every few days.,2026-09-02 01:39:59,Hostel,feedback form,2
study desks in quiet section are comfortable and well-lit,2026-09-02 01:43:14,Library,feedback form,5
Bathroom flush in hostel room 304 not working properly since two weeks.,2026-09-02 01:44:59,Hostel,feedback form,1
badminton court wooden flooring has been maintained in top shape,2026-09-02 01:57:20,Sports,email,5
coffee machine in main canteen was broken for two days,2026-09-02 02:07:14,Cafeteria,email,2
elevator in engineering block was under maintenance during morning rush,2026-09-02 02:43:37,Facilities,review,2
long queues at student welfare window due to single staff member operating,2026-09-02 03:06:23,Administration,feedback form,2
water coolers on third floor are functioning smoothly and chilled,2026-09-02 03:14:10,Facilities,email,4
Continuous wi-fi dropouts while studying on 2nd floor of library,2026-09-02 03:23:42,Library,feedback form,1
campus security personnel are vigilant and polite at main vehicle checkpost,2026-09-02 03:25:01,Security,survey,5
classroom projectors in block 2 have low lamp brightness,2026-09-02 03:35:59,Facilities,feedback form,2
mess cutlery is often greasy and not cleaned thoroughly,2026-09-02 03:37:47,Cafeteria,review,1
water coolers on third floor are functioning smoothly and chilled,2026-09-02 04:23:03,Facilities,survey,4
mess cutlery is often greasy and not cleaned thoroughly,2026-09-02 04:27:41,Cafeteria,review,1
mess cutlery is often greasy and not cleaned thoroughly,2026-09-02 04:55:46,Cafeteria,email,1
"Wi-Fi disconnects every 15 minutes during project work, unbearable!",2026-09-02 05:01:29,Wi-Fi/Internet,email,2
acoustics in the main auditorium were distorted during the musical evening,2026-09-02 05:22:30,Events,email,3
"Hostel bathroom cleanliness is substandard, cleaning staff does not show up daily.",2026-09-02 05:27:20,Hostel,feedback form,1
Cannot download research papers from library digital section due to no Wi-Fi.,2026-09-02 05:27:35,Library,support ticket,1
lab equipment for digital electronics is outdated and some kits are faulty,2026-09-02 05:35:43,Academics,survey,2
"Hostel bathroom cleanliness is substandard, cleaning staff does not show up daily.",2026-09-02 05:36:57,Hostel,email,2
online fee receipt generation is instant and hassle-free,2026-09-02 05:55:38,Fees,survey,4
cultural fest organization was seamless and guest lectures were inspiring,2026-09-02 06:06:44,Events,support ticket,5
Missed morning quiz because the 8:15 transit bus breakdown mid-route.,2026-09-02 06:07:23,Transportation,support ticket,1
badminton court wooden flooring has been maintained in top shape,2026-09-02 06:12:16,Sports,review,5
elevator in engineering block was under maintenance during morning rush,2026-09-02 06:18:04,Facilities,review,2
"food quality is mediocre, especially dinner menu is repetitive",2026-09-02 06:29:11,Cafeteria,support ticket,2
Campus shuttle bus breakdown with tire puncture caused total chaos for 9 AM lectures today.,2026-09-02 06:29:23,Transportation,feedback form,1
Bus breakdown near hostel circle created huge traffic jam and delay for exam batch.,2026-09-02 06:48:23,Transportation,feedback form,1
campus security personnel are vigilant and polite at main vehicle checkpost,2026-09-02 07:07:01,Security,support ticket,5
late fee penalty policy is too rigid when bank server transactions fail,2026-09-02 07:10:41,Fees,review,2
Missed morning quiz because the 8:15 transit bus breakdown mid-route.,2026-09-02 07:20:47,Transportation,email,1
"street lights near basketball court are flickering, feels unsafe at night",2026-09-02 07:29:26,Security,feedback form,2
study desks in quiet section are comfortable and well-lit,2026-09-02 07:43:38,Library,email,5
Route 4 campus shuttle bus breakdown near South Gate causing 1 hour delay.,2026-09-02 07:55:43,Transportation,survey,1
Emergency bus breakdown on South corridor stranded 50 students this morning.,2026-09-02 07:59:27,Transportation,review,1
badminton court wooden flooring has been maintained in top shape,2026-09-02 08:08:32,Sports,feedback form,5
restrooms in ground floor management block need more frequent checks,2026-09-02 08:21:11,Cleanliness,support ticket,2
Internet in common areas is completely unusable after the recent router update.,2026-09-02 08:27:42,Wi-Fi/Internet,feedback form,1
Campus shuttle bus breakdown with tire puncture caused total chaos for 9 AM lectures today.,2026-09-02 08:32:01,Transportation,support ticket,1
long queues at student welfare window due to single staff member operating,2026-09-02 08:36:31,Administration,support ticket,2
cricket nets require replacement as the netting has torn at several places,2026-09-02 08:40:26,Sports,email,2
Campus shuttle bus breakdown with tire puncture caused total chaos for 9 AM lectures today.,2026-09-02 09:01:41,Transportation,email,1
Campus internet speed has plummeted drastically this week.,2026-09-02 09:18:24,Wi-Fi/Internet,email,1
Wi-Fi is constantly dropping in the central library reading room,2026-09-02 09:19:05,Library,email,1
late fee penalty policy is too rigid when bank server transactions fail,2026-09-02 09:26:02,Fees,support ticket,2
Internet in common areas is completely unusable after the recent router update.,2026-09-02 09:32:19,Wi-Fi/Internet,support ticket,1
restrooms in ground floor management block need more frequent checks,2026-09-02 09:38:40,Cleanliness,survey,2
need more copies of the latest edition algorithms reference book,2026-09-02 09:41:31,Library,survey,3
classroom projectors in block 2 have low lamp brightness,2026-09-02 09:48:43,Facilities,review,2
dustbins in cafeteria annex area overflow during lunch rush hours,2026-09-02 09:52:07,Cleanliness,review,2
Frequent packet drops on campus Wi-Fi make attending virtual lectures impossible.,2026-09-02 09:52:56,Wi-Fi/Internet,review,2
"transcript request was processed within 2 working days, very impressed",2026-09-02 09:55:03,Administration,support ticket,5
"Wi-Fi disconnects every 15 minutes during project work, unbearable!",2026-09-02 10:02:07,Wi-Fi/Internet,review,1
"Terrible network latency on campus Wi-Fi, even Google searches fail to load.",2026-09-02 10:07:16,Wi-Fi/Internet,support ticket,2
Shuttle service halted today due to campus bus breakdown at main gate.,2026-09-02 10:24:21,Transportation,review,1
restrooms in ground floor management block need more frequent checks,2026-09-02 10:28:17,Cleanliness,support ticket,2
badminton court wooden flooring has been maintained in top shape,2026-09-02 10:41:39,Sports,email,5
Morning 8:30 AM campus bus breakdown had engine smoke and stranded students on ring road.,2026-09-02 10:42:36,Transportation,email,1
Frequent packet drops on campus Wi-Fi make attending virtual lectures impossible.,2026-09-02 10:44:06,Wi-Fi/Internet,survey,1
Unable to attend online lab sessions because the Wi-Fi signal drops constantly.,2026-09-02 10:52:25,Wi-Fi/Internet,feedback form,1
Internet in common areas is completely unusable after the recent router update.,2026-09-02 11:00:35,Wi-Fi/Internet,survey,1
professors are approachable during designated office consultation hours,2026-09-02 11:17:16,Academics,support ticket,5
Emergency bus breakdown on South corridor stranded 50 students this morning.,2026-09-02 11:18:12,Transportation,survey,1
Shuttle service halted today due to campus bus breakdown at main gate.,2026-09-02 11:28:09,Transportation,email,1
faculty feedback process is transparent and taken seriously by HOD,2026-09-02 11:42:58,Academics,review,4
Morning 8:30 AM campus bus breakdown had engine smoke and stranded students on ring road.,2026-09-02 11:43:10,Transportation,feedback form,1
Shuttle service halted today due to campus bus breakdown at main gate.,2026-09-02 11:48:35,Transportation,feedback form,1
Missed morning quiz because the 8:15 transit bus breakdown mid-route.,2026-09-02 11:55:57,Transportation,support ticket,1
cultural fest organization was seamless and guest lectures were inspiring,2026-09-02 11:58:40,Events,support ticket,5
late fee penalty policy is too rigid when bank server transactions fail,2026-09-02 12:13:34,Fees,survey,2
Air conditioning in seminar hall 2 is leaking water on the front row seats.,2026-09-02 12:18:32,Events,review,4
Wi-Fi keeps kicking devices off the network every few minutes.,2026-09-02 12:20:19,Wi-Fi/Internet,review,2
"street lights near basketball court are flickering, feels unsafe at night",2026-09-02 12:27:35,Security,email,2
"street lights near basketball court are flickering, feels unsafe at night",2026-09-02 12:28:46,Security,feedback form,2
campus security personnel are vigilant and polite at main vehicle checkpost,2026-09-02 12:43:01,Security,review,5
Hot water is rarely available in block A bathrooms during morning hours.,2026-09-02 12:58:45,Hostel,email,1
study desks in quiet section are comfortable and well-lit,2026-09-02 13:04:15,Library,email,5
campus security personnel are vigilant and polite at main vehicle checkpost,2026-09-02 13:05:21,Security,survey,5
Shuttle service halted today due to campus bus breakdown at main gate.,2026-09-02 13:09:11,Transportation,survey,1
Campus internet speed has plummeted drastically this week.,2026-09-02 13:21:42,Wi-Fi/Internet,review,2
Campus shuttle bus breakdown with tire puncture caused total chaos for 9 AM lectures today.,2026-09-02 13:26:53,Transportation,feedback form,1
faculty feedback process is transparent and taken seriously by HOD,2026-09-02 13:59:38,Academics,feedback form,4
Shuttle service halted today due to campus bus breakdown at main gate.,2026-09-02 14:00:50,Transportation,feedback form,1
coffee machine in main canteen was broken for two days,2026-09-02 14:01:35,Cafeteria,survey,2
Internet in common areas is completely unusable after the recent router update.,2026-09-02 14:10:00,Wi-Fi/Internet,review,2
long queues at student welfare window due to single staff member operating,2026-09-02 14:22:19,Administration,email,2
Bus breakdown near hostel circle created huge traffic jam and delay for exam batch.,2026-09-02 14:43:27,Transportation,feedback form,1
"street lights near basketball court are flickering, feels unsafe at night",2026-09-02 14:55:06,Security,review,2
long queues at student welfare window due to single staff member operating,2026-09-02 14:58:42,Administration,support ticket,2
Hostel room switchboards are loose and maintenance hasn't fixed them yet.,2026-09-02 15:27:44,Hostel,feedback form,2
"Terrible network latency on campus Wi-Fi, even Google searches fail to load.",2026-09-02 15:33:22,Wi-Fi/Internet,review,2
Internet in common areas is completely unusable after the recent router update.,2026-09-02 15:41:01,Wi-Fi/Internet,review,1
Bus breakdown near hostel circle created huge traffic jam and delay for exam batch.,2026-09-02 15:43:40,Transportation,feedback form,1
late fee penalty policy is too rigid when bank server transactions fail,2026-09-02 15:46:56,Fees,feedback form,2
Route 4 campus shuttle bus breakdown near South Gate causing 1 hour delay.,2026-09-02 15:53:48,Transportation,support ticket,1
Morning 8:30 AM campus bus breakdown had engine smoke and stranded students on ring road.,2026-09-02 15:55:58,Transportation,email,1
Unable to attend online lab sessions because the Wi-Fi signal drops constantly.,2026-09-02 16:08:30,Wi-Fi/Internet,email,1
Morning 8:30 AM campus bus breakdown had engine smoke and stranded students on ring road.,2026-09-02 16:15:52,Transportation,email,1
Emergency bus breakdown on South corridor stranded 50 students this morning.,2026-09-02 16:29:00,Transportation,review,1
Campus shuttle bus breakdown with tire puncture caused total chaos for 9 AM lectures today.,2026-09-02 16:34:04,Transportation,email,1
Campus shuttle bus breakdown with tire puncture caused total chaos for 9 AM lectures today.,2026-09-02 16:48:36,Transportation,survey,1
study desks in quiet section are comfortable and well-lit,2026-09-02 17:02:28,Library,email,5
Missed morning quiz because the 8:15 transit bus breakdown mid-route.,2026-09-02 17:17:24,Transportation,support ticket,1
professors are approachable during designated office consultation hours,2026-09-02 17:27:49,Academics,support ticket,5
restrooms in ground floor management block need more frequent checks,2026-09-02 17:44:38,Cleanliness,email,2
campus grounds are kept remarkably green and litter-free,2026-09-02 17:46:09,Cleanliness,support ticket,5
professors are approachable during designated office consultation hours,2026-09-02 17:50:50,Academics,support ticket,5
Bus breakdown near hostel circle created huge traffic jam and delay for exam batch.,2026-09-02 17:51:06,Transportation,review,1
late fee penalty policy is too rigid when bank server transactions fail,2026-09-02 17:54:24,Fees,review,2
Campus shuttle bus breakdown with tire puncture caused total chaos for 9 AM lectures today.,2026-09-02 17:58:16,Transportation,support ticket,1
mess cutlery is often greasy and not cleaned thoroughly,2026-09-02 18:22:20,Cafeteria,feedback form,1
cricket nets require replacement as the netting has torn at several places,2026-09-02 18:27:29,Sports,survey,2
Morning 8:30 AM campus bus breakdown had engine smoke and stranded students on ring road.,2026-09-02 18:39:26,Transportation,feedback form,1
Emergency bus breakdown on South corridor stranded 50 students this morning.,2026-09-02 18:46:22,Transportation,email,1
Morning 8:30 AM campus bus breakdown had engine smoke and stranded students on ring road.,2026-09-02 18:53:43,Transportation,feedback form,1
Missed morning quiz because the 8:15 transit bus breakdown mid-route.,2026-09-02 19:01:13,Transportation,feedback form,1
campus security personnel are vigilant and polite at main vehicle checkpost,2026-09-02 19:11:13,Security,feedback form,5
Unable to attend online lab sessions because the Wi-Fi signal drops constantly.,2026-09-02 19:16:50,Wi-Fi/Internet,feedback form,2
morning breakfast poha and upma are quite decent and fresh,2026-09-02 19:21:11,Cafeteria,support ticket,4
late fee penalty policy is too rigid when bank server transactions fail,2026-09-02 19:22:29,Fees,review,2
campus grounds are kept remarkably green and litter-free,2026-09-02 19:29:26,Cleanliness,feedback form,5
Bus breakdown near hostel circle created huge traffic jam and delay for exam batch.,2026-09-02 19:35:45,Transportation,email,1
Wi-Fi authentication gateway times out repeatedly when submitting assignments.,2026-09-02 19:38:01,Wi-Fi/Internet,support ticket,2
Shuttle service halted today due to campus bus breakdown at main gate.,2026-09-02 19:42:07,Transportation,feedback form,1
"driver on route 7 drives aggressively on speed breakers, please check",2026-09-02 20:06:16,Transportation,survey,2
morning breakfast poha and upma are quite decent and fresh,2026-09-02 20:07:30,Cafeteria,survey,4
campus grounds are kept remarkably green and litter-free,2026-09-02 20:26:20,Cleanliness,email,5
schedule for end semester practical exams overlaps with elective test,2026-09-02 20:41:24,Academics,survey,2
"Hostel warden resolved the water cooler issue promptly, thank you.",2026-09-02 21:39:50,Cafeteria,email,5
cricket nets require replacement as the netting has torn at several places,2026-09-02 21:57:30,Sports,survey,2
faculty feedback process is transparent and taken seriously by HOD,2026-09-02 22:10:13,Academics,email,4
late fee penalty policy is too rigid when bank server transactions fail,2026-09-02 22:15:45,Fees,survey,2
"Hostel bathroom cleanliness is substandard, cleaning staff does not show up daily.",2026-09-02 23:43:48,Hostel,support ticket,1
long queues at student welfare window due to single staff member operating,2026-09-02 23:48:35,Administration,feedback form,2
Department lab computers cannot access intranet because academic Wi-Fi is failing.,2026-09-02 23:49:38,Academics,email,1
"transcript request was processed within 2 working days, very impressed",2026-09-03 00:02:24,Administration,review,5
mess cutlery is often greasy and not cleaned thoroughly,2026-09-03 00:44:30,Cafeteria,feedback form,1
online fee receipt generation is instant and hassle-free,2026-09-03 00:46:41,Fees,review,4
Wi-Fi in hostel common room has been down for three days straight.,2026-09-03 00:47:34,Hostel,review,1
profesor did not upload slides before midsem exam... vry frustrating.,2026-09-03 01:12:52,Events,email,3
dustbins in cafeteria annex area overflow during lunch rush hours,2026-09-03 01:13:50,Cleanliness,review,2
"Terrible network latency on campus Wi-Fi, even Google searches fail to load.",2026-09-03 01:16:27,Wi-Fi/Internet,feedback form,1
cricket nets require replacement as the netting has torn at several places,2026-09-03 01:31:35,Sports,feedback form,2
Frequent packet drops on campus Wi-Fi make attending virtual lectures impossible.,2026-09-03 01:35:39,Wi-Fi/Internet,support ticket,1
"Wi-Fi disconnects every 15 minutes during project work, unbearable!",2026-09-03 01:39:29,Wi-Fi/Internet,survey,1
elevator in engineering block was under maintenance during morning rush,2026-09-03 01:54:36,Facilities,email,2
"Hostel Block D has zero Wi-Fi signal in corner rooms, forced to use mobile hotspot.",2026-09-03 01:57:13,Hostel,survey,2
"Hostel Block D has zero Wi-Fi signal in corner rooms, forced to use mobile hotspot.",2026-09-03 02:28:06,Hostel,review,1
"transcript request was processed within 2 working days, very impressed",2026-09-03 02:29:59,Administration,review,5
Wi-Fi keeps kicking devices off the network every few minutes.,2026-09-03 02:52:30,Wi-Fi/Internet,email,2
cultural fest organization was seamless and guest lectures were inspiring,2026-09-03 02:53:43,Events,feedback form,5
schedule for end semester practical exams overlaps with elective test,2026-09-03 03:29:30,Academics,review,2
professors are approachable during designated office consultation hours,2026-09-03 03:33:38,Academics,review,5
campus grounds are kept remarkably green and litter-free,2026-09-03 03:40:06,Cleanliness,email,5
bus frequency during peak evening hours between 5pm-6pm is adequate,2026-09-03 03:40:33,Transportation,support ticket,4
"Hostel bathroom cleanliness is substandard, cleaning staff does not show up daily.",2026-09-03 03:55:00,Hostel,feedback form,1
Wi-Fi authentication gateway times out repeatedly when submitting assignments.,2026-09-03 04:11:09,Wi-Fi/Internet,survey,1
"transcript request was processed within 2 working days, very impressed",2026-09-03 04:11:31,Administration,feedback form,5
faculty feedback process is transparent and taken seriously by HOD,2026-09-03 04:28:19,Academics,survey,4
wfi in cafetaria is totally not working yaar... plz do the needful ASAP!!,2026-09-03 04:33:56,Cleanliness,survey,3
weekend transit schedule should include an extra night service from metro station,2026-09-03 04:43:38,Transportation,survey,3
campus security personnel are vigilant and polite at main vehicle checkpost,2026-09-03 04:44:53,Security,survey,5
Frequent packet drops on campus Wi-Fi make attending virtual lectures impossible.,2026-09-03 05:29:39,Wi-Fi/Internet,feedback form,1
"driver on route 7 drives aggressively on speed breakers, please check",2026-09-03 05:32:48,Transportation,email,2
professors are approachable during designated office consultation hours,2026-09-03 05:41:21,Academics,feedback form,5
schedule for end semester practical exams overlaps with elective test,2026-09-03 05:51:10,Academics,feedback form,2
elevator in engineering block was under maintenance during morning rush,2026-09-03 05:55:04,Facilities,survey,2
schedule for end semester practical exams overlaps with elective test,2026-09-03 06:18:17,Academics,feedback form,2
Bathroom flush in hostel room 304 not working properly since two weeks.,2026-09-03 06:22:17,Hostel,review,2
acoustics in the main auditorium were distorted during the musical evening,2026-09-03 06:29:20,Events,review,3
online fee receipt generation is instant and hassle-free,2026-09-03 06:30:14,Fees,survey,4
"Terrible network latency on campus Wi-Fi, even Google searches fail to load.",2026-09-03 07:08:23,Wi-Fi/Internet,survey,2
Wi-Fi keeps kicking devices off the network every few minutes.,2026-09-03 07:33:37,Wi-Fi/Internet,survey,1
Wi-Fi is constantly dropping in the central library reading room,2026-09-03 07:49:12,Library,support ticket,2
campus security personnel are vigilant and polite at main vehicle checkpost,2026-09-03 08:05:32,Security,feedback form,5
long queues at student welfare window due to single staff member operating,2026-09-03 08:07:28,Administration,email,2
study desks in quiet section are comfortable and well-lit,2026-09-03 08:20:34,Library,support ticket,5
Internet in common areas is completely unusable after the recent router update.,2026-09-03 08:28:33,Wi-Fi/Internet,survey,1
late fee penalty policy is too rigid when bank server transactions fail,2026-09-03 08:32:52,Fees,support ticket,2
"Plumbing maintenance in block B is very slow, taps are constantly dripping.",2026-09-03 08:36:07,Hostel,feedback form,1
"Wi-Fi disconnects every 15 minutes during project work, unbearable!",2026-09-03 08:36:35,Wi-Fi/Internet,survey,1
morning breakfast poha and upma are quite decent and fresh,2026-09-03 08:54:03,Cafeteria,survey,4
campus grounds are kept remarkably green and litter-free,2026-09-03 08:58:24,Cleanliness,support ticket,5
Wi-Fi keeps kicking devices off the network every few minutes.,2026-09-03 09:03:53,Wi-Fi/Internet,email,2
Frequent packet drops on campus Wi-Fi make attending virtual lectures impossible.,2026-09-03 09:07:11,Wi-Fi/Internet,feedback form,1
schedule for end semester practical exams overlaps with elective test,2026-09-03 09:24:03,Academics,survey,2
"Wi-Fi disconnects every 15 minutes during project work, unbearable!",2026-09-03 09:50:15,Wi-Fi/Internet,review,1
"Terrible network latency on campus Wi-Fi, even Google searches fail to load.",2026-09-03 10:12:14,Wi-Fi/Internet,email,2
Internet in common areas is completely unusable after the recent router update.,2026-09-03 10:12:58,Wi-Fi/Internet,feedback form,2
campus security personnel are vigilant and polite at main vehicle checkpost,2026-09-03 10:27:44,Security,email,5
digital library terminal mice are sticky and need replacement,2026-09-03 10:31:22,Library,survey,2
campus grounds are kept remarkably green and litter-free,2026-09-03 10:35:43,Cleanliness,email,5
lab equipment for digital electronics is outdated and some kits are faulty,2026-09-03 10:51:33,Academics,survey,2
Frequent packet drops on campus Wi-Fi make attending virtual lectures impossible.,2026-09-03 10:56:12,Wi-Fi/Internet,review,1
Frequent packet drops on campus Wi-Fi make attending virtual lectures impossible.,2026-09-03 11:01:05,Wi-Fi/Internet,survey,1
Air conditioning in seminar hall 2 is leaking water on the front row seats.,2026-09-03 11:02:13,Cleanliness,email,2
"driver on route 7 drives aggressively on speed breakers, please check",2026-09-03 11:07:31,Transportation,feedback form,2
Bathroom flush in hostel room 304 not working properly since two weeks.,2026-09-03 11:09:53,Hostel,survey,1
Internet in common areas is completely unusable after the recent router update.,2026-09-03 11:26:12,Wi-Fi/Internet,support ticket,2
long queues at student welfare window due to single staff member operating,2026-09-03 11:33:51,Administration,feedback form,2
badminton court wooden flooring has been maintained in top shape,2026-09-03 11:35:54,Sports,survey,5
weekend transit schedule should include an extra night service from metro station,2026-09-03 11:49:37,Transportation,support ticket,3
"Wi-Fi disconnects every 15 minutes during project work, unbearable!",2026-09-03 11:52:27,Wi-Fi/Internet,review,2
cricket nets require replacement as the netting has torn at several places,2026-09-03 11:55:08,Sports,support ticket,2
badminton court wooden flooring has been maintained in top shape,2026-09-03 12:03:59,Sports,email,5
coffee machine in main canteen was broken for two days,2026-09-03 12:13:12,Cafeteria,survey,2
long queues at student welfare window due to single staff member operating,2026-09-03 12:15:44,Administration,review,2
Frequent packet drops on campus Wi-Fi make attending virtual lectures impossible.,2026-09-03 12:29:16,Wi-Fi/Internet,email,1
"Hostel warden resolved the water cooler issue promptly, thank you.",2026-09-03 12:34:53,Cleanliness,email,1
weekend transit schedule should include an extra night service from metro station,2026-09-03 12:45:32,Transportation,review,3
"transcript request was processed within 2 working days, very impressed",2026-09-03 13:46:36,Administration,feedback form,5
Drainage in ground floor washroom gets clogged every few days.,2026-09-03 13:50:13,Hostel,survey,1
classroom projectors in block 2 have low lamp brightness,2026-09-03 14:21:10,Facilities,review,2
"Terrible network latency on campus Wi-Fi, even Google searches fail to load.",2026-09-03 14:52:51,Wi-Fi/Internet,support ticket,1
late fee penalty policy is too rigid when bank server transactions fail,2026-09-03 15:05:09,Fees,support ticket,2
Internet in common areas is completely unusable after the recent router update.,2026-09-03 15:06:48,Wi-Fi/Internet,support ticket,2
"Hostel bathroom cleanliness is substandard, cleaning staff does not show up daily.",2026-09-03 15:56:50,Hostel,survey,1
campus security personnel are vigilant and polite at main vehicle checkpost,2026-09-03 15:59:34,Security,feedback form,5
long queues at student welfare window due to single staff member operating,2026-09-03 16:16:26,Administration,review,2
weekend transit schedule should include an extra night service from metro station,2026-09-03 16:31:04,Transportation,support ticket,3
acoustics in the main auditorium were distorted during the musical evening,2026-09-03 17:04:18,Events,email,3
acoustics in the main auditorium were distorted during the musical evening,2026-09-03 17:13:16,Events,review,3
Campus internet speed has plummeted drastically this week.,2026-09-03 17:31:18,Wi-Fi/Internet,email,1
campus grounds are kept remarkably green and litter-free,2026-09-03 17:31:42,Cleanliness,email,5
Unable to attend online lab sessions because the Wi-Fi signal drops constantly.,2026-09-03 18:09:21,Wi-Fi/Internet,feedback form,2
cricket nets require replacement as the netting has torn at several places,2026-09-03 18:29:00,Sports,support ticket,2
elevator in engineering block was under maintenance during morning rush,2026-09-03 18:44:39,Facilities,survey,2
Wi-Fi keeps kicking devices off the network every few minutes.,2026-09-03 18:45:41,Wi-Fi/Internet,support ticket,1
Internet in common areas is completely unusable after the recent router update.,2026-09-03 19:22:12,Wi-Fi/Internet,feedback form,2
Campus internet speed has plummeted drastically this week.,2026-09-03 19:35:56,Wi-Fi/Internet,support ticket,2
Wi-Fi authentication gateway times out repeatedly when submitting assignments.,2026-09-03 19:50:49,Wi-Fi/Internet,review,1
"Wi-Fi disconnects every 15 minutes during project work, unbearable!",2026-09-03 20:09:56,Wi-Fi/Internet,survey,1
need more copies of the latest edition algorithms reference book,2026-09-03 20:10:57,Library,survey,3
Drainage in ground floor washroom gets clogged every few days.,2026-09-03 20:33:57,Hostel,support ticket,1
late fee penalty policy is too rigid when bank server transactions fail,2026-09-03 20:41:48,Fees,support ticket,2
faculty feedback process is transparent and taken seriously by HOD,2026-09-03 20:41:55,Academics,support ticket,4
Frequent packet drops on campus Wi-Fi make attending virtual lectures impossible.,2026-09-03 21:03:43,Wi-Fi/Internet,email,2
late fee penalty policy is too rigid when bank server transactions fail,2026-09-03 21:13:19,Fees,email,2
"Wi-Fi disconnects every 15 minutes during project work, unbearable!",2026-09-03 21:13:19,Wi-Fi/Internet,email,1
"driver on route 7 drives aggressively on speed breakers, please check",2026-09-03 21:39:46,Transportation,feedback form,2
Wi-Fi authentication gateway times out repeatedly when submitting assignments.,2026-09-03 21:57:47,Wi-Fi/Internet,feedback form,2
coffee machine in main canteen was broken for two days,2026-09-03 22:34:24,Cafeteria,survey,2
late fee penalty policy is too rigid when bank server transactions fail,2026-09-03 22:37:21,Fees,feedback form,2
Unable to attend online lab sessions because the Wi-Fi signal drops constantly.,2026-09-03 22:48:41,Wi-Fi/Internet,review,2
Frequent packet drops on campus Wi-Fi make attending virtual lectures impossible.,2026-09-03 23:02:14,Wi-Fi/Internet,feedback form,2
acoustics in the main auditorium were distorted during the musical evening,2026-09-03 23:04:45,Events,feedback form,3
campus grounds are kept remarkably green and litter-free,2026-09-03 23:10:35,Cleanliness,review,5
classroom projectors in block 2 have low lamp brightness,2026-09-03 23:18:16,Facilities,feedback form,2
Water pressure in 4th floor hostel showers is almost zero in the morning.,2026-09-03 23:40:49,Hostel,support ticket,1
wfi in cafetaria is totally not working yaar... plz do the needful ASAP!!,2026-09-03 23:56:36,Fees,survey,1
study desks in quiet section are comfortable and well-lit,2026-09-03 23:56:49,Library,review,5
faculty feedback process is transparent and taken seriously by HOD,2026-09-04 00:05:06,Academics,feedback form,4
"street lights near basketball court are flickering, feels unsafe at night",2026-09-04 00:07:56,Security,email,2
late fee penalty policy is too rigid when bank server transactions fail,2026-09-04 00:09:28,Fees,support ticket,2
Campus internet speed has plummeted drastically this week.,2026-09-04 00:26:43,Wi-Fi/Internet,survey,2
professors are approachable during designated office consultation hours,2026-09-04 00:47:25,Academics,feedback form,5
study desks in quiet section are comfortable and well-lit,2026-09-04 01:10:45,Library,support ticket,5
"Wi-Fi disconnects every 15 minutes during project work, unbearable!",2026-09-04 01:39:14,Wi-Fi/Internet,support ticket,2
"Terrible network latency on campus Wi-Fi, even Google searches fail to load.",2026-09-04 02:00:56,Wi-Fi/Internet,survey,2
schedule for end semester practical exams overlaps with elective test,2026-09-04 02:51:30,Academics,email,2
professors are approachable during designated office consultation hours,2026-09-04 02:53:51,Academics,support ticket,5
Unable to attend online lab sessions because the Wi-Fi signal drops constantly.,2026-09-04 02:59:11,Wi-Fi/Internet,feedback form,1
lab equipment for digital electronics is outdated and some kits are faulty,2026-09-04 03:05:01,Academics,feedback form,2
need more copies of the latest edition algorithms reference book,2026-09-04 03:43:05,Library,feedback form,3
Unable to attend online lab sessions because the Wi-Fi signal drops constantly.,2026-09-04 04:22:36,Wi-Fi/Internet,review,2
Water pressure in 4th floor hostel showers is almost zero in the morning.,2026-09-04 04:31:14,Hostel,email,2
faculty feedback process is transparent and taken seriously by HOD,2026-09-04 04:32:04,Academics,review,4
Internet in common areas is completely unusable after the recent router update.,2026-09-04 04:56:05,Wi-Fi/Internet,email,2
cricket nets require replacement as the netting has torn at several places,2026-09-04 04:57:23,Sports,email,2
digital library terminal mice are sticky and need replacement,2026-09-04 05:08:34,Library,feedback form,2
campus security personnel are vigilant and polite at main vehicle checkpost,2026-09-04 05:15:11,Security,email,5
digital library terminal mice are sticky and need replacement,2026-09-04 05:24:51,Library,feedback form,2
need more copies of the latest edition algorithms reference book,2026-09-04 05:30:27,Library,survey,3
Hostel geysers in block C are still leaking despite repeated complaints.,2026-09-04 05:44:01,Hostel,feedback form,2
Internet in common areas is completely unusable after the recent router update.,2026-09-04 05:52:00,Wi-Fi/Internet,feedback form,1
Great workshop conducted by robotics club! Really learned a lot.,2026-09-04 06:01:24,Hostel,review,4
Wi-Fi keeps kicking devices off the network every few minutes.,2026-09-04 06:02:23,Wi-Fi/Internet,support ticket,1
"transcript request was processed within 2 working days, very impressed",2026-09-04 06:45:50,Administration,email,5
"Cannot connect to library internet, frequent disconnects experienced",2026-09-04 06:46:45,Library,support ticket,2
restrooms in ground floor management block need more frequent checks,2026-09-04 06:58:06,Cleanliness,survey,2
Continuous wi-fi dropouts while studying on 2nd floor of library,2026-09-04 07:02:34,Library,email,2
water coolers on third floor are functioning smoothly and chilled,2026-09-04 07:12:04,Facilities,email,4
Wi-Fi in hostel common room has been down for three days straight.,2026-09-04 07:22:55,Hostel,survey,2
cricket nets require replacement as the netting has torn at several places,2026-09-04 08:28:19,Sports,email,2
cultural fest organization was seamless and guest lectures were inspiring,2026-09-04 08:28:44,Events,support ticket,5
acoustics in the main auditorium were distorted during the musical evening,2026-09-04 09:05:32,Events,email,3
classroom projectors in block 2 have low lamp brightness,2026-09-04 09:07:58,Facilities,feedback form,2
late fee penalty policy is too rigid when bank server transactions fail,2026-09-04 09:22:10,Fees,support ticket,2
"street lights near basketball court are flickering, feels unsafe at night",2026-09-04 09:33:19,Security,feedback form,2
cricket nets require replacement as the netting has torn at several places,2026-09-04 09:36:58,Sports,review,2
late fee penalty policy is too rigid when bank server transactions fail,2026-09-04 09:44:48,Fees,review,2
badminton court wooden flooring has been maintained in top shape,2026-09-04 10:28:53,Sports,feedback form,5
Campus internet speed has plummeted drastically this week.,2026-09-04 10:57:54,Wi-Fi/Internet,email,1
Frequent packet drops on campus Wi-Fi make attending virtual lectures impossible.,2026-09-04 11:05:18,Wi-Fi/Internet,support ticket,1
"Wi-Fi disconnects every 15 minutes during project work, unbearable!",2026-09-04 11:06:33,Wi-Fi/Internet,review,1
weekend transit schedule should include an extra night service from metro station,2026-09-04 11:11:32,Transportation,support ticket,3
digital library terminal mice are sticky and need replacement,2026-09-04 11:13:03,Library,support ticket,2
Frequent packet drops on campus Wi-Fi make attending virtual lectures impossible.,2026-09-04 11:14:30,Wi-Fi/Internet,review,1
"street lights near basketball court are flickering, feels unsafe at night",2026-09-04 11:29:32,Security,email,2
"Wi-Fi disconnects every 15 minutes during project work, unbearable!",2026-09-04 12:02:13,Wi-Fi/Internet,feedback form,2
campus grounds are kept remarkably green and litter-free,2026-09-04 12:10:03,Cleanliness,review,5
"Terrible network latency on campus Wi-Fi, even Google searches fail to load.",2026-09-04 12:31:27,Wi-Fi/Internet,support ticket,2
campus security personnel are vigilant and polite at main vehicle checkpost,2026-09-04 12:58:05,Security,review,5
professors are approachable during designated office consultation hours,2026-09-04 13:02:35,Academics,survey,5
online fee receipt generation is instant and hassle-free,2026-09-04 13:06:46,Fees,feedback form,4
Campus internet speed has plummeted drastically this week.,2026-09-04 13:31:56,Wi-Fi/Internet,review,1
wfi in cafetaria is totally not working yaar... plz do the needful ASAP!!,2026-09-04 13:40:02,Sports,email,5
late fee penalty policy is too rigid when bank server transactions fail,2026-09-04 13:52:20,Fees,email,2
"street lights near basketball court are flickering, feels unsafe at night",2026-09-04 13:58:29,Security,review,2
"transcript request was processed within 2 working days, very impressed",2026-09-04 14:05:04,Administration,review,5
Cannot download research papers from library digital section due to no Wi-Fi.,2026-09-04 14:10:44,Library,support ticket,1
"driver on route 7 drives aggressively on speed breakers, please check",2026-09-04 14:17:39,Transportation,review,2
campus grounds are kept remarkably green and litter-free,2026-09-04 14:53:43,Cleanliness,feedback form,5
dustbins in cafeteria annex area overflow during lunch rush hours,2026-09-04 15:00:56,Cleanliness,survey,2
water coolers on third floor are functioning smoothly and chilled,2026-09-04 15:00:59,Facilities,survey,4
Wi-Fi authentication gateway times out repeatedly when submitting assignments.,2026-09-04 15:42:18,Wi-Fi/Internet,survey,1
Unable to attend online lab sessions because the Wi-Fi signal drops constantly.,2026-09-04 16:00:23,Wi-Fi/Internet,review,1
Wi-Fi authentication gateway times out repeatedly when submitting assignments.,2026-09-04 16:04:12,Wi-Fi/Internet,review,2
"street lights near basketball court are flickering, feels unsafe at night",2026-09-04 16:17:46,Security,feedback form,2
restrooms in ground floor management block need more frequent checks,2026-09-04 16:34:06,Cleanliness,review,2
water coolers on third floor are functioning smoothly and chilled,2026-09-04 17:30:57,Facilities,survey,4
Wi-Fi authentication gateway times out repeatedly when submitting assignments.,2026-09-04 17:48:53,Wi-Fi/Internet,survey,1
faculty feedback process is transparent and taken seriously by HOD,2026-09-04 17:58:29,Academics,email,4
late fee penalty policy is too rigid when bank server transactions fail,2026-09-04 18:09:47,Fees,review,2
professors are approachable during designated office consultation hours,2026-09-04 18:17:29,Academics,survey,5
weekend transit schedule should include an extra night service from metro station,2026-09-04 18:18:00,Transportation,review,3
"Terrible network latency on campus Wi-Fi, even Google searches fail to load.",2026-09-04 18:58:08,Wi-Fi/Internet,feedback form,1
long queues at student welfare window due to single staff member operating,2026-09-04 19:01:54,Administration,feedback form,2
"transcript request was processed within 2 working days, very impressed",2026-09-04 19:05:53,Administration,email,5
coffee machine in main canteen was broken for two days,2026-09-04 19:27:52,Cafeteria,survey,2
campus security personnel are vigilant and polite at main vehicle checkpost,2026-09-04 19:41:38,Security,email,5
Library staff was very helpful with issuing reference textbooks today.,2026-09-04 19:59:01,Cleanliness,email,3
"Wi-Fi disconnects every 15 minutes during project work, unbearable!",2026-09-04 20:07:53,Wi-Fi/Internet,survey,1
study desks in quiet section are comfortable and well-lit,2026-09-04 20:55:19,Library,feedback form,5
cultural fest organization was seamless and guest lectures were inspiring,2026-09-04 21:01:40,Events,survey,5
"Terrible network latency on campus Wi-Fi, even Google searches fail to load.",2026-09-04 21:11:53,Wi-Fi/Internet,review,1
cultural fest organization was seamless and guest lectures were inspiring,2026-09-04 21:29:32,Events,support ticket,5
online fee receipt generation is instant and hassle-free,2026-09-04 21:43:24,Fees,support ticket,4
lab equipment for digital electronics is outdated and some kits are faulty,2026-09-04 21:46:32,Academics,feedback form,2
Internet in common areas is completely unusable after the recent router update.,2026-09-04 22:21:20,Wi-Fi/Internet,survey,1
"Wi-Fi disconnects every 15 minutes during project work, unbearable!",2026-09-04 22:24:51,Wi-Fi/Internet,survey,2
acoustics in the main auditorium were distorted during the musical evening,2026-09-04 22:30:26,Events,survey,3
digital library terminal mice are sticky and need replacement,2026-09-04 22:34:25,Library,email,2
digital library terminal mice are sticky and need replacement,2026-09-04 23:00:22,Library,review,2
"Terrible network latency on campus Wi-Fi, even Google searches fail to load.",2026-09-04 23:03:56,Wi-Fi/Internet,feedback form,1
weekend transit schedule should include an extra night service from metro station,2026-09-04 23:38:07,Transportation,support ticket,3
digital library terminal mice are sticky and need replacement,2026-09-04 23:49:35,Library,review,2
Wi-Fi keeps kicking devices off the network every few minutes.,2026-09-05 00:01:49,Wi-Fi/Internet,survey,1
online fee receipt generation is instant and hassle-free,2026-09-05 00:05:47,Fees,survey,4
badminton court wooden flooring has been maintained in top shape,2026-09-05 00:16:58,Sports,feedback form,5
dustbins in cafeteria annex area overflow during lunch rush hours,2026-09-05 00:17:16,Cleanliness,support ticket,2
cultural fest organization was seamless and guest lectures were inspiring,2026-09-05 00:26:52,Events,email,5
elevator in engineering block was under maintenance during morning rush,2026-09-05 00:37:42,Facilities,feedback form,2
elevator in engineering block was under maintenance during morning rush,2026-09-05 01:14:05,Facilities,email,2
weekend transit schedule should include an extra night service from metro station,2026-09-05 01:23:57,Transportation,support ticket,3
morning breakfast poha and upma are quite decent and fresh,2026-09-05 01:27:03,Cafeteria,support ticket,4
"transcript request was processed within 2 working days, very impressed",2026-09-05 01:39:42,Administration,survey,5
lab equipment for digital electronics is outdated and some kits are faulty,2026-09-05 01:56:47,Academics,feedback form,2
Internet in common areas is completely unusable after the recent router update.,2026-09-05 02:31:20,Wi-Fi/Internet,survey,2
late fee penalty policy is too rigid when bank server transactions fail,2026-09-05 02:38:57,Fees,support ticket,2
badminton court wooden flooring has been maintained in top shape,2026-09-05 02:46:02,Sports,support ticket,5
"hostle mess food is so cold by 7pm, not even eatable seriously :(",2026-09-05 02:56:34,Cafeteria,feedback form,5
weekend transit schedule should include an extra night service from metro station,2026-09-05 03:05:39,Transportation,email,3
"food quality is mediocre, especially dinner menu is repetitive",2026-09-05 03:39:02,Cafeteria,review,2
Hostel geysers in block C are still leaking despite repeated complaints.,2026-09-05 03:49:56,Hostel,review,2
professors are approachable during designated office consultation hours,2026-09-05 04:02:40,Academics,survey,5
"food quality is mediocre, especially dinner menu is repetitive",2026-09-05 04:06:26,Cafeteria,feedback form,2
long queues at student welfare window due to single staff member operating,2026-09-05 04:20:11,Administration,review,2
juice bar offers great healthy options at subsidized student rates,2026-09-05 04:20:25,Cafeteria,survey,5
water coolers on third floor are functioning smoothly and chilled,2026-09-05 04:28:23,Facilities,email,4
Bathroom flush in hostel room 304 not working properly since two weeks.,2026-09-05 04:49:21,Hostel,email,2
"driver on route 7 drives aggressively on speed breakers, please check",2026-09-05 04:55:44,Transportation,feedback form,2
online fee receipt generation is instant and hassle-free,2026-09-05 04:57:17,Fees,survey,4
badminton court wooden flooring has been maintained in top shape,2026-09-05 05:14:01,Sports,feedback form,5
"driver on route 7 drives aggressively on speed breakers, please check",2026-09-05 05:22:23,Transportation,review,2
late fee penalty policy is too rigid when bank server transactions fail,2026-09-05 05:26:01,Fees,email,2
Wi-Fi keeps kicking devices off the network every few minutes.,2026-09-05 05:34:16,Wi-Fi/Internet,feedback form,2
acoustics in the main auditorium were distorted during the musical evening,2026-09-05 05:34:30,Events,email,3
acoustics in the main auditorium were distorted during the musical evening,2026-09-05 05:43:29,Events,survey,3
Wi-Fi keeps kicking devices off the network every few minutes.,2026-09-05 05:47:28,Wi-Fi/Internet,support ticket,2
cricket nets require replacement as the netting has torn at several places,2026-09-05 05:51:37,Sports,email,2
water coolers on third floor are functioning smoothly and chilled,2026-09-05 05:53:12,Facilities,support ticket,4
Frequent packet drops on campus Wi-Fi make attending virtual lectures impossible.,2026-09-05 05:58:31,Wi-Fi/Internet,survey,2
Unable to attend online lab sessions because the Wi-Fi signal drops constantly.,2026-09-05 06:24:41,Wi-Fi/Internet,survey,1
faculty feedback process is transparent and taken seriously by HOD,2026-09-05 07:24:30,Academics,feedback form,4
cricket nets require replacement as the netting has torn at several places,2026-09-05 07:27:24,Sports,survey,2
Frequent packet drops on campus Wi-Fi make attending virtual lectures impossible.,2026-09-05 07:36:45,Wi-Fi/Internet,review,1
"Terrible network latency on campus Wi-Fi, even Google searches fail to load.",2026-09-05 07:50:00,Wi-Fi/Internet,survey,2
bus frequency during peak evening hours between 5pm-6pm is adequate,2026-09-05 08:19:41,Transportation,review,4
restrooms in ground floor management block need more frequent checks,2026-09-05 08:34:46,Cleanliness,support ticket,2
Wi-Fi keeps kicking devices off the network every few minutes.,2026-09-05 09:02:49,Wi-Fi/Internet,support ticket,2
restrooms in ground floor management block need more frequent checks,2026-09-05 09:03:58,Cleanliness,survey,2
Wi-Fi keeps kicking devices off the network every few minutes.,2026-09-05 09:38:36,Wi-Fi/Internet,support ticket,1
weekend transit schedule should include an extra night service from metro station,2026-09-05 09:42:21,Transportation,email,3
Wi-Fi authentication gateway times out repeatedly when submitting assignments.,2026-09-05 09:47:00,Wi-Fi/Internet,survey,1
study desks in quiet section are comfortable and well-lit,2026-09-05 09:57:35,Library,support ticket,5
acoustics in the main auditorium were distorted during the musical evening,2026-09-05 09:59:07,Events,feedback form,3
Wi-Fi keeps kicking devices off the network every few minutes.,2026-09-05 10:08:11,Wi-Fi/Internet,review,1
restrooms in ground floor management block need more frequent checks,2026-09-05 10:22:50,Cleanliness,feedback form,2
Frequent packet drops on campus Wi-Fi make attending virtual lectures impossible.,2026-09-05 10:48:52,Wi-Fi/Internet,feedback form,1
Drainage in ground floor washroom gets clogged every few days.,2026-09-05 11:03:39,Hostel,survey,1
Wi-Fi authentication gateway times out repeatedly when submitting assignments.,2026-09-05 11:05:05,Wi-Fi/Internet,support ticket,1
wfi in cafetaria is totally not working yaar... plz do the needful ASAP!!,2026-09-05 11:08:24,Cleanliness,feedback form,4
"driver on route 7 drives aggressively on speed breakers, please check",2026-09-05 11:09:42,Transportation,email,2
classroom projectors in block 2 have low lamp brightness,2026-09-05 11:23:37,Facilities,support ticket,2
bus frequency during peak evening hours between 5pm-6pm is adequate,2026-09-05 11:58:29,Transportation,feedback form,4
mess cutlery is often greasy and not cleaned thoroughly,2026-09-05 12:27:28,Cafeteria,email,1
bus frequency during peak evening hours between 5pm-6pm is adequate,2026-09-05 12:57:58,Transportation,email,4
Wi-Fi keeps kicking devices off the network every few minutes.,2026-09-05 13:03:57,Wi-Fi/Internet,review,2
mess cutlery is often greasy and not cleaned thoroughly,2026-09-05 13:24:25,Cafeteria,survey,1
schedule for end semester practical exams overlaps with elective test,2026-09-05 13:34:03,Academics,feedback form,2
Bathroom flush in hostel room 304 not working properly since two weeks.,2026-09-05 13:35:40,Hostel,survey,2
campus grounds are kept remarkably green and litter-free,2026-09-05 14:06:23,Cleanliness,feedback form,5
long queues at student welfare window due to single staff member operating,2026-09-05 14:10:06,Administration,survey,2
digital library terminal mice are sticky and need replacement,2026-09-05 14:20:15,Library,feedback form,2
"Terrible network latency on campus Wi-Fi, even Google searches fail to load.",2026-09-05 14:26:07,Wi-Fi/Internet,feedback form,1
late fee penalty policy is too rigid when bank server transactions fail,2026-09-05 14:32:04,Fees,support ticket,2
cultural fest organization was seamless and guest lectures were inspiring,2026-09-05 14:42:15,Events,email,5
cultural fest organization was seamless and guest lectures were inspiring,2026-09-05 14:44:13,Events,email,5
Wi-Fi keeps kicking devices off the network every few minutes.,2026-09-05 15:47:02,Wi-Fi/Internet,survey,2
study desks in quiet section are comfortable and well-lit,2026-09-05 15:58:02,Library,email,5
Internet in common areas is completely unusable after the recent router update.,2026-09-05 16:10:21,Wi-Fi/Internet,review,1
schedule for end semester practical exams overlaps with elective test,2026-09-05 16:13:44,Academics,feedback form,2
long queues at student welfare window due to single staff member operating,2026-09-05 16:18:34,Administration,feedback form,2
Wi-Fi keeps kicking devices off the network every few minutes.,2026-09-05 16:33:47,Wi-Fi/Internet,survey,2
wfi in cafetaria is totally not working yaar... plz do the needful ASAP!!,2026-09-05 16:34:06,Fees,review,4
Wi-Fi in hostel common room has been down for three days straight.,2026-09-05 16:37:16,Hostel,email,1
classroom projectors in block 2 have low lamp brightness,2026-09-05 16:37:59,Facilities,email,2
Wi-Fi keeps kicking devices off the network every few minutes.,2026-09-05 16:49:02,Wi-Fi/Internet,survey,2
Wi-Fi keeps kicking devices off the network every few minutes.,2026-09-05 17:48:23,Wi-Fi/Internet,review,1
campus security personnel are vigilant and polite at main vehicle checkpost,2026-09-05 17:48:24,Security,survey,5
water coolers on third floor are functioning smoothly and chilled,2026-09-05 17:50:19,Facilities,survey,4
Wi-Fi keeps kicking devices off the network every few minutes.,2026-09-05 18:03:35,Wi-Fi/Internet,survey,2
online fee receipt generation is instant and hassle-free,2026-09-05 18:04:14,Fees,survey,4
professors are approachable during designated office consultation hours,2026-09-05 18:10:45,Academics,support ticket,5
late fee penalty policy is too rigid when bank server transactions fail,2026-09-05 18:13:15,Fees,survey,2
need more copies of the latest edition algorithms reference book,2026-09-05 18:13:56,Library,email,3
coffee machine in main canteen was broken for two days,2026-09-05 18:48:37,Cafeteria,support ticket,2
campus grounds are kept remarkably green and litter-free,2026-09-05 19:05:31,Cleanliness,survey,5
Wi-Fi authentication gateway times out repeatedly when submitting assignments.,2026-09-05 19:07:33,Wi-Fi/Internet,email,1
late fee penalty policy is too rigid when bank server transactions fail,2026-09-05 19:50:03,Fees,email,2
water coolers on third floor are functioning smoothly and chilled,2026-09-05 19:52:35,Facilities,email,4
Internet in common areas is completely unusable after the recent router update.,2026-09-05 19:54:07,Wi-Fi/Internet,feedback form,2
Wi-Fi authentication gateway times out repeatedly when submitting assignments.,2026-09-05 20:00:14,Wi-Fi/Internet,survey,1
need more copies of the latest edition algorithms reference book,2026-09-05 20:27:27,Library,review,3
"street lights near basketball court are flickering, feels unsafe at night",2026-09-05 20:35:21,Security,review,2
restrooms in ground floor management block need more frequent checks,2026-09-05 21:16:29,Cleanliness,email,2
cultural fest organization was seamless and guest lectures were inspiring,2026-09-05 21:22:20,Events,support ticket,5
"transcript request was processed within 2 working days, very impressed",2026-09-05 21:23:30,Administration,feedback form,5
Campus internet speed has plummeted drastically this week.,2026-09-05 21:29:04,Wi-Fi/Internet,email,2
cultural fest organization was seamless and guest lectures were inspiring,2026-09-05 21:46:40,Events,feedback form,5
Internet in common areas is completely unusable after the recent router update.,2026-09-05 21:51:04,Wi-Fi/Internet,feedback form,1
juice bar offers great healthy options at subsidized student rates,2026-09-05 22:19:13,Cafeteria,survey,5
"Wi-Fi disconnects every 15 minutes during project work, unbearable!",2026-09-05 22:19:41,Wi-Fi/Internet,review,1
"Cafeteria dosa counter service has improved significantly this semester, kudos!",2026-09-05 22:38:36,Security,support ticket,5
mess cutlery is often greasy and not cleaned thoroughly,2026-09-05 22:43:57,Cafeteria,support ticket,1
"Cafeteria dosa counter service has improved significantly this semester, kudos!",2026-09-05 22:48:27,Cafeteria,email,2
Wi-Fi in hostel common room has been down for three days straight.,2026-09-05 23:02:15,Hostel,review,2
Frequent packet drops on campus Wi-Fi make attending virtual lectures impossible.,2026-09-05 23:26:24,Wi-Fi/Internet,support ticket,2
faculty feedback process is transparent and taken seriously by HOD,2026-09-05 23:54:31,Academics,survey,4
Wi-Fi keeps kicking devices off the network every few minutes.,2026-09-06 00:30:14,Wi-Fi/Internet,feedback form,2
weekend transit schedule should include an extra night service from metro station,2026-09-06 00:36:33,Transportation,feedback form,3
"street lights near basketball court are flickering, feels unsafe at night",2026-09-06 00:46:01,Security,survey,2
water coolers on third floor are functioning smoothly and chilled,2026-09-06 01:32:23,Facilities,email,4
Wi-Fi keeps kicking devices off the network every few minutes.,2026-09-06 01:32:39,Wi-Fi/Internet,review,1
dustbins in cafeteria annex area overflow during lunch rush hours,2026-09-06 01:46:17,Cleanliness,survey,2
Drainage in ground floor washroom gets clogged every few days.,2026-09-06 02:15:13,Hostel,feedback form,1
elevator in engineering block was under maintenance during morning rush,2026-09-06 02:19:44,Facilities,support ticket,2
acoustics in the main auditorium were distorted during the musical evening,2026-09-06 02:23:13,Events,review,3
"transcript request was processed within 2 working days, very impressed",2026-09-06 02:43:43,Administration,email,5
Wi-Fi keeps kicking devices off the network every few minutes.,2026-09-06 03:08:59,Wi-Fi/Internet,review,1
Water pressure in 4th floor hostel showers is almost zero in the morning.,2026-09-06 03:10:47,Hostel,feedback form,2
morning breakfast poha and upma are quite decent and fresh,2026-09-06 03:22:06,Cafeteria,review,4
Wi-Fi authentication gateway times out repeatedly when submitting assignments.,2026-09-06 03:24:42,Wi-Fi/Internet,support ticket,2
dustbins in cafeteria annex area overflow during lunch rush hours,2026-09-06 03:29:54,Cleanliness,review,2
"Cafeteria dosa counter service has improved significantly this semester, kudos!",2026-09-06 03:38:15,Cleanliness,email,2
"Wi-Fi disconnects every 15 minutes during project work, unbearable!",2026-09-06 03:43:50,Wi-Fi/Internet,review,2
Unable to attend online lab sessions because the Wi-Fi signal drops constantly.,2026-09-06 03:53:58,Wi-Fi/Internet,review,2
morning breakfast poha and upma are quite decent and fresh,2026-09-06 04:04:30,Cafeteria,survey,4
"Terrible network latency on campus Wi-Fi, even Google searches fail to load.",2026-09-06 04:10:30,Wi-Fi/Internet,support ticket,2
professors are approachable during designated office consultation hours,2026-09-06 04:11:47,Academics,review,5
"transcript request was processed within 2 working days, very impressed",2026-09-06 04:19:20,Administration,support ticket,5
cricket nets require replacement as the netting has torn at several places,2026-09-06 04:48:39,Sports,feedback form,2
Wi-Fi keeps kicking devices off the network every few minutes.,2026-09-06 05:01:42,Wi-Fi/Internet,feedback form,1
"street lights near basketball court are flickering, feels unsafe at night",2026-09-06 05:14:39,Security,support ticket,2
badminton court wooden flooring has been maintained in top shape,2026-09-06 05:17:35,Sports,survey,5
dustbins in cafeteria annex area overflow during lunch rush hours,2026-09-06 05:25:17,Cleanliness,feedback form,2
classroom projectors in block 2 have low lamp brightness,2026-09-06 05:33:31,Facilities,survey,2
Internet in common areas is completely unusable after the recent router update.,2026-09-06 05:33:35,Wi-Fi/Internet,email,1
elevator in engineering block was under maintenance during morning rush,2026-09-06 05:34:45,Facilities,feedback form,2
cricket nets require replacement as the netting has torn at several places,2026-09-06 05:51:09,Sports,feedback form,2
Wi-Fi authentication gateway times out repeatedly when submitting assignments.,2026-09-06 05:54:27,Wi-Fi/Internet,email,1
"Wi-Fi disconnects every 15 minutes during project work, unbearable!",2026-09-06 06:37:47,Wi-Fi/Internet,feedback form,1
campus grounds are kept remarkably green and litter-free,2026-09-06 06:49:15,Cleanliness,survey,5
coffee machine in main canteen was broken for two days,2026-09-06 06:53:52,Cafeteria,review,2
"driver on route 7 drives aggressively on speed breakers, please check",2026-09-06 06:55:49,Transportation,support ticket,2
long queues at student welfare window due to single staff member operating,2026-09-06 07:00:33,Administration,support ticket,2
digital library terminal mice are sticky and need replacement,2026-09-06 07:08:34,Library,email,2
Unable to attend online lab sessions because the Wi-Fi signal drops constantly.,2026-09-06 07:12:11,Wi-Fi/Internet,email,2
badminton court wooden flooring has been maintained in top shape,2026-09-06 07:17:57,Sports,support ticket,5
badminton court wooden flooring has been maintained in top shape,2026-09-06 07:27:31,Sports,support ticket,5
Unable to attend online lab sessions because the Wi-Fi signal drops constantly.,2026-09-06 07:37:57,Wi-Fi/Internet,feedback form,1
water coolers on third floor are functioning smoothly and chilled,2026-09-06 07:57:44,Facilities,feedback form,4
faculty feedback process is transparent and taken seriously by HOD,2026-09-06 07:59:26,Academics,review,4
"transcript request was processed within 2 working days, very impressed",2026-09-06 08:16:35,Administration,email,5
late fee penalty policy is too rigid when bank server transactions fail,2026-09-06 08:28:52,Fees,support ticket,2
"hostle mess food is so cold by 7pm, not even eatable seriously :(",2026-09-06 08:36:04,Administration,review,4
campus grounds are kept remarkably green and litter-free,2026-09-06 08:43:03,Cleanliness,email,5
acoustics in the main auditorium were distorted during the musical evening,2026-09-06 08:46:16,Events,email,3
late fee penalty policy is too rigid when bank server transactions fail,2026-09-06 08:51:49,Fees,email,2
morning breakfast poha and upma are quite decent and fresh,2026-09-06 08:54:41,Cafeteria,review,4
need more copies of the latest edition algorithms reference book,2026-09-06 09:06:58,Library,review,3
"transcript request was processed within 2 working days, very impressed",2026-09-06 09:09:36,Administration,survey,5
Unable to attend online lab sessions because the Wi-Fi signal drops constantly.,2026-09-06 09:10:16,Wi-Fi/Internet,support ticket,1
Hostel room switchboards are loose and maintenance hasn't fixed them yet.,2026-09-06 09:15:19,Hostel,email,1
Internet in common areas is completely unusable after the recent router update.,2026-09-06 09:18:51,Wi-Fi/Internet,survey,2
digital library terminal mice are sticky and need replacement,2026-09-06 09:30:46,Library,email,2
juice bar offers great healthy options at subsidized student rates,2026-09-06 09:32:49,Cafeteria,survey,5
study desks in quiet section are comfortable and well-lit,2026-09-06 09:33:00,Library,survey,5
"transcript request was processed within 2 working days, very impressed",2026-09-06 09:41:05,Administration,email,5
"Terrible network latency on campus Wi-Fi, even Google searches fail to load.",2026-09-06 09:53:05,Wi-Fi/Internet,feedback form,2
bus frequency during peak evening hours between 5pm-6pm is adequate,2026-09-06 10:05:07,Transportation,email,4
Frequent packet drops on campus Wi-Fi make attending virtual lectures impossible.,2026-09-06 10:38:42,Wi-Fi/Internet,email,2
Internet in common areas is completely unusable after the recent router update.,2026-09-06 10:45:32,Wi-Fi/Internet,support ticket,2
professors are approachable during designated office consultation hours,2026-09-06 10:54:42,Academics,survey,5
"Wi-Fi disconnects every 15 minutes during project work, unbearable!",2026-09-06 11:26:11,Wi-Fi/Internet,support ticket,2
Campus internet speed has plummeted drastically this week.,2026-09-06 11:58:05,Wi-Fi/Internet,support ticket,2
Bathroom flush in hostel room 304 not working properly since two weeks.,2026-09-06 12:01:47,Hostel,feedback form,1
Wi-Fi keeps kicking devices off the network every few minutes.,2026-09-06 12:13:29,Wi-Fi/Internet,feedback form,1
"transcript request was processed within 2 working days, very impressed",2026-09-06 12:31:08,Administration,email,5
dustbins in cafeteria annex area overflow during lunch rush hours,2026-09-06 13:13:08,Cleanliness,feedback form,2
"street lights near basketball court are flickering, feels unsafe at night",2026-09-06 13:14:40,Security,survey,2
Campus internet speed has plummeted drastically this week.,2026-09-06 13:40:23,Wi-Fi/Internet,support ticket,1
campus security personnel are vigilant and polite at main vehicle checkpost,2026-09-06 13:45:55,Security,email,5
"transcript request was processed within 2 working days, very impressed",2026-09-06 13:49:07,Administration,feedback form,5
"Hostel warden resolved the water cooler issue promptly, thank you.",2026-09-06 14:00:48,Facilities,review,3
online fee receipt generation is instant and hassle-free,2026-09-06 14:08:05,Fees,review,4
Unable to attend online lab sessions because the Wi-Fi signal drops constantly.,2026-09-06 14:42:21,Wi-Fi/Internet,review,2
campus security personnel are vigilant and polite at main vehicle checkpost,2026-09-06 14:55:16,Security,review,5
need more copies of the latest edition algorithms reference book,2026-09-06 15:02:26,Library,survey,3
Frequent packet drops on campus Wi-Fi make attending virtual lectures impossible.,2026-09-06 15:32:31,Wi-Fi/Internet,survey,2
classroom projectors in block 2 have low lamp brightness,2026-09-06 15:45:47,Facilities,feedback form,2
"Plumbing maintenance in block B is very slow, taps are constantly dripping.",2026-09-06 15:49:01,Hostel,review,1
"Terrible network latency on campus Wi-Fi, even Google searches fail to load.",2026-09-06 16:13:40,Wi-Fi/Internet,survey,2
Wi-Fi authentication gateway times out repeatedly when submitting assignments.,2026-09-06 16:27:01,Wi-Fi/Internet,survey,1
Wi-Fi keeps kicking devices off the network every few minutes.,2026-09-06 17:50:14,Wi-Fi/Internet,support ticket,1
juice bar offers great healthy options at subsidized student rates,2026-09-06 17:52:21,Cafeteria,feedback form,5
Frequent packet drops on campus Wi-Fi make attending virtual lectures impossible.,2026-09-06 18:22:56,Wi-Fi/Internet,support ticket,2
Wi-Fi keeps kicking devices off the network every few minutes.,2026-09-06 18:41:57,Wi-Fi/Internet,survey,2
Water pressure in 4th floor hostel showers is almost zero in the morning.,2026-09-06 18:50:31,Hostel,feedback form,1
late fee penalty policy is too rigid when bank server transactions fail,2026-09-06 18:59:18,Fees,feedback form,2
elevator in engineering block was under maintenance during morning rush,2026-09-06 19:12:36,Facilities,email,2
Great workshop conducted by robotics club! Really learned a lot.,2026-09-06 19:13:26,Cleanliness,review,4
professors are approachable during designated office consultation hours,2026-09-06 19:28:37,Academics,feedback form,5
lab equipment for digital electronics is outdated and some kits are faulty,2026-09-06 19:29:15,Academics,feedback form,2
"Wi-Fi disconnects every 15 minutes during project work, unbearable!",2026-09-06 19:32:55,Wi-Fi/Internet,feedback form,1
digital library terminal mice are sticky and need replacement,2026-09-06 19:47:35,Library,survey,2
badminton court wooden flooring has been maintained in top shape,2026-09-06 19:49:50,Sports,support ticket,5
Hostel room switchboards are loose and maintenance hasn't fixed them yet.,2026-09-06 20:03:26,Hostel,survey,2
faculty feedback process is transparent and taken seriously by HOD,2026-09-06 20:06:55,Academics,survey,4
"street lights near basketball court are flickering, feels unsafe at night",2026-09-06 20:14:06,Security,feedback form,2
faculty feedback process is transparent and taken seriously by HOD,2026-09-06 20:15:08,Academics,support ticket,4
campus security personnel are vigilant and polite at main vehicle checkpost,2026-09-06 20:15:50,Security,email,5
"Hostel bathroom cleanliness is substandard, cleaning staff does not show up daily.",2026-09-06 20:17:58,Hostel,survey,2
campus grounds are kept remarkably green and litter-free,2026-09-06 20:47:31,Cleanliness,feedback form,5
Internet in common areas is completely unusable after the recent router update.,2026-09-06 20:56:33,Wi-Fi/Internet,email,2
Unable to attend online lab sessions because the Wi-Fi signal drops constantly.,2026-09-06 20:57:05,Wi-Fi/Internet,feedback form,2
campus grounds are kept remarkably green and litter-free,2026-09-06 21:05:03,Cleanliness,review,5
campus security personnel are vigilant and polite at main vehicle checkpost,2026-09-06 21:06:34,Security,email,5
Wi-Fi keeps kicking devices off the network every few minutes.,2026-09-06 21:30:15,Wi-Fi/Internet,support ticket,1
elevator in engineering block was under maintenance during morning rush,2026-09-06 21:35:00,Facilities,review,2
